Variant,Gene,Loading,Abs_Loading
178,CAGL0H09350g,0.788720883558828,0.788720883558828
315,CAGL0G01320g,-0.269978607250624,0.269978607250624
181,CAGL0H09350g,-0.14289778248863266,0.14289778248863266
397,CAGL0E03894g,-0.125845896704479,0.125845896704479
647,CaglfMp04,-0.1252697917432189,0.1252697917432189
880,nan,-0.11662687682271344,0.11662687682271344
29,nan,0.10942256787922955,0.10942256787922955
179,CAGL0H09350g,-0.10475613993586465,0.10475613993586465
185,CAGL0H09350g,-0.09808746118276798,0.09808746118276798
553,CAGL0A01738g,0.0874005838663816,0.0874005838663816
578,CAGL0F08943g,-0.08557541686360202,0.08557541686360202
600,CAGL0F05819g,-0.057910814585791566,0.057910814585791566
688,CAGL0M08228g,-0.047573331413693284,0.047573331413693284
642,CAGL0F00495g,0.04688626000706109,0.04688626000706109
239,CAGL0G10153g,0.046573266851534165,0.046573266851534165
501,CAGL0J07546g,0.045546589951609304,0.045546589951609304
598,CAGL0F06149g,-0.04474723179459417,0.04474723179459417
591,CAGL0F07315g,0.043585597844695276,0.043585597844695276
369,CAGL0E00737g,0.04347640815686163,0.04347640815686163
505,CAGL0J08162g,0.04273478861525989,0.04273478861525989
596,CAGL0F06149g,-0.042509761133623265,0.042509761133623265
186,CAGL0H09350g,-0.042117921686985214,0.042117921686985214
590,CAGL0F07315g,0.041944062341453495,0.041944062341453495
626,nan,0.041538361100834253,0.041538361100834253
572,CaglfMp02,0.04131341038066604,0.04131341038066604
237,CAGL0G10219g,-0.04094986295711927,0.04094986295711927
47,CAGL0K05731g,-0.04032463966302422,0.04032463966302422
597,CAGL0F06149g,-0.04027245827456188,0.04027245827456188
236,CAGL0G10219g,-0.03945551921173004,0.03945551921173004
112,CAGL0I04290g,-0.03905910649749228,0.03905910649749228
652,CAGL0M12837g,-0.038714388292587755,0.038714388292587755
552,CAGL0A01738g,-0.03728213566244541,0.03728213566244541
142,CAGL0I07997g,-0.036820485995516704,0.036820485995516704
769,CAGL0L10362g,0.03658662928047469,0.03658662928047469
830,CAGL0L02981g,-0.03654665810990335,0.03654665810990335
383,CAGL0E03366g,0.035634957074632836,0.035634957074632836
345,CAGL0D04708g,-0.03482219426642199,0.03482219426642199
211,nan,0.034568480310273146,0.034568480310273146
117,nan,0.03452283488579032,0.03452283488579032
75,nan,0.03441175429862411,0.03441175429862411
622,CAGL0F04015g,-0.034275206431283685,0.034275206431283685
548,nan,0.03417241218811808,0.03417241218811808
665,nan,0.03414518286313473,0.03414518286313473
113,CAGL0I04312g,-0.03408476286258494,0.03408476286258494
314,CAGL0G01386g,-0.03392639910132334,0.03392639910132334
425,CAGL0B04257g,0.03382359658909527,0.03382359658909527
90,CAGL0I00484g,0.03362241127642442,0.03362241127642442
717,nan,-0.03336205874102538,0.03336205874102538
881,nan,-0.033267523089490936,0.033267523089490936
574,nan,0.03306231333114663,0.03306231333114663
589,CAGL0F07315g,-0.03271621491917873,0.03271621491917873
3,CAGL0K12760g,0.032397804713721154,0.032397804713721154
299,CAGL0G03795g,-0.03236438591409747,0.03236438591409747
759,CAGL0L11704g,-0.031678832602137004,0.031678832602137004
683,CAGL0M08492g,-0.031530450134034264,0.031530450134034264
62,CAGL0K04411g,0.031227161804576364,0.031227161804576364
387,CAGL0E03476g,0.030896883042878232,0.030896883042878232
577,CAGL0F09053g,0.030739473627295306,0.030739473627295306
706,CAGL0M04829g,0.030599897666276094,0.030599897666276094
495,CAGL0J06996g,-0.030560249330596683,0.030560249330596683
549,nan,0.030069825407785574,0.030069825407785574
609,CAGL0F04587g,0.02991974535462138,0.02991974535462138
268,CAGL0G07579g,0.029620796381504097,0.029620796381504097
432,nan,0.029176853837655534,0.029176853837655534
193,CAGL0H08019g,0.02907966071074591,0.02907966071074591
183,CAGL0H09350g,0.02878588709254208,0.02878588709254208
255,CAGL0G09020g,-0.02873720590230851,0.02873720590230851
481,CAGL0J04642g,-0.028716776969439632,0.028716776969439632
27,nan,0.028678534778232158,0.028678534778232158
271,CAGL0G06358g,-0.028433773856721623,0.028433773856721623
143,nan,0.028289602065478033,0.028289602065478033
694,CAGL0M07001g,-0.028148479092450943,0.028148479092450943
541,nan,0.028047743504188424,0.028047743504188424
474,nan,-0.027988152656932934,0.027988152656932934
565,CAGL0A00187g,0.027360333253081674,0.027360333253081674
129,CAGL0I05764g,0.02724001708594461,0.02724001708594461
463,CAGL0J01529g,-0.02721109324466461,0.02721109324466461
94,CAGL0I01078g,0.02719980930395601,0.02719980930395601
690,nan,0.027060817026693877,0.027060817026693877
735,CAGL0M00924g,-0.027029192815677765,0.027029192815677765
417,CAGL0B04939g,0.027010865639682424,0.027010865639682424
322,nan,0.026568827532880045,0.026568827532880045
716,CAGL0M03531g,-0.026499429239919253,0.026499429239919253
661,CAGL0M12100g,0.026418054345259977,0.026418054345259977
613,nan,-0.02623229882601198,0.02623229882601198
438,CAGL0B02882g,0.02621931373290051,0.02621931373290051
127,CAGL0I05566g,0.026207681871441617,0.026207681871441617
288,CAGL0G04499g,0.02609437350907658,0.02609437350907658
795,CAGL0L06776g,-0.026038157897417986,0.026038157897417986
834,CAGL0L02475g,-0.026020138105017236,0.026020138105017236
723,nan,-0.02599093129095297,0.02599093129095297
262,CAGL0G08558g,0.02592451582544264,0.02592451582544264
4,CAGL0K12672g,-0.025818817660472736,0.025818817660472736
810,nan,-0.025707460586378,0.025707460586378
404,CAGL0E04774g,-0.02536496421030013,0.02536496421030013
849,CAGL0L00803g,-0.02535050707348952,0.02535050707348952
635,nan,0.025231790718168622,0.025231790718168622
433,CAGL0B03355g,0.024908338082920246,0.024908338082920246
612,nan,0.024908338082920246,0.024908338082920246
621,CAGL0F04015g,-0.02490161435400897,0.02490161435400897
424,CAGL0B04257g,-0.024867205244256067,0.024867205244256067
421,CAGL0B04895g,-0.02474823359488161,0.02474823359488161
517,nan,0.024631240738572324,0.024631240738572324
131,CAGL0I06138g,0.02456998541970568,0.02456998541970568
698,CAGL0M05599g,-0.024548895189442116,0.024548895189442116
651,CAGL0M13409g,-0.024286894571607782,0.024286894571607782
459,CAGL0J00539g,0.02427138585327569,0.02427138585327569
742,nan,-0.024029923666836983,0.024029923666836983
258,CAGL0G08888g,0.024006257921776023,0.024006257921776023
230,CAGL0H02123g,-0.02386946240938089,0.02386946240938089
354,CAGL0D06292g,0.023869241011488126,0.023869241011488126
703,nan,0.02276834574372109,0.02276834574372109
511,CAGL0J09658g,0.02240894153050046,0.02240894153050046
295,CAGL0G03927g,0.022266613356856098,0.022266613356856098
170,nan,0.02209458948911287,0.02209458948911287
608,CAGL0F04631g,0.022043712690936735,0.022043712690936735
876,CAGL0C05599g-P,-0.02204325688826479,0.02204325688826479
852,nan,-0.021805865533833083,0.021805865533833083
604,CAGL0F04939g,0.021628888390350008,0.021628888390350008
807,nan,-0.021591561473533454,0.021591561473533454
500,CAGL0J07282g,-0.0215451715501429,0.0215451715501429
283,nan,-0.02148501398705228,0.02148501398705228
858,nan,0.021445250055986003,0.021445250055986003
209,nan,0.021079540411983427,0.021079540411983427
87,CAGL0K00170g,0.020975411132979474,0.020975411132979474
875,CAGL0C05181g,-0.020922123994789366,0.020922123994789366
436,CAGL0B03113g,-0.020652555612742728,0.020652555612742728
72,CAGL0K03553g,-0.020418273139331432,0.020418273139331432
513,nan,-0.020209755821114853,0.020209755821114853
44,nan,-0.02020403566953501,0.02020403566953501
257,nan,0.02008924195412492,0.02008924195412492
80,nan,0.020013314695302258,0.020013314695302258
740,nan,0.019993128872449455,0.019993128872449455
617,nan,0.019903515458189042,0.019903515458189042
539,CAGL0A04103g,-0.019488740717759467,0.019488740717759467
92,CAGL0I00726g,0.01947727685284785,0.01947727685284785
384,nan,0.019468822400024115,0.019468822400024115
360,CAGL0D06710g,-0.019455288988621894,0.019455288988621894
152,CAGL0I10010g,-0.019424613593416403,0.019424613593416403
861,nan,-0.019288417648847377,0.019288417648847377
64,nan,-0.019100259291015893,0.019100259291015893
527,CAGL0J11858g,0.01904993707287998,0.01904993707287998
352,CAGL0D05544g,0.019045539787224557,0.019045539787224557
606,nan,-0.01898705511013924,0.01898705511013924
619,CAGL0F04125g,0.01875522446649392,0.01875522446649392
874,nan,0.018530403708210158,0.018530403708210158
595,nan,0.018527039720117742,0.018527039720117742
210,nan,-0.018521900796049266,0.018521900796049266
275,CAGL0G05786g,0.018443773935837644,0.018443773935837644
570,CaglfMt19,0.018443317616165904,0.018443317616165904
843,nan,-0.018205530325889566,0.018205530325889566
228,nan,-0.017992995483782668,0.017992995483782668
656,CAGL0M12474g,-0.017992995483782668,0.017992995483782668
601,nan,-0.017857558819758788,0.017857558819758788
244,nan,-0.017852581275505323,0.017852581275505323
473,nan,-0.017851270535927992,0.017851270535927992
853,CAGL0L00495g,0.0178391261603477,0.0178391261603477
684,CAGL0M08492g,0.017779544179887207,0.017779544179887207
526,nan,-0.01776720177927984,0.01776720177927984
36,CAGL0K07271g,0.017756365328754,0.017756365328754
65,nan,0.017620839507613006,0.017620839507613006
851,nan,-0.017395467335157292,0.017395467335157292
685,CAGL0M08492g,0.017300642492722597,0.017300642492722597
686,CAGL0M08492g,0.017300642492722597,0.017300642492722597
485,nan,0.017251095902377826,0.017251095902377826
52,CAGL0K04917g,0.017220628617007735,0.017220628617007735
60,CAGL0K04411g,-0.01716773764732828,0.01716773764732828
523,CAGL0J11638g,0.017079946323515414,0.017079946323515414
5,CAGL0K12276g,-0.016891359867526563,0.016891359867526563
482,CAGL0J04642g,0.016829898836721615,0.016829898836721615
66,CAGL0K04169g,-0.016714950171168398,0.016714950171168398
632,CAGL0F02035g,-0.016708608496922545,0.016708608496922545
242,CAGL0G09757g,-0.01667307337483853,0.01667307337483853
490,nan,0.016610365901334162,0.016610365901334162
329,nan,0.01660549229971194,0.01660549229971194
25,CAGL0K08052g,0.01660549229971194,0.01660549229971194
454,nan,0.016492934021921472,0.016492934021921472
270,CAGL0G06358g,0.016491902691002876,0.016491902691002876
682,nan,-0.016435222684530224,0.016435222684530224
319,CAGL0G01078g-T-E2,0.01641947370375677,0.01641947370375677
180,CAGL0H09350g,-0.01638653218268313,0.01638653218268313
110,CAGL0I03828g,0.01638407797612729,0.01638407797612729
298,CAGL0G03795g,0.016380074982835332,0.016380074982835332
358,CAGL0D06710g,0.016296571462002068,0.016296571462002068
341,nan,0.016292321806360106,0.016292321806360106
779,CAGL0L08976g,0.01622155409343692,0.01622155409343692
741,CAGL0M00286g,0.01606986339757683,0.01606986339757683
207,nan,-0.016068379554930342,0.016068379554930342
444,nan,0.01606141527597073,0.01606141527597073
123,CAGL0I05060g,0.016028571253442515,0.016028571253442515
761,nan,-0.015989075056468703,0.015989075056468703
862,CAGL0C02541g,-0.015955259280009165,0.015955259280009165
536,nan,0.015941336373068958,0.015941336373068958
768,CAGL0L10406g,0.015941336373068958,0.015941336373068958
361,nan,0.01589752099975364,0.01589752099975364
144,CAGL0I08459g,0.01583985198782007,0.01583985198782007
605,nan,0.01573150853305844,0.01573150853305844
863,CAGL0C02541g,-0.015695063329330208,0.015695063329330208
414,CAGL0E05962g,-0.015661455617248687,0.015661455617248687
227,nan,-0.015644277066365335,0.015644277066365335
623,CAGL0F04015g,-0.01553969087473312,0.01553969087473312
69,nan,0.015503373466953983,0.015503373466953983
755,nan,0.015488174844942384,0.015488174844942384
50,CAGL0K05335g,-0.015467242873916596,0.015467242873916596
282,nan,-0.01544988083726989,0.01544988083726989
39,CAGL0K06743g,-0.015331805791026042,0.015331805791026042
357,nan,0.015328192722819791,0.015328192722819791
150,nan,0.015288656361635147,0.015288656361635147
308,CAGL0G02937g,0.015288354763926381,0.015288354763926381
814,nan,0.015128059466352333,0.015128059466352333
158,nan,0.014975828737180924,0.014975828737180924
286,CAGL0G04763g,-0.014863264071185664,0.014863264071185664
126,CAGL0I05500g,0.014863111945060193,0.014863111945060193
266,CAGL0G07689g,0.01483926238520929,0.01483926238520929
400,CAGL0E04158g,-0.014823992893608834,0.014823992893608834
346,CAGL0D05082g,0.014818838125058962,0.014818838125058962
699,nan,0.01476048188123387,0.01476048188123387
41,nan,0.014719434836282236,0.014719434836282236
362,CAGL0E00231g,0.014682767866415163,0.014682767866415163
744,CAGL0M00132g-T-E1,0.014648469639104282,0.014648469639104282
666,CAGL0M12001g,-0.014638697380224662,0.014638697380224662
430,CAGL0B03663g,-0.014632803412264231,0.014632803412264231
128,nan,0.014586086543069423,0.014586086543069423
175,nan,0.014580544046922857,0.014580544046922857
307,CAGL0G02959g,0.014571326412833577,0.014571326412833577
805,CAGL0L05918g,0.014571326412833577,0.014571326412833577
265,CAGL0G08041g,-0.014565349716090019,0.014565349716090019
294,nan,-0.014546018164816385,0.014546018164816385
877,CAGL0C05599g-P,0.014503794172885455,0.014503794172885455
538,CAGL0A04213g,-0.014501441017031828,0.014501441017031828
340,CAGL0D03586g,-0.014472291331452588,0.014472291331452588
514,CAGL0J09922g-T-E1,-0.014417766335958641,0.014417766335958641
464,CAGL0J01529g,0.014405464197755723,0.014405464197755723
616,nan,0.014404790813409774,0.014404790813409774
816,CAGL0L05456g,0.014364838021378503,0.014364838021378503
506,CAGL0J08228g,-0.014347216608300548,0.014347216608300548
391,nan,-0.014329697688148369,0.014329697688148369
401,CAGL0E04268g,0.014202415030332639,0.014202415030332639
115,CAGL0I04752g,-0.014115740881720027,0.014115740881720027
162,CAGL0I10945g,-0.01409355937071328,0.01409355937071328
427,CAGL0B04191g,0.014035409026319737,0.014035409026319737
848,CAGL0L01111g,-0.014013721661713616,0.014013721661713616
502,CAGL0J07678g,0.013986307385614901,0.013986307385614901
636,CAGL0F01243g,0.013929671321840283,0.013929671321840283
662,CAGL0M12100g,0.013902240184248776,0.013902240184248776
398,CAGL0E03916g,-0.013872535027773227,0.013872535027773227
212,CAGL0H04631g,0.013837877038642511,0.013837877038642511
84,CAGL0K00913g,0.013821860478218144,0.013821860478218144
18,CAGL0K09746g,-0.013813024022671944,0.013813024022671944
56,nan,-0.01380875354406119,0.01380875354406119
727,CAGL0M01914g,-0.013780096470402113,0.013780096470402113
736,nan,-0.01373206002572808,0.01373206002572808
725,CAGL0M01914g,-0.013690676277981975,0.013690676277981975
449,CAGL0B00550g-T-E1,0.013682932152905836,0.013682932152905836
111,CAGL0I04246g,0.013650163886450009,0.013650163886450009
263,CAGL0G08558g,-0.013645252573002883,0.013645252573002883
785,CAGL0L08624g,0.01362096046932799,0.01362096046932799
864,CAGL0C02893g,-0.013605655082091933,0.013605655082091933
767,nan,0.013599904651978006,0.013599904651978006
203,CAGL0H05511g-T-E1,0.013598720126265049,0.013598720126265049
14,CAGL0K10626g,0.01358640245735735,0.01358640245735735
78,CAGL0K02035g,0.013541336604026217,0.013541336604026217
229,nan,0.013520117419578521,0.013520117419578521
161,CAGL0I10923g,0.013519657087139402,0.013519657087139402
705,nan,0.01351799914430596,0.01351799914430596
225,CAGL0H02959g,-0.013512797194972097,0.013512797194972097
879,nan,-0.013501922733481345,0.013501922733481345
866,CAGL0C03267g,0.01343376416158521,0.01343376416158521
46,nan,0.013369581692137483,0.013369581692137483
811,nan,-0.013356491316352368,0.013356491316352368
836,CAGL0L02453g,-0.013333780734639224,0.013333780734639224
471,CAGL0J01980g,-0.013318384096538053,0.013318384096538053
122,nan,-0.013317598545669183,0.013317598545669183
386,nan,-0.013306993881543131,0.013306993881543131
641,CAGL0F00495g,-0.013208458809699033,0.013208458809699033
21,CAGL0K08712g,-0.013208458809699033,0.013208458809699033
696,nan,0.0132000262556175,0.0132000262556175
157,nan,0.0132000262556175,0.0132000262556175
743,CAGL0M00220g,0.0132000262556175,0.0132000262556175
776,CAGL0L09801g,-0.013197955784211842,0.013197955784211842
460,nan,-0.01317039228078109,0.01317039228078109
356,CAGL0D06424g,0.013137699840498243,0.013137699840498243
240,CAGL0G10109g,-0.013111698556335627,0.013111698556335627
478,CAGL0J03256g,-0.013053676336441174,0.013053676336441174
801,nan,0.013043220222392501,0.013043220222392501
754,CAGL0L12056g,0.012995576678030476,0.012995576678030476
594,nan,0.012939383467315409,0.012939383467315409
53,CAGL0K04697g,0.01293357272808911,0.01293357272808911
611,nan,-0.01292729849762809,0.01292729849762809
34,CAGL0K07293g,-0.012915870468314427,0.012915870468314427
342,nan,-0.012907826282725524,0.012907826282725524
780,CAGL0L08976g,-0.012898820509377646,0.012898820509377646
535,CAGL0A04785g,-0.012898820509377646,0.012898820509377646
659,CAGL0M12320g,0.012896414880603044,0.012896414880603044
267,CAGL0G07667g,-0.01286817116751904,0.01286817116751904
238,nan,-0.012836312529540296,0.012836312529540296
40,CAGL0K06347g,-0.012810490134590511,0.012810490134590511
109,CAGL0I03828g,0.012793530317537471,0.012793530317537471
26,CAGL0K08008g,0.01274988256139799,0.01274988256139799
747,nan,-0.012744387222894588,0.012744387222894588
202,CAGL0H05511g-T-E1,0.012685396085784771,0.012685396085784771
284,nan,0.012650463234937308,0.012650463234937308
673,CAGL0M10235g,0.012611789004848844,0.012611789004848844
344,nan,0.012610245422880185,0.012610245422880185
704,nan,0.012606716221960274,0.012606716221960274
71,CAGL0K03861g,-0.012585143210800594,0.012585143210800594
554,CAGL0A01738g,-0.012531536036403229,0.012531536036403229
748,nan,0.012525101172296427,0.012525101172296427
1,nan,-0.012484672268900758,0.012484672268900758
415,CAGL0E06160g,0.01246669146363875,0.01246669146363875
385,nan,-0.012449382066997035,0.012449382066997035
250,nan,-0.012404762661591193,0.012404762661591193
7,CAGL0K11902g,-0.012395162270842797,0.012395162270842797
216,CAGL0H04367g,0.01239472344308586,0.01239472344308586
528,nan,0.01239472344308586,0.01239472344308586
327,nan,0.01239435649771545,0.01239435649771545
177,CAGL0H09350g,-0.012348976741241578,0.012348976741241578
423,CAGL0B04389g,0.012329583887782259,0.012329583887782259
487,nan,-0.012327062520114156,0.012327062520114156
99,nan,0.012293970600609471,0.012293970600609471
579,CAGL0F08393g,0.01225262418437899,0.01225262418437899
752,nan,0.012199904726309673,0.012199904726309673
198,CAGL0H06567g,0.012199904726309673,0.012199904726309673
332,CAGL0D01298g,0.012155732562999465,0.012155732562999465
498,CAGL0J07282g,-0.012090785399886393,0.012090785399886393
654,CAGL0M12595g,-0.012090785399886393,0.012090785399886393
234,nan,-0.012011352262655385,0.012011352262655385
306,nan,0.012007927976729013,0.012007927976729013
479,nan,-0.011995330322521779,0.011995330322521779
488,nan,-0.011991768318241305,0.011991768318241305
763,nan,0.011970783343149547,0.011970783343149547
561,CAGL0A01023g,0.011956002279801719,0.011956002279801719
637,CAGL0F01243g,-0.011912098857496672,0.011912098857496672
96,CAGL0I01342g,-0.01186690944383703,0.01186690944383703
599,nan,-0.011844758930851452,0.011844758930851452
89,nan,-0.011838503896817681,0.011838503896817681
660,nan,-0.011824001567777215,0.011824001567777215
781,CAGL0L08932g,0.011810549807657764,0.011810549807657764
164,CAGL0H10626g,0.011707775225428183,0.011707775225428183
525,CAGL0J11660g,-0.01170703581850566,0.01170703581850566
104,CAGL0I03322g,-0.01170703581850566,0.01170703581850566
151,nan,-0.01169905550020728,0.01169905550020728
519,nan,-0.011695891790423693,0.011695891790423693
406,CAGL0E04796g,0.011687354948172959,0.011687354948172959
231,nan,-0.011674483461710456,0.011674483461710456
297,CAGL0G03861g,0.011669183960605392,0.011669183960605392
166,CAGL0H10604g,-0.011652835801744485,0.011652835801744485
390,CAGL0E03630g,0.011642714220103406,0.011642714220103406
670,CAGL0M11704g,0.01158984919561255,0.01158984919561255
366,nan,0.01158984919561255,0.01158984919561255
82,CAGL0K01353g,0.011585366209127862,0.011585366209127862
458,CAGL0J00451g,0.011585366209127862,0.011585366209127862
289,nan,0.011585366209127862,0.011585366209127862
664,nan,-0.01154888235001348,0.01154888235001348
138,nan,0.011532269302046082,0.011532269302046082
562,CAGL0A00605g,0.011497945739657556,0.011497945739657556
381,CAGL0E02893g,-0.01149541453573088,0.01149541453573088
695,CAGL0M06325g,0.011448819181993825,0.011448819181993825
615,CAGL0F04257g,0.011417357665050339,0.011417357665050339
13,CAGL0K10879g,-0.011416288791993776,0.011416288791993776
680,CAGL0M08800g,-0.011416288791993776,0.011416288791993776
821,CAGL0L04598g,-0.011401504454650022,0.011401504454650022
831,CAGL0L02871g,-0.011392233066083546,0.011392233066083546
331,nan,0.011361976903996342,0.011361976903996342
618,CAGL0F04125g,-0.011359356067203785,0.011359356067203785
803,CAGL0L06138g,-0.011356689298917368,0.011356689298917368
174,nan,0.0113323234332214,0.0113323234332214
751,CAGL0L12936g,0.011321935625562904,0.011321935625562904
277,CAGL0G05720g,-0.0113114241595348,0.0113114241595348
793,nan,0.011285025332543058,0.011285025332543058
108,CAGL0I03806g,0.011266739166126959,0.011266739166126959
121,CAGL0I05016g,-0.011251576961827638,0.011251576961827638
649,CAGL0M13761g,-0.011251576961827638,0.011251576961827638
563,CAGL0A00451g,-0.011251576961827638,0.011251576961827638
844,CAGL0L01485g,0.011207725160064498,0.011207725160064498
219,CAGL0H03509g,0.011207725160064498,0.011207725160064498
476,CAGL0J03190g,-0.01117149794812638,0.01117149794812638
470,nan,-0.011168793401547422,0.011168793401547422
468,CAGL0J01595g,-0.011141831714345001,0.011141831714345001
731,nan,0.011129391844974969,0.011129391844974969
347,CAGL0D05148g,0.011085846630932844,0.011085846630932844
300,CAGL0G03795g,-0.011063851099479017,0.011063851099479017
296,CAGL0G03883g,0.011063235095143032,0.011063235095143032
603,CAGL0F05115g,0.010995238647570698,0.010995238647570698
176,CAGL0H09350g,-0.010967626292900871,0.010967626292900871
715,CAGL0M03531g,0.010966687845826448,0.010966687845826448
222,CAGL0H03047g,-0.01096244464510245,0.01096244464510245
67,nan,-0.010896216991911156,0.010896216991911156
491,nan,-0.010877661777469507,0.010877661777469507
838,nan,-0.010829197023354203,0.010829197023354203
645,CAGL0F00275g,0.010786336420041053,0.010786336420041053
824,CAGL0L03916g,-0.010751828081612966,0.010751828081612966
77,CAGL0K02563g,-0.010749017091148047,0.010749017091148047
480,CAGL0J04466g,-0.010749017091148047,0.010749017091148047
337,CAGL0D02222g,0.01073846351127305,0.01073846351127305
305,CAGL0G03289g,-0.010722065968916075,0.010722065968916075
653,CAGL0M12771g,0.010720135966755725,0.010720135966755725
338,nan,-0.010710795881938689,0.010710795881938689
829,CAGL0L03113g,-0.010660353572658498,0.010660353572658498
531,nan,-0.010653172309508328,0.010653172309508328
753,CAGL0L12122g,-0.010632750861677982,0.010632750861677982
86,CAGL0K00319g,-0.010556306519763683,0.010556306519763683
20,CAGL0K09240g,-0.010528553532916832,0.010528553532916832
859,CAGL0C02255g,0.010514530401628138,0.010514530401628138
91,nan,-0.010487619342333823,0.010487619342333823
497,CAGL0J07062g,-0.010475689941806907,0.010475689941806907
192,CAGL0H08107g,-0.01046883694197151,0.01046883694197151
276,CAGL0G05786g,-0.010454861345079357,0.010454861345079357
304,CAGL0G03289g,-0.01041161572585273,0.01041161572585273
269,CAGL0G06446g,0.010398961638243017,0.010398961638243017
325,CAGL0D00264g,-0.010356603132156115,0.010356603132156115
646,nan,0.010351506773852331,0.010351506773852331
252,CAGL0G09086g,-0.010342078585523823,0.010342078585523823
493,CAGL0J06314g,-0.010337972389498323,0.010337972389498323
368,CAGL0E00693g,-0.010323034018721382,0.010323034018721382
846,nan,-0.010307900497240372,0.010307900497240372
625,CAGL0F03751g,0.01027140155857766,0.01027140155857766
339,CAGL0D02904g,-0.010239334737661556,0.010239334737661556
437,CAGL0B03047g,-0.010233939429752164,0.010233939429752164
677,CAGL0M09361g,-0.01022272860639175,0.01022272860639175
205,CAGL0H05423g,0.01021325115183207,0.01021325115183207
79,CAGL0K01925g,-0.010210421501262728,0.010210421501262728
301,CAGL0G03773g,-0.010182814398759607,0.010182814398759607
394,nan,-0.01017808007201106,0.01017808007201106
411,nan,-0.01016528639104355,0.01016528639104355
465,nan,-0.010161346686063789,0.010161346686063789
235,nan,0.010156437484872624,0.010156437484872624
823,CAGL0L03916g,0.010140126089966603,0.010140126089966603
679,nan,0.010129345977564113,0.010129345977564113
469,CAGL0J01595g,0.010118127709947508,0.010118127709947508
434,CAGL0B03223g,-0.010108554828824513,0.010108554828824513
708,CAGL0M04499g,-0.01010209530359353,0.01010209530359353
581,nan,0.010098069597761269,0.010098069597761269
233,nan,0.010037271896677698,0.010037271896677698
504,CAGL0J07854g,-0.010008963639318288,0.010008963639318288
15,CAGL0K10142g,0.009993755026119239,0.009993755026119239
820,nan,-0.009984367760191936,0.009984367760191936
326,CAGL0D00264g,-0.009981719611005704,0.009981719611005704
835,CAGL0L02453g,0.009919579450243025,0.009919579450243025
450,CAGL0B00550g,0.009876686931345066,0.009876686931345066
518,nan,0.009876686931345066,0.009876686931345066
522,CAGL0J11638g,-0.00983377391725172,0.00983377391725172
777,nan,0.00983374447530699,0.00983374447530699
461,nan,0.009812956557521492,0.009812956557521492
542,nan,0.009794471694872357,0.009794471694872357
363,nan,-0.009737432530525792,0.009737432530525792
489,CAGL0J05654g,-0.00973701754980205,0.00973701754980205
842,nan,0.009716368901083992,0.009716368901083992
201,CAGL0H05511g-T-E1,0.009711480531924353,0.009711480531924353
359,CAGL0D06710g,0.009694764615868776,0.009694764615868776
719,CAGL0M03069g,-0.009669106456076446,0.009669106456076446
545,CAGL0A02838g,0.009658151001676598,0.009658151001676598
860,CAGL0C02343g,0.009658151001676598,0.009658151001676598
733,CAGL0M01364g,0.009658151001676598,0.009658151001676598
547,CAGL0A02321g,-0.009642746494087251,0.009642746494087251
378,CAGL0E02057g,0.00962663267223778,0.00962663267223778
530,CAGL0M14300g,-0.009621307179479443,0.009621307179479443
133,nan,-0.009613677639806585,0.009613677639806585
540,nan,0.009591953614405388,0.009591953614405388
631,nan,0.009558992816483806,0.009558992816483806
293,CAGL0G03971g,-0.009541853224541498,0.009541853224541498
520,CAGL0J11528g,0.009496957048183126,0.009496957048183126
68,nan,0.009443631191684761,0.009443631191684761
602,nan,0.009443631191684761,0.009443631191684761
643,CAGL0F00495g,-0.00941798505154076,0.00941798505154076
691,CAGL0M07315g,-0.009409492073941908,0.009409492073941908
377,CAGL0E02057g,0.009388898604728853,0.009388898604728853
580,CAGL0F08371g,0.009385529150911634,0.009385529150911634
789,nan,-0.009376263502709403,0.009376263502709403
457,CAGL0J00429g,-0.00930360610932483,0.00930360610932483
765,CAGL0L10670g,-0.009299707696505321,0.009299707696505321
837,nan,-0.009282376736523084,0.009282376736523084
136,CAGL0I07447g,0.009274459282335624,0.009274459282335624
114,CAGL0I04422g,0.009273311400183643,0.009273311400183643
712,CAGL0M04235g,0.009271777366089091,0.009271777366089091
718,CAGL0M03355g,0.00923829051777816,0.00923829051777816
435,nan,0.00923829051777816,0.00923829051777816
462,CAGL0J00968g,-0.009205835696040793,0.009205835696040793
273,nan,0.009188315221314136,0.009188315221314136
689,nan,-0.00916619072497082,0.00916619072497082
88,CAGL0K00170g,-0.009153446146348557,0.009153446146348557
674,CAGL0M10219g,0.009147885750912296,0.009147885750912296
657,CAGL0M12430g,-0.009113786452866838,0.009113786452866838
2,nan,-0.009085529413671918,0.009085529413671918
567,CAGL0A00099g,-0.009073647065355737,0.009073647065355737
726,CAGL0M01914g,0.00905366771234902,0.00905366771234902
857,nan,0.009033580841333292,0.009033580841333292
172,CAGL0H09856g,0.009022943283918559,0.009022943283918559
309,nan,-0.009021534059230297,0.009021534059230297
713,CAGL0M03949g,0.008996494383174911,0.008996494383174911
396,CAGL0E03894g,-0.008962075954812375,0.008962075954812375
640,nan,-0.00894937923815504,0.00894937923815504
49,CAGL0K05335g,-0.008935156238390644,0.008935156238390644
6,CAGL0K12276g,-0.008926886060657536,0.008926886060657536
11,nan,-0.008926860685784218,0.008926860685784218
191,CAGL0H08129g,-0.008899659750079189,0.008899659750079189
655,CAGL0M12474g,-0.008899024370535294,0.008899024370535294
245,nan,0.008868745298346912,0.008868745298346912
868,nan,-0.00886787702456136,0.00886787702456136
35,CAGL0K07293g,-0.008860544758279422,0.008860544758279422
316,CAGL0G01320g,-0.008860544758279422,0.008860544758279422
701,nan,-0.008831259072827965,0.008831259072827965
873,nan,0.008810419753806503,0.008810419753806503
200,CAGL0H05621g,-0.008804973713640646,0.008804973713640646
155,CAGL0I10200g,0.00879225249763667,0.00879225249763667
140,CAGL0I07837g,0.008761995345355732,0.008761995345355732
292,CAGL0G03971g,0.008737168354566612,0.008737168354566612
583,CAGL0F08041g,0.008733134584768364,0.008733134584768364
639,nan,0.008642082052285576,0.008642082052285576
760,nan,-0.008635156971597184,0.008635156971597184
533,CAGL0A04829g,-0.008618068620057163,0.008618068620057163
867,CAGL0C03267g,0.00861760917335136,0.00861760917335136
285,nan,0.008603461945541277,0.008603461945541277
348,CAGL0D05434g,0.008603105722609158,0.008603105722609158
672,CAGL0M10307g,-0.008597946139634579,0.008597946139634579
182,CAGL0H09350g,-0.008597946139634579,0.008597946139634579
762,CAGL0L11066g,-0.008561253421533948,0.008561253421533948
429,CAGL0B03839g,0.008518517615541196,0.008518517615541196
784,CAGL0L08646g,-0.008510491959506634,0.008510491959506634
671,CAGL0M11264g,0.00849920007891566,0.00849920007891566
281,CAGL0G05423g,-0.008493817900588542,0.008493817900588542
758,CAGL0L11770g,0.008450130425160641,0.008450130425160641
167,CAGL0H10164g,0.008446980341090168,0.008446980341090168
246,nan,0.00840327779409733,0.00840327779409733
854,nan,-0.00839813718099991,0.00839813718099991
804,nan,0.008395892131216902,0.008395892131216902
787,nan,-0.008360346626448474,0.008360346626448474
466,nan,0.008357196634215055,0.008357196634215055
644,nan,0.008357196634215055,0.008357196634215055
799,CAGL0L06358g,-0.008345949944212807,0.008345949944212807
413,CAGL0E05874g,-0.008345949944212807,0.008345949944212807
700,nan,0.00831458147484219,0.00831458147484219
93,nan,-0.008276751436935428,0.008276751436935428
100,nan,0.008274535987573928,0.008274535987573928
58,nan,-0.008269841774394127,0.008269841774394127
484,nan,0.008249827367539217,0.008249827367539217
312,nan,-0.008220036602502666,0.008220036602502666
17,CAGL0K10076g,0.008216509539800231,0.008216509539800231
350,nan,-0.008215990679959918,0.008215990679959918
195,CAGL0H06985g,0.008204387047381002,0.008204387047381002
582,CAGL0F08041g,0.008172026523641737,0.008172026523641737
627,CAGL0F03399g,-0.008166408351091326,0.008166408351091326
184,CAGL0H09350g,-0.008143922096962469,0.008143922096962469
403,nan,0.008125223114540494,0.008125223114540494
855,CAGL0C00110g-T-E2,0.00802988978598889,0.00802988978598889
134,CAGL0I06809g,-0.00798502218374502,0.00798502218374502
54,CAGL0K04697g,0.00795412815466624,0.00795412815466624
709,CAGL0M04477g,-0.007952291653038164,0.007952291653038164
410,nan,0.00794160158923292,0.00794160158923292
693,CAGL0M07161g,0.00794160158923292,0.00794160158923292
557,nan,0.007924136666273014,0.007924136666273014
223,CAGL0H02959g,0.007914130873485943,0.007914130873485943
428,CAGL0B04169g,0.007895954220719837,0.007895954220719837
351,CAGL0D05456g,-0.00789236039750211,0.00789236039750211
707,nan,-0.007868159881634045,0.007868159881634045
797,CAGL0L06644g,-0.007856691508134735,0.007856691508134735
566,CAGL0A00099g,-0.007836900089855851,0.007836900089855851
278,CAGL0G05698g,0.007808046666533786,0.007808046666533786
869,nan,-0.007797306677791037,0.007797306677791037
737,CAGL0M00814g,0.007779455973736932,0.007779455973736932
189,nan,-0.007766106416950886,0.007766106416950886
173,CAGL0H09834g,-0.007749756413754437,0.007749756413754437
757,CAGL0L11770g,0.007728717907454092,0.007728717907454092
778,CAGL0L09251g,-0.007723758766422551,0.007723758766422551
764,nan,-0.007720846176601907,0.007720846176601907
856,CAGL0C01199g,0.007701336558016396,0.007701336558016396
38,CAGL0K06831g,0.007701336558016396,0.007701336558016396
42,CAGL0K06083g,-0.007673913745699878,0.007673913745699878
336,nan,-0.007673913745699878,0.007673913745699878
586,nan,-0.007626680799719952,0.007626680799719952
624,CAGL0F03971g,0.0075934174595945455,0.0075934174595945455
171,CAGL0H10010g,-0.0075807565194574815,0.0075807565194574815
756,nan,-0.007534748946957589,0.007534748946957589
806,nan,-0.0075342800746787675,0.0075342800746787675
850,CAGL0L00627g,-0.007507121063644408,0.007507121063644408
321,CAGL0G00836g,-0.0075067227294887155,0.0075067227294887155
374,CAGL0E01617g,0.007483780582975758,0.007483780582975758
106,CAGL0I03454g,-0.007445050618314822,0.007445050618314822
629,nan,-0.007445050618314822,0.007445050618314822
798,nan,-0.007427961016875598,0.007427961016875598
259,CAGL0G08822g,-0.007415921868375607,0.007415921868375607
105,CAGL0I03454g,-0.00739989719660875,0.00739989719660875
878,nan,-0.007323010860420371,0.007323010860420371
199,nan,0.0073161424101093105,0.0073161424101093105
638,CAGL0F00913g,0.007312664239765247,0.007312664239765247
23,CAGL0K08360g,-0.007309898255883372,0.007309898255883372
749,CAGL0L13090g,-0.007295677669808872,0.007295677669808872
159,nan,0.007227518287507852,0.007227518287507852
119,nan,-0.0072049021049764034,0.0072049021049764034
678,CAGL0M09020g,-0.0072049021049764034,0.0072049021049764034
521,CAGL0J11550g,-0.007188374026491428,0.007188374026491428
728,CAGL0M01848g,-0.007180062369700856,0.007180062369700856
575,CAGL0F09119g,0.007169336020665851,0.007169336020665851
169,CAGL0H10032g,-0.007103102338090609,0.007103102338090609
559,CAGL0A01540g,0.00709962195491342,0.00709962195491342
160,nan,0.007085971648332527,0.007085971648332527
323,nan,0.007085971648332527,0.007085971648332527
620,CAGL0F04015g,0.007084383127036489,0.007084383127036489
524,CAGL0J11660g,-0.007063514688140359,0.007063514688140359
218,nan,-0.007037537679842452,0.007037537679842452
568,CAGL0A00099g,-0.007019608944015139,0.007019608944015139
422,CAGL0B04895g,0.007001634701985625,0.007001634701985625
373,CAGL0E01331g,-0.006999905553493119,0.006999905553493119
828,CAGL0L03289g,-0.006999905553493119,0.006999905553493119
103,nan,0.006957219310874494,0.006957219310874494
22,CAGL0K08690g,-0.006938201575794777,0.006938201575794777
324,nan,-0.006906563810305557,0.006906563810305557
139,CAGL0I07837g,-0.006906563810305557,0.006906563810305557
544,CAGL0A03051g,-0.006906563810305557,0.006906563810305557
328,nan,0.006905050357260984,0.006905050357260984
841,CAGL0L01771g,0.006814038886558593,0.006814038886558593
509,CAGL0J09064g,0.006795040069309122,0.006795040069309122
512,CAGL0J09900g,0.006779582492929676,0.006779582492929676
633,CAGL0F01727g,0.006771039575073303,0.006771039575073303
118,CAGL0I04972g,-0.00676829281007877,0.00676829281007877
687,CAGL0M08228g,0.006711533402467362,0.006711533402467362
247,CAGL0G09537g,0.006691594896281498,0.006691594896281498
710,CAGL0M04389g,0.006689649945352938,0.006689649945352938
720,CAGL0M03025g,0.006656196114491712,0.006656196114491712
822,CAGL0L04026g,-0.006653654688695192,0.006653654688695192
125,CAGL0I05082g,-0.00665304296550788,0.00665304296550788
750,CAGL0L12936g,0.0066478211826332565,0.0066478211826332565
431,CAGL0B03619g,0.0066238112683793616,0.0066238112683793616
382,CAGL0E03355g,-0.0066144651812599185,0.0066144651812599185
375,nan,-0.006574347349632535,0.006574347349632535
773,CAGL0L10043g,-0.0065691517995760396,0.0065691517995760396
871,nan,-0.006514475129128453,0.006514475129128453
63,nan,-0.006485243866458807,0.006485243866458807
303,nan,0.006475632090301357,0.006475632090301357
775,CAGL0L09845g,-0.006447290723611162,0.006447290723611162
667,CAGL0M11990g,-0.006427423357470996,0.006427423357470996
12,nan,0.00641860663162108,0.00641860663162108
214,CAGL0H04609g,0.006414669071122076,0.006414669071122076
61,CAGL0K04411g,-0.0063948935887701746,0.0063948935887701746
455,CAGL0J00253g,-0.0063948935887701746,0.0063948935887701746
426,nan,-0.006381535773530407,0.006381535773530407
451,CAGL0B00308g,-0.006375209980328847,0.006375209980328847
782,CAGL0L08822g,0.006358849067425201,0.006358849067425201
452,CAGL0J00132g,0.006358849067425201,0.006358849067425201
302,nan,0.006347758193328223,0.006347758193328223
813,nan,-0.006330089917343406,0.006330089917343406
208,nan,-0.006316987938518181,0.006316987938518181
453,CAGL0J00132g,0.006304004085626962,0.006304004085626962
418,CAGL0B04895g-T-E2,-0.00627865670102717,0.00627865670102717
492,CAGL0J06006g,0.006260062670269427,0.006260062670269427
215,CAGL0H04521g,0.006250134125727357,0.006250134125727357
333,CAGL0D01298g,-0.00623305109006,0.00623305109006
261,nan,-0.00623305109006,0.00623305109006
274,CAGL0G05962g,-0.006192995099318481,0.006192995099318481
74,CAGL0K03399g,-0.00614494956850618,0.00614494956850618
734,CAGL0M00990g,-0.006116548113543975,0.006116548113543975
551,nan,-0.006116548113543975,0.006116548113543975
477,nan,-0.006116548113543975,0.006116548113543975
815,nan,-0.006114524266523883,0.006114524266523883
791,CAGL0L07854g,-0.00609916516706857,0.00609916516706857
147,CAGL0I08789g,-0.006094045173435341,0.006094045173435341
98,nan,-0.00607170130766075,0.00607170130766075
85,CAGL0K00473g,-0.006060861151460977,0.006060861151460977
467,nan,0.006046072438188917,0.006046072438188917
610,CAGL0F04565g,0.006037519615126601,0.006037519615126601
714,nan,-0.00595609409923073,0.00595609409923073
81,CAGL0K01683g,0.0059377400039445985,0.0059377400039445985
224,CAGL0H02959g,0.005921953081383286,0.005921953081383286
248,nan,-0.0059145198742070705,0.0059145198742070705
243,CAGL0G09757g,-0.0059054761087037255,0.0059054761087037255
448,CAGL0B00814g,-0.0058862277074705795,0.0058862277074705795
30,nan,0.005883495898844191,0.005883495898844191
33,CAGL0K07293g,-0.005877652732150693,0.005877652732150693
395,CAGL0E03872g,-0.00583650069667143,0.00583650069667143
774,CAGL0L09911g,-0.005827120169094504,0.005827120169094504
16,CAGL0K10142g,-0.005820132222283381,0.005820132222283381
840,CAGL0L01771g,-0.005801355548225467,0.005801355548225467
503,nan,0.005797273226843282,0.005797273226843282
188,CAGL0H08866g,0.005777851463292325,0.005777851463292325
120,CAGL0I05016g,0.005757163985081007,0.005757163985081007
486,nan,-0.005755487108244487,0.005755487108244487
442,CAGL0B02211g,-0.005755487108244487,0.005755487108244487
241,CAGL0G09757g,0.005748749816365488,0.005748749816365488
107,CAGL0I03454g,-0.005719386822790179,0.005719386822790179
313,CAGL0G02409g,-0.005686754771344326,0.005686754771344326
408,nan,-0.005656813977532404,0.005656813977532404
826,CAGL0L03916g,0.005592952891493863,0.005592952891493863
419,CAGL0B04895g-T-E2,-0.00552627471765665,0.00552627471765665
371,nan,-0.005514839074164344,0.005514839074164344
663,CAGL0M12056g,-0.00551047798211953,0.00551047798211953
529,nan,-0.005489270607444142,0.005489270607444142
197,CAGL0H06567g,-0.005483694772286551,0.005483694772286551
722,nan,-0.005461970634956451,0.005461970634956451
558,CAGL0A01540g,-0.005449268253623886,0.005449268253623886
379,CAGL0E02255g,-0.005436947967343748,0.005436947967343748
10,CAGL0K11440g,-0.005408322407670123,0.005408322407670123
825,CAGL0L03916g,-0.005393461879396175,0.005393461879396175
445,CAGL0B01353g,-0.005317931587781206,0.005317931587781206
311,CAGL0G02717g,-0.0053089533761719,0.0053089533761719
251,CAGL0G09273g,-0.005296829522684904,0.005296829522684904
24,CAGL0K08162g,-0.0052582943347691076,0.0052582943347691076
367,CAGL0E00693g,-0.005179896958244375,0.005179896958244375
213,CAGL0H04609g,-0.005175064757874038,0.005175064757874038
318,nan,-0.005154278719840516,0.005154278719840516
310,nan,-0.005134514587080398,0.005134514587080398
515,CAGL0J10120g,-0.005133735656298887,0.005133735656298887
650,CAGL0M13585g,0.0051299380794752915,0.0051299380794752915
592,CAGL0F07073g,0.005033662636007113,0.005033662636007113
507,CAGL0J08591g,-0.0050191754015447235,0.0050191754015447235
416,CAGL0E06600g,-0.005006791666748965,0.005006791666748965
499,CAGL0J07282g,-0.005006791666748965,0.005006791666748965
569,CAGL0A00099g,-0.0050030940278836715,0.0050030940278836715
55,nan,0.004975338509822088,0.004975338509822088
564,CAGL0A00451g,-0.004948258284505306,0.004948258284505306
827,CAGL0L03846g,-0.0049459580996069185,0.0049459580996069185
786,nan,-0.004940331206441843,0.004940331206441843
253,CAGL0G09042g,-0.004930250714363102,0.004930250714363102
802,CAGL0L06204g,0.004910891604314897,0.004910891604314897
102,nan,-0.004847114640325167,0.004847114640325167
441,CAGL0B02453g,-0.0048434396229096455,0.0048434396229096455
389,CAGL0E03630g,-0.004815114986575231,0.004815114986575231
746,nan,-0.004748763441103148,0.004748763441103148
370,CAGL0E00891g,-0.004748763441103148,0.004748763441103148
676,CAGL0M09515g,-0.004743737207116772,0.004743737207116772
402,nan,-0.004710234711494673,0.004710234711494673
148,nan,-0.004702193658492376,0.004702193658492376
287,CAGL0G04609g,-0.004702193658492376,0.004702193658492376
405,CAGL0E04796g,-0.004700244000874597,0.004700244000874597
37,CAGL0K07183g,-0.0046940333502221215,0.0046940333502221215
83,nan,0.004686049650548877,0.004686049650548877
788,CAGL0L08140g,-0.004681204726860864,0.004681204726860864
264,CAGL0G08063g,0.004664354665281814,0.004664354665281814
668,CAGL0M11748g,-0.004652799358372629,0.004652799358372629
116,nan,-0.004652799358372629,0.004652799358372629
839,CAGL0L01771g,-0.004632285680209964,0.004632285680209964
669,CAGL0M11726g,-0.0046247778462153175,0.0046247778462153175
675,nan,-0.004622551373666095,0.004622551373666095
317,CAGL0G01144g,-0.004593790687668418,0.004593790687668418
221,CAGL0H03399g,-0.004587429434875721,0.004587429434875721
149,nan,-0.004587429434875721,0.004587429434875721
794,nan,-0.004558176023261158,0.004558176023261158
124,CAGL0I05060g,-0.004556951678166216,0.004556951678166216
220,CAGL0H03509g,-0.0045496514707786245,0.0045496514707786245
132,nan,-0.004517889280750826,0.004517889280750826
819,CAGL0L04994g,-0.004517889280750826,0.004517889280750826
279,nan,-0.004472079797774518,0.004472079797774518
388,CAGL0E03630g,-0.004446975405762388,0.004446975405762388
546,CAGL0A02321g,-0.004435769792463462,0.004435769792463462
588,CAGL0F07359g,0.004428598014237246,0.004428598014237246
872,CAGL0C04367g,0.004418858779365031,0.004418858779365031
365,CAGL0E00561g,-0.004409055342173901,0.004409055342173901
550,nan,-0.004391416485955316,0.004391416485955316
483,nan,-0.004386940463576002,0.004386940463576002
101,nan,-0.004371271332619866,0.004371271332619866
163,nan,-0.004367771864452572,0.004367771864452572
587,CAGL0F07579g,-0.004343173620098533,0.004343173620098533
31,nan,-0.004317615185234073,0.004317615185234073
28,nan,-0.004317615185234073,0.004317615185234073
393,nan,-0.004314557755092999,0.004314557755092999
614,CAGL0F04521g,-0.004265104464141338,0.004265104464141338
681,nan,0.004251075271014792,0.004251075271014792
593,CAGL0F07007g,0.004251075271014792,0.004251075271014792
783,CAGL0L08800g,-0.004225951118387285,0.004225951118387285
573,nan,-0.004198467005093264,0.004198467005093264
156,CAGL0I10200g,0.004197946065608451,0.004197946065608451
745,CAGL0M00132g,-0.0041703770500922995,0.0041703770500922995
443,CAGL0B01859g,-0.00416533172720338,0.00416533172720338
560,nan,-0.0041635552657084554,0.0041635552657084554
399,CAGL0E04092g,-0.0041585250316501475,0.0041585250316501475
792,nan,-0.004149794022332346,0.004149794022332346
543,nan,0.004146093035806057,0.004146093035806057
721,nan,-0.004127453583872681,0.004127453583872681
135,nan,-0.004111829636349493,0.004111829636349493
70,nan,-0.004077747674943289,0.004077747674943289
349,CAGL0D05434g,-0.004077747674943289,0.004077747674943289
439,CAGL0B02585g,-0.0040719610484812345,0.0040719610484812345
43,nan,0.004070731508036253,0.004070731508036253
724,nan,0.004070731508036253,0.004070731508036253
154,CAGL0I10147g,-0.0040661589048955555,0.0040661589048955555
447,nan,-0.004040625281818104,0.004040625281818104
95,nan,-0.004040314250754703,0.004040314250754703
697,CAGL0M05885g,0.004030028222984113,0.004030028222984113
353,nan,0.004024772113647778,0.004024772113647778
456,CAGL0J00429g,-0.004021439647013579,0.004021439647013579
165,nan,0.004018542642548608,0.004018542642548608
97,nan,-0.003992163537107208,0.003992163537107208
226,CAGL0H02497g,-0.003989081838826012,0.003989081838826012
145,nan,-0.003977745052978322,0.003977745052978322
51,CAGL0K05335g,-0.003976179623775504,0.003976179623775504
409,CAGL0E05500g,-0.003970916972122659,0.003970916972122659
738,CAGL0M00814g,-0.0038972598512575407,0.0038972598512575407
407,CAGL0E05170g,-0.003886184019246152,0.003886184019246152
729,nan,-0.0038631293762620626,0.0038631293762620626
440,CAGL0B02497g,-0.003862553247677881,0.003862553247677881
364,CAGL0E00275g,0.0038601625333853345,0.0038601625333853345
291,CAGL0G04279g,0.0038381317124330213,0.0038381317124330213
290,CAGL0G04279g,0.0038381317124330213,0.0038381317124330213
9,nan,0.003838131712433021,0.003838131712433021
730,nan,0.003823016435421041,0.003823016435421041
412,CAGL0E05786g,-0.0037856937719925455,0.0037856937719925455
355,CAGL0D06336g,-0.0037834182024016646,0.0037834182024016646
772,nan,0.0037315374659350913,0.0037315374659350913
817,CAGL0L05434g,-0.003713980508437799,0.003713980508437799
206,nan,-0.003703841331510588,0.003703841331510588
8,CAGL0K11902g,-0.003686942703298567,0.003686942703298567
48,CAGL0K05555g,-0.003673626584267497,0.003673626584267497
330,nan,0.0036503995643790113,0.0036503995643790113
204,nan,-0.003634083794251369,0.003634083794251369
576,CAGL0F09053g,-0.0035997753632791086,0.0035997753632791086
217,CAGL0H04037g,0.00359549488427352,0.00359549488427352
376,nan,-0.0035890658486945467,0.0035890658486945467
392,nan,0.003559151840041549,0.003559151840041549
845,nan,-0.0035576344002201878,0.0035576344002201878
194,nan,0.0035351407572016646,0.0035351407572016646
57,nan,-0.0035113997534321024,0.0035113997534321024
532,nan,-0.0035049106801986864,0.0035049106801986864
556,nan,-0.0034791571708035663,0.0034791571708035663
634,CAGL0F01463g,-0.0034663818078752794,0.0034663818078752794
196,CAGL0H06622g,-0.003436978194786366,0.003436978194786366
702,nan,-0.0034345154938747726,0.0034345154938747726
137,CAGL0I07667g,0.003426867332277493,0.003426867332277493
168,CAGL0H10098g,0.0033557918695468615,0.0033557918695468615
232,nan,0.0033557918695468615,0.0033557918695468615
648,CAGL0M13827g,0.003282803761324758,0.003282803761324758
832,CAGL0L02849g,0.003282803761324758,0.003282803761324758
865,nan,0.0032606729278542163,0.0032606729278542163
335,CAGL0D01892g,0.003179160647649372,0.003179160647649372
190,nan,0.0031460391475044433,0.0031460391475044433
833,CAGL0L02799g,0.003113622360128559,0.003113622360128559
766,CAGL0L10582g,-0.00310225398976469,0.00310225398976469
585,nan,-0.0030334864651562457,0.0030334864651562457
494,CAGL0J06600g,0.0030323287085570437,0.0030323287085570437
770,CAGL0L10252g,0.0030323287085570437,0.0030323287085570437
446,CAGL0B01287g,0.003005146930322605,0.003005146930322605
280,nan,0.0029610017090048227,0.0029610017090048227
510,nan,0.0029610017090048227,0.0029610017090048227
790,nan,0.0029610017090048227,0.0029610017090048227
380,CAGL0E02805g-T-E2,-0.002935896517626462,0.002935896517626462
711,nan,0.0029265714565745345,0.0029265714565745345
800,nan,0.0029180645667196826,0.0029180645667196826
796,nan,0.0028928962535396474,0.0028928962535396474
45,nan,0.0028894950607736562,0.0028894950607736562
534,CAGL0A04785g,0.0028134083628447563,0.0028134083628447563
628,CAGL0F03399g,0.002735694969417145,0.002735694969417145
812,nan,0.002735694969417145,0.002735694969417145
508,nan,0.002677455492718542,0.002677455492718542
187,CAGL0H09152g,0.0026262631437103503,0.0026262631437103503
692,CAGL0M07293g,0.002621682510711583,0.002621682510711583
607,nan,-0.0026039528707314566,0.0026039528707314566
59,CAGL0K04521g,0.0025946517423562254,0.0025946517423562254
771,CAGL0L10186g,0.0025946517423562254,0.0025946517423562254
555,CAGL0A01650g,0.002570076420782129,0.002570076420782129
272,CAGL0G06138g,0.002448172460133485,0.002448172460133485
516,CAGL0J10384g,0.0023619842328994017,0.0023619842328994017
584,CAGL0F07909g,-0.0023049028456098354,0.0023049028456098354
73,nan,-0.0020967748645794966,0.0020967748645794966
153,nan,0.0019305039187354517,0.0019305039187354517
320,nan,-0.0017615993521827406,0.0017615993521827406
141,nan,-0.001513631662042317,0.001513631662042317
571,nan,-0.0013865572143624866,0.0013865572143624866
537,nan,-0.001285485044923242,0.001285485044923242
249,nan,-0.0012285931752348234,0.0012285931752348234
372,CAGL0E01331g,0.001176257741972626,0.001176257741972626
76,CAGL0K02739g,0.0010438643818733169,0.0010438643818733169
130,CAGL0I05764g,0.0010364522927081934,0.0010364522927081934
260,nan,0.0009960623660277706,0.0009960623660277706
256,nan,-0.0009676055928994788,0.0009676055928994788
818,CAGL0L05434g,0.0008773422344237581,0.0008773422344237581
739,CAGL0M00792g,0.0008466890419692822,0.0008466890419692822
496,CAGL0J07062g,-0.0008308006677050203,0.0008308006677050203
809,nan,-0.000819671648217533,0.000819671648217533
146,nan,-0.0007991551788157998,0.0007991551788157998
334,CAGL0D01584g,-0.0006001546950778303,0.0006001546950778303
19,nan,-0.0005656284840434481,0.0005656284840434481
847,CAGL0L01353g,-0.0005585419673227173,0.0005585419673227173
808,nan,-0.0005281553301277434,0.0005281553301277434
475,nan,0.0004724607422274523,0.0004724607422274523
658,nan,0.0003847940452757492,0.0003847940452757492
420,CAGL0B04895g,-0.00034254329036551495,0.00034254329036551495
732,CAGL0M01496g,-0.00024157472578512621,0.00024157472578512621
630,CAGL0F02497g,-0.00020992960066206387,0.00020992960066206387
32,CAGL0K07293g,0.0001558661474051068,0.0001558661474051068
254,CAGL0G09042g,-8.720049886025128e-05,8.720049886025128e-05
870,CAGL0C03762g,7.277653624227946e-05,7.277653624227946e-05
472,CAGL0J02266g-T-E2,4.071645012346078e-05,4.071645012346078e-05
343,CAGL0D04642g,1.1365063129938603e-05,1.1365063129938603e-05
