population,total_SNVs,transitions,transversions,ti_tv_ratio,A:T->G:C_count,G:C->A:T_count,A:T->T:A_count,G:C->T:A_count,A:T->C:G_count,G:C->C:G_count,T->C_count,C->T_count,G->A_count,A->G_count,T->G_count,G->T_count,T->A_count,A->C_count,C->A_count,A->T_count,G->C_count,C->G_count,A:T->G:C_freq,G:C->A:T_freq,A:T->T:A_freq,G:C->T:A_freq,A:T->C:G_freq,G:C->C:G_freq,T->C_freq,C->T_freq,G->A_freq,A->G_freq,T->G_freq,G->T_freq,T->A_freq,A->C_freq,C->A_freq,A->T_freq,G->C_freq,C->G_freq,transition_freq,transversion_freq
35_B2,13,2,11,0.18181818181818182,1,1,1,4,6,0,0,1,0,1,4,2,1,2,2,0,0,0,0.07692307692307693,0.07692307692307693,0.07692307692307693,0.3076923076923077,0.46153846153846156,0.0,0.0,0.07692307692307693,0.0,0.07692307692307693,0.3076923076923077,0.15384615384615385,0.07692307692307693,0.15384615384615385,0.15384615384615385,0.0,0.0,0.0,0.15384615384615385,0.8461538461538461
35_B6,17,5,12,0.4166666666666667,1,4,2,6,3,1,1,4,0,0,2,1,1,1,5,1,0,1,0.058823529411764705,0.23529411764705882,0.11764705882352941,0.35294117647058826,0.17647058823529413,0.058823529411764705,0.058823529411764705,0.23529411764705882,0.0,0.0,0.11764705882352941,0.058823529411764705,0.058823529411764705,0.058823529411764705,0.29411764705882354,0.058823529411764705,0.0,0.058823529411764705,0.29411764705882354,0.7058823529411765
35_B8,17,8,9,0.8888888888888888,5,3,1,3,5,0,3,2,1,2,1,1,1,4,2,0,0,0,0.29411764705882354,0.17647058823529413,0.058823529411764705,0.17647058823529413,0.29411764705882354,0.0,0.17647058823529413,0.11764705882352941,0.058823529411764705,0.11764705882352941,0.058823529411764705,0.058823529411764705,0.058823529411764705,0.23529411764705882,0.11764705882352941,0.0,0.0,0.0,0.47058823529411764,0.5294117647058824
35_C5,7,3,4,0.75,1,2,0,3,1,0,1,1,1,0,0,1,0,1,2,0,0,0,0.14285714285714285,0.2857142857142857,0.0,0.42857142857142855,0.14285714285714285,0.0,0.14285714285714285,0.14285714285714285,0.14285714285714285,0.0,0.0,0.14285714285714285,0.0,0.14285714285714285,0.2857142857142857,0.0,0.0,0.0,0.42857142857142855,0.5714285714285714
35_C7,16,7,9,0.7777777777777778,2,5,1,4,4,0,2,4,1,0,2,0,1,2,4,0,0,0,0.125,0.3125,0.0625,0.25,0.25,0.0,0.125,0.25,0.0625,0.0,0.125,0.0,0.0625,0.125,0.25,0.0,0.0,0.0,0.4375,0.5625
35_C9,15,6,9,0.6666666666666666,3,3,1,4,4,0,0,2,1,3,1,1,0,3,3,1,0,0,0.2,0.2,0.06666666666666667,0.26666666666666666,0.26666666666666666,0.0,0.0,0.13333333333333333,0.06666666666666667,0.2,0.06666666666666667,0.06666666666666667,0.0,0.2,0.2,0.06666666666666667,0.0,0.0,0.4,0.6
35_D2,9,3,6,0.5,2,1,0,2,4,0,2,1,0,0,0,0,0,4,2,0,0,0,0.2222222222222222,0.1111111111111111,0.0,0.2222222222222222,0.4444444444444444,0.0,0.2222222222222222,0.1111111111111111,0.0,0.0,0.0,0.0,0.0,0.4444444444444444,0.2222222222222222,0.0,0.0,0.0,0.3333333333333333,0.6666666666666666
35_D4,10,3,7,0.42857142857142855,2,1,1,2,4,0,1,1,0,1,0,1,1,4,1,0,0,0,0.2,0.1,0.1,0.2,0.4,0.0,0.1,0.1,0.0,0.1,0.0,0.1,0.1,0.4,0.1,0.0,0.0,0.0,0.3,0.7
35_D8,18,6,12,0.5,1,5,2,5,4,1,1,3,2,0,2,1,0,2,4,2,0,1,0.05555555555555555,0.2777777777777778,0.1111111111111111,0.2777777777777778,0.2222222222222222,0.05555555555555555,0.05555555555555555,0.16666666666666666,0.1111111111111111,0.0,0.1111111111111111,0.05555555555555555,0.0,0.1111111111111111,0.2222222222222222,0.1111111111111111,0.0,0.05555555555555555,0.3333333333333333,0.6666666666666666
35_E11,13,6,7,0.8571428571428571,2,4,1,3,3,0,1,2,2,1,0,1,0,3,2,1,0,0,0.15384615384615385,0.3076923076923077,0.07692307692307693,0.23076923076923078,0.23076923076923078,0.0,0.07692307692307693,0.15384615384615385,0.15384615384615385,0.07692307692307693,0.0,0.07692307692307693,0.0,0.23076923076923078,0.15384615384615385,0.07692307692307693,0.0,0.0,0.46153846153846156,0.5384615384615384
35_E7,14,6,8,0.75,2,4,3,2,3,0,1,3,1,1,1,1,3,2,1,0,0,0,0.14285714285714285,0.2857142857142857,0.21428571428571427,0.14285714285714285,0.21428571428571427,0.0,0.07142857142857142,0.21428571428571427,0.07142857142857142,0.07142857142857142,0.07142857142857142,0.07142857142857142,0.21428571428571427,0.14285714285714285,0.07142857142857142,0.0,0.0,0.0,0.42857142857142855,0.5714285714285714
35_E9,12,4,8,0.5,1,3,0,3,5,0,1,3,0,0,1,1,0,4,2,0,0,0,0.08333333333333333,0.25,0.0,0.25,0.4166666666666667,0.0,0.08333333333333333,0.25,0.0,0.0,0.08333333333333333,0.08333333333333333,0.0,0.3333333333333333,0.16666666666666666,0.0,0.0,0.0,0.3333333333333333,0.6666666666666666
35_F2,20,7,13,0.5384615384615384,3,4,2,4,7,0,1,2,2,2,1,0,1,6,4,1,0,0,0.15,0.2,0.1,0.2,0.35,0.0,0.05,0.1,0.1,0.1,0.05,0.0,0.05,0.3,0.2,0.05,0.0,0.0,0.35,0.65
35_F4,6,4,2,2.0,2,2,0,0,2,0,1,2,0,1,0,0,0,2,0,0,0,0,0.3333333333333333,0.3333333333333333,0.0,0.0,0.3333333333333333,0.0,0.16666666666666666,0.3333333333333333,0.0,0.16666666666666666,0.0,0.0,0.0,0.3333333333333333,0.0,0.0,0.0,0.0,0.6666666666666666,0.3333333333333333
35_F6,9,3,6,0.5,2,1,0,1,5,0,1,1,0,1,3,1,0,2,0,0,0,0,0.2222222222222222,0.1111111111111111,0.0,0.1111111111111111,0.5555555555555556,0.0,0.1111111111111111,0.1111111111111111,0.0,0.1111111111111111,0.3333333333333333,0.1111111111111111,0.0,0.2222222222222222,0.0,0.0,0.0,0.0,0.3333333333333333,0.6666666666666666
35_G11,14,7,7,1.0,2,5,4,1,2,0,1,3,2,1,0,0,1,2,1,3,0,0,0.14285714285714285,0.35714285714285715,0.2857142857142857,0.07142857142857142,0.14285714285714285,0.0,0.07142857142857142,0.21428571428571427,0.14285714285714285,0.07142857142857142,0.0,0.0,0.07142857142857142,0.14285714285714285,0.07142857142857142,0.21428571428571427,0.0,0.0,0.5,0.5
35_G5,12,5,7,0.7142857142857143,2,3,2,1,3,1,2,2,1,0,1,0,2,2,1,0,1,0,0.16666666666666666,0.25,0.16666666666666666,0.08333333333333333,0.25,0.08333333333333333,0.16666666666666666,0.16666666666666666,0.08333333333333333,0.0,0.08333333333333333,0.0,0.16666666666666666,0.16666666666666666,0.08333333333333333,0.0,0.08333333333333333,0.0,0.4166666666666667,0.5833333333333334
35_G9,12,4,8,0.5,2,2,2,4,1,1,1,0,2,1,0,0,1,1,4,1,1,0,0.16666666666666666,0.16666666666666666,0.16666666666666666,0.3333333333333333,0.08333333333333333,0.08333333333333333,0.08333333333333333,0.0,0.16666666666666666,0.08333333333333333,0.0,0.0,0.08333333333333333,0.08333333333333333,0.3333333333333333,0.08333333333333333,0.08333333333333333,0.0,0.3333333333333333,0.6666666666666666
40_B2,8,5,3,1.6666666666666667,1,4,1,0,2,0,1,1,3,0,2,0,1,0,0,0,0,0,0.125,0.5,0.125,0.0,0.25,0.0,0.125,0.125,0.375,0.0,0.25,0.0,0.125,0.0,0.0,0.0,0.0,0.0,0.625,0.375
40_B6,10,2,8,0.25,0,2,0,1,7,0,0,2,0,0,4,0,0,3,1,0,0,0,0.0,0.2,0.0,0.1,0.7,0.0,0.0,0.2,0.0,0.0,0.4,0.0,0.0,0.3,0.1,0.0,0.0,0.0,0.2,0.8
40_B8,15,5,10,0.5,1,4,1,5,4,0,1,2,2,0,1,3,1,3,2,0,0,0,0.06666666666666667,0.26666666666666666,0.06666666666666667,0.3333333333333333,0.26666666666666666,0.0,0.06666666666666667,0.13333333333333333,0.13333333333333333,0.0,0.06666666666666667,0.2,0.06666666666666667,0.2,0.13333333333333333,0.0,0.0,0.0,0.3333333333333333,0.6666666666666666
40_C5,9,5,4,1.25,4,1,0,1,3,0,3,1,0,1,0,1,0,3,0,0,0,0,0.4444444444444444,0.1111111111111111,0.0,0.1111111111111111,0.3333333333333333,0.0,0.3333333333333333,0.1111111111111111,0.0,0.1111111111111111,0.0,0.1111111111111111,0.0,0.3333333333333333,0.0,0.0,0.0,0.0,0.5555555555555556,0.4444444444444444
40_C7,14,7,7,1.0,2,5,1,2,4,0,1,2,3,1,1,1,1,3,1,0,0,0,0.14285714285714285,0.35714285714285715,0.07142857142857142,0.14285714285714285,0.2857142857142857,0.0,0.07142857142857142,0.14285714285714285,0.21428571428571427,0.07142857142857142,0.07142857142857142,0.07142857142857142,0.07142857142857142,0.21428571428571427,0.07142857142857142,0.0,0.0,0.0,0.5,0.5
40_C9,17,6,11,0.5454545454545454,3,3,4,2,5,0,3,3,0,0,2,1,2,3,1,2,0,0,0.17647058823529413,0.17647058823529413,0.23529411764705882,0.11764705882352941,0.29411764705882354,0.0,0.17647058823529413,0.17647058823529413,0.0,0.0,0.11764705882352941,0.058823529411764705,0.11764705882352941,0.17647058823529413,0.058823529411764705,0.11764705882352941,0.0,0.0,0.35294117647058826,0.6470588235294118
40_D2,11,3,8,0.375,1,2,0,5,3,0,1,2,0,0,1,1,0,2,4,0,0,0,0.09090909090909091,0.18181818181818182,0.0,0.45454545454545453,0.2727272727272727,0.0,0.09090909090909091,0.18181818181818182,0.0,0.0,0.09090909090909091,0.09090909090909091,0.0,0.18181818181818182,0.36363636363636365,0.0,0.0,0.0,0.2727272727272727,0.7272727272727273
40_D4,17,8,9,0.8888888888888888,7,1,1,3,5,0,5,1,0,2,1,1,1,4,2,0,0,0,0.4117647058823529,0.058823529411764705,0.058823529411764705,0.17647058823529413,0.29411764705882354,0.0,0.29411764705882354,0.058823529411764705,0.0,0.11764705882352941,0.058823529411764705,0.058823529411764705,0.058823529411764705,0.23529411764705882,0.11764705882352941,0.0,0.0,0.0,0.47058823529411764,0.5294117647058824
40_D8,11,2,9,0.2222222222222222,2,0,1,1,6,1,2,0,0,0,3,1,1,3,0,0,1,0,0.18181818181818182,0.0,0.09090909090909091,0.09090909090909091,0.5454545454545454,0.09090909090909091,0.18181818181818182,0.0,0.0,0.0,0.2727272727272727,0.09090909090909091,0.09090909090909091,0.2727272727272727,0.0,0.0,0.09090909090909091,0.0,0.18181818181818182,0.8181818181818182
40_E11,13,4,9,0.4444444444444444,4,0,0,2,6,1,3,0,0,1,2,0,0,4,2,0,1,0,0.3076923076923077,0.0,0.0,0.15384615384615385,0.46153846153846156,0.07692307692307693,0.23076923076923078,0.0,0.0,0.07692307692307693,0.15384615384615385,0.0,0.0,0.3076923076923077,0.15384615384615385,0.0,0.07692307692307693,0.0,0.3076923076923077,0.6923076923076923
40_E7,9,1,8,0.125,1,0,2,0,5,1,0,0,0,1,2,0,1,3,0,1,1,0,0.1111111111111111,0.0,0.2222222222222222,0.0,0.5555555555555556,0.1111111111111111,0.0,0.0,0.0,0.1111111111111111,0.2222222222222222,0.0,0.1111111111111111,0.3333333333333333,0.0,0.1111111111111111,0.1111111111111111,0.0,0.1111111111111111,0.8888888888888888
40_E9,10,5,5,1.0,4,1,0,1,4,0,3,1,0,1,0,0,0,4,1,0,0,0,0.4,0.1,0.0,0.1,0.4,0.0,0.3,0.1,0.0,0.1,0.0,0.0,0.0,0.4,0.1,0.0,0.0,0.0,0.5,0.5
40_F2,14,5,9,0.5555555555555556,3,2,0,4,5,0,3,1,1,0,1,0,0,4,4,0,0,0,0.21428571428571427,0.14285714285714285,0.0,0.2857142857142857,0.35714285714285715,0.0,0.21428571428571427,0.07142857142857142,0.07142857142857142,0.0,0.07142857142857142,0.0,0.0,0.2857142857142857,0.2857142857142857,0.0,0.0,0.0,0.35714285714285715,0.6428571428571429
40_F4,4,1,3,0.3333333333333333,0,1,0,3,0,0,0,1,0,0,0,1,0,0,2,0,0,0,0.0,0.25,0.0,0.75,0.0,0.0,0.0,0.25,0.0,0.0,0.0,0.25,0.0,0.0,0.5,0.0,0.0,0.0,0.25,0.75
40_F6,7,3,4,0.75,1,2,2,1,1,0,1,2,0,0,0,0,1,1,1,1,0,0,0.14285714285714285,0.2857142857142857,0.2857142857142857,0.14285714285714285,0.14285714285714285,0.0,0.14285714285714285,0.2857142857142857,0.0,0.0,0.0,0.0,0.14285714285714285,0.14285714285714285,0.14285714285714285,0.14285714285714285,0.0,0.0,0.42857142857142855,0.5714285714285714
40_G11,12,5,7,0.7142857142857143,4,1,0,3,4,0,4,1,0,0,1,2,0,3,1,0,0,0,0.3333333333333333,0.08333333333333333,0.0,0.25,0.3333333333333333,0.0,0.3333333333333333,0.08333333333333333,0.0,0.0,0.08333333333333333,0.16666666666666666,0.0,0.25,0.08333333333333333,0.0,0.0,0.0,0.4166666666666667,0.5833333333333334
40_G5,8,3,5,0.6,1,2,0,2,3,0,1,1,1,0,0,1,0,3,1,0,0,0,0.125,0.25,0.0,0.25,0.375,0.0,0.125,0.125,0.125,0.0,0.0,0.125,0.0,0.375,0.125,0.0,0.0,0.0,0.375,0.625
40_G9,20,9,11,0.8181818181818182,6,3,2,2,7,0,6,1,2,0,3,2,0,4,0,2,0,0,0.3,0.15,0.1,0.1,0.35,0.0,0.3,0.05,0.1,0.0,0.15,0.1,0.0,0.2,0.0,0.1,0.0,0.0,0.45,0.55
