well,block,test_temperature,strain,evolution_history,window_idx,window_size,days_start,days_end,mu,r_squared
b10,1,25,WT_FLZ_2,Fluconazole evolved,53,5,0.5416666666666666,0.5833333333333334,5.374440757275166,0.999998998226538
b10,1,35,WT_FLZ_2,Fluconazole evolved,31,5,0.3125,0.3541666666666667,9.517463773379795,0.9999468322654326
b10,1,38,WT_FLZ_2,Fluconazole evolved,28,6,0.28125,0.3333333333333333,10.172036519229941,0.99987291754063
b10,1,41,WT_FLZ_2,Fluconazole evolved,78,5,0.8020833333333334,0.84375,3.248584927242962,0.9935908095410191
b10,1,42,WT_FLZ_2,Fluconazole evolved,39,5,0.3958333333333333,0.4375,2.3936545168170222,0.9969005210400415
b10,3,25,40_F6,40 evolved,36,5,0.3645833333333333,0.40625,8.518961845346047,0.9999338528429675
b10,3,35,40_F6,40 evolved,22,5,0.21875,0.2604166666666667,13.263420116808305,0.9999667304734329
b10,3,38,40_F6,40 evolved,22,5,0.21875,0.2604166666666667,13.990779173432859,0.9999064782761924
b10,3,41,40_F6,40 evolved,29,5,0.2916666666666667,0.3333333333333333,8.860191939316644,0.9998588485931786
b10,3,42,40_F6,40 evolved,22,6,0.21875,0.2708333333333333,4.122215650223497,0.9998130210776782
b11,1,25,35_G11,35 evolved,36,5,0.3645833333333333,0.40625,8.360633469640282,0.9999209470929912
b11,1,35,35_G11,35 evolved,22,5,0.21875,0.2604166666666667,12.824040996337466,0.999898831662541
b11,1,38,35_G11,35 evolved,22,5,0.21875,0.2604166666666667,13.763056836764756,0.9999586190807493
b11,1,41,35_G11,35 evolved,28,5,0.28125,0.3229166666666667,7.6005630959889325,0.9997044495677753
b11,1,42,35_G11,35 evolved,21,5,0.20833333333333337,0.25,4.487849883199336,0.9997717563278234
b11,2,25,35_D8,35 evolved,37,5,0.375,0.4166666666666667,8.294832087173278,0.9999874346549588
b11,2,35,35_D8,35 evolved,22,5,0.21875,0.2604166666666667,12.94946548180762,0.9997624476462286
b11,2,38,35_D8,35 evolved,22,5,0.21875,0.2604166666666667,13.895029664998729,0.9997020929813498
b11,2,41,35_D8,35 evolved,30,5,0.3020833333333333,0.34375,7.998518753399751,0.9991873988638778
b11,2,42,35_D8,35 evolved,23,5,0.22916666666666663,0.2708333333333333,3.700573504949111,0.9874298044842499
b11,3,25,40_G5,40 evolved,41,5,0.4166666666666667,0.4583333333333333,8.036895362785842,0.999845922753421
b11,3,35,40_G5,40 evolved,24,5,0.23958333333333337,0.28125,11.906891112710632,0.9999239770285158
b11,3,38,40_G5,40 evolved,24,5,0.23958333333333337,0.28125,12.53926638888731,0.9995972137807518
b11,3,41,40_G5,40 evolved,33,5,0.3333333333333333,0.375,8.189124731777362,0.9993525861836161
b11,3,42,40_G5,40 evolved,25,5,0.25,0.2916666666666667,3.5760321172619354,0.9948948038339418
b2,2,25,35_E9,35 evolved,37,5,0.375,0.4166666666666667,8.26199826537331,0.999875468489094
b2,2,35,35_E9,35 evolved,25,5,0.25,0.2916666666666667,17.624845025729318,0.9994003063379794
b2,2,38,35_E9,35 evolved,22,5,0.21875,0.2604166666666667,13.888262066698195,0.9999500783299166
b2,2,41,35_E9,35 evolved,25,5,0.25,0.2916666666666667,5.8739194770688234,0.9993248936291248
b2,2,42,35_E9,35 evolved,21,6,0.20833333333333337,0.2604166666666667,2.6431667544489734,0.9964376472425422
b2,3,25,40_B6,40 evolved,40,5,0.40625,0.4479166666666667,8.164154180989112,0.9999490234294736
b2,3,35,40_B6,40 evolved,25,5,0.25,0.2916666666666667,11.770165058247134,0.9999443123917736
b2,3,38,40_B6,40 evolved,22,5,0.21875,0.2604166666666667,12.378285078592246,0.9999404776988554
b2,3,41,40_B6,40 evolved,39,5,0.3958333333333333,0.4375,13.5053180537686,0.9865421842740302
b2,3,42,40_B6,40 evolved,27,5,0.2708333333333333,0.3125,2.3613163650414095,0.9922773749965792
b3,1,25,fRS585,fRS585,35,5,0.3541666666666667,0.3958333333333333,8.518961845346036,0.9999425621656732
b3,1,35,fRS585,fRS585,20,5,0.19791666666666663,0.23958333333333337,13.61737921099603,0.999941743194764
b3,1,38,fRS585,fRS585,21,5,0.20833333333333337,0.25,13.587973566836668,0.9998449219510976
b3,1,41,fRS585,fRS585,22,5,0.21875,0.2604166666666667,5.8957816340344396,0.9995884264641196
b3,1,42,fRS585,fRS585,22,6,0.21875,0.2708333333333333,2.5440825437956325,0.9978303829617468
b3,2,25,40_E9,40 evolved,39,5,0.3958333333333333,0.4375,8.149719206156185,0.9999746122363703
b3,2,35,40_E9,40 evolved,24,5,0.23958333333333337,0.28125,11.384228168805903,0.999998842687748
b3,2,38,40_E9,40 evolved,23,6,0.22916666666666663,0.28125,12.28520201777069,0.9999250528776117
b3,2,41,40_E9,40 evolved,28,5,0.28125,0.3229166666666667,7.815097908937257,0.9999979423105085
b3,2,42,40_E9,40 evolved,27,6,0.2708333333333333,0.3229166666666667,3.279196989982565,0.9996506054702002
b3,3,25,fRS585,fRS585,34,5,0.34375,0.3854166666666667,8.528856632725207,0.9999276187018588
b3,3,35,fRS585,fRS585,22,5,0.21875,0.2604166666666667,13.092790041512908,0.9999799181646651
b3,3,38,fRS585,fRS585,22,5,0.21875,0.2604166666666667,13.69090763118449,0.9997998679825267
b3,3,41,fRS585,fRS585,24,5,0.23958333333333337,0.28125,6.267201682515227,0.9995484094867946
b3,3,42,fRS585,fRS585,18,5,0.17708333333333334,0.21875,2.305568088752188,0.9965338352823011
b4,1,25,WT_CASP_2,Caspofungin evolved,32,5,0.3229166666666667,0.3645833333333333,8.62985209797626,0.999948484346333
b4,1,35,WT_CASP_2,Caspofungin evolved,19,5,0.1875,0.22916666666666663,14.623736540923117,0.9976568137751611
b4,1,38,WT_CASP_2,Caspofungin evolved,20,5,0.19791666666666663,0.23958333333333337,14.627597861557241,0.9999301247533199
b4,1,41,WT_CASP_2,Caspofungin evolved,30,5,0.3020833333333333,0.34375,7.652878695336357,0.9997237744291033
b4,1,42,WT_CASP_2,Caspofungin evolved,24,5,0.23958333333333337,0.28125,3.4357787110796534,0.9991850023155636
b4,2,25,40_G11,40 evolved,34,6,0.34375,0.3958333333333333,8.009353418442249,0.9998762972056517
b4,2,35,40_G11,40 evolved,22,5,0.21875,0.2604166666666667,13.493198562573635,0.9999531776890065
b4,2,38,40_G11,40 evolved,22,5,0.21875,0.2604166666666667,13.45592931162669,0.9999101859438986
b4,2,41,40_G11,40 evolved,28,5,0.28125,0.3229166666666667,8.447509905831929,0.999830335549536
b4,2,42,40_G11,40 evolved,28,5,0.28125,0.3229166666666667,4.376218014223311,0.999434850931212
b4,3,25,35_E11,35 evolved,37,5,0.375,0.4166666666666667,8.29513713936596,0.9999107142121353
b4,3,35,35_E11,35 evolved,23,5,0.22916666666666663,0.2708333333333333,13.579866697176206,0.9999846161862462
b4,3,38,35_E11,35 evolved,22,5,0.21875,0.2604166666666667,13.470248842146281,0.9999953290053585
b4,3,41,35_E11,35 evolved,23,5,0.22916666666666663,0.2708333333333333,5.737393430238545,0.9999309652722492
b4,3,42,35_E11,35 evolved,17,5,0.16666666666666666,0.20833333333333337,2.229834689335749,0.9940042384460024
b5,1,25,40_D2,40 evolved,39,5,0.3958333333333333,0.4375,8.190929475200626,0.9999206955187893
b5,1,35,40_D2,40 evolved,24,5,0.23958333333333337,0.28125,12.72201875709018,0.9998695160253971
b5,1,38,40_D2,40 evolved,22,5,0.21875,0.2604166666666667,12.522189144670918,0.9997827953482611
b5,1,41,40_D2,40 evolved,37,5,0.375,0.4166666666666667,5.882273087593139,0.9995446606056156
b5,1,42,40_D2,40 evolved,25,5,0.25,0.2916666666666667,2.8842775824719786,0.9943879971417017
b5,2,25,40_E11,40 evolved,35,7,0.3541666666666667,0.4166666666666667,8.197761254704524,0.9999758862216165
b5,2,35,40_E11,40 evolved,24,5,0.23958333333333337,0.28125,13.028529437214095,0.9995907907449311
b5,2,38,40_E11,40 evolved,22,5,0.21875,0.2604166666666667,13.85742807031824,0.999874983630747
b5,2,41,40_E11,40 evolved,27,5,0.2708333333333333,0.3125,7.500015082783863,0.9998017996289249
b5,2,42,40_E11,40 evolved,21,5,0.20833333333333337,0.25,3.381622581347836,0.9990685402867779
b5,3,25,35_D2,35 evolved,36,5,0.3645833333333333,0.40625,8.654291398596055,0.9994625947760085
b5,3,35,35_D2,35 evolved,22,5,0.21875,0.2604166666666667,13.107221764483054,0.9999867783392875
b5,3,38,35_D2,35 evolved,22,5,0.21875,0.2604166666666667,13.738284893909976,0.9999113137639847
b5,3,41,35_D2,35 evolved,28,5,0.28125,0.3229166666666667,6.644084804403139,0.9999745518167943
b5,3,42,35_D2,35 evolved,22,5,0.21875,0.2604166666666667,2.152313165598795,0.9965067226640681
b6,1,25,WT_CASP_2,Caspofungin evolved,34,5,0.34375,0.3854166666666667,8.515191376894228,0.999925684169785
b6,1,35,WT_CASP_2,Caspofungin evolved,19,5,0.1875,0.22916666666666663,13.849990949551088,0.9999390315846555
b6,1,38,WT_CASP_2,Caspofungin evolved,21,5,0.20833333333333337,0.25,14.786604528579776,0.9998976999962563
b6,1,41,WT_CASP_2,Caspofungin evolved,33,5,0.3333333333333333,0.375,10.636372878105867,0.9797335527082149
b6,1,42,WT_CASP_2,Caspofungin evolved,21,5,0.20833333333333337,0.25,4.007901871347675,0.9993899568360569
b6,3,25,WT_FLZ_1,Fluconazole evolved,34,5,0.34375,0.3854166666666667,8.343524321163713,0.9999465903194558
b6,3,35,WT_FLZ_1,Fluconazole evolved,21,5,0.20833333333333337,0.25,13.787723806863315,0.99994911608087
b6,3,38,WT_FLZ_1,Fluconazole evolved,22,5,0.21875,0.2604166666666667,13.670720315118722,0.9998599860667046
b6,3,41,WT_FLZ_1,Fluconazole evolved,20,5,0.19791666666666663,0.23958333333333337,5.263080305083493,0.9993783799419487
b6,3,42,WT_FLZ_1,Fluconazole evolved,22,6,0.21875,0.2708333333333333,2.9070097177893848,0.9944749786561252
b7,3,25,fRS585,fRS585,35,5,0.3541666666666667,0.3958333333333333,8.527259749278409,0.9999180611624123
b7,3,35,fRS585,fRS585,22,5,0.21875,0.2604166666666667,13.077324399617819,0.999990234141284
b7,3,38,fRS585,fRS585,22,5,0.21875,0.2604166666666667,13.874831673706645,0.9998441465602677
b7,3,41,fRS585,fRS585,23,5,0.22916666666666663,0.2708333333333333,6.260289486935137,0.9992361940375977
b7,3,42,fRS585,fRS585,17,5,0.16666666666666666,0.20833333333333337,2.528301742090334,0.9997572361877182
b8,1,25,40_G9,40 evolved,33,5,0.3333333333333333,0.375,8.073164753590529,0.9998618765572603
b8,1,35,40_G9,40 evolved,17,5,0.16666666666666666,0.20833333333333337,13.400770853131446,0.9999904802285999
b8,1,38,40_G9,40 evolved,19,5,0.1875,0.22916666666666663,14.063662450839377,0.9999423285050821
b8,1,41,40_G9,40 evolved,26,19,0.2604166666666667,0.4479166666666667,9.397322824244451,0.9712613619791276
b8,1,42,40_G9,40 evolved,28,5,0.28125,0.3229166666666667,6.521535166089171,0.9989775901045121
b8,2,25,35_B2,35 evolved,39,5,0.3958333333333333,0.4375,8.098621605093046,0.9998529994593705
b8,2,35,35_B2,35 evolved,23,5,0.22916666666666663,0.2708333333333333,13.050136851317145,0.9999307697931089
b8,2,38,35_B2,35 evolved,22,5,0.21875,0.2604166666666667,13.638382046729213,0.9999837320373655
b8,2,41,35_B2,35 evolved,26,5,0.2604166666666667,0.3020833333333333,6.796270328087421,0.9993687667162046
b8,2,42,35_B2,35 evolved,19,5,0.1875,0.22916666666666663,2.6690027652025186,0.999729464517816
b8,3,25,35_E11,35 evolved,34,5,0.34375,0.3854166666666667,8.444379027895485,0.9998432510413227
b8,3,35,35_E11,35 evolved,22,5,0.21875,0.2604166666666667,13.133253864237158,0.9999755251445623
b8,3,38,35_E11,35 evolved,22,5,0.21875,0.2604166666666667,13.883609432456794,0.9998669349647448
b8,3,41,35_E11,35 evolved,34,5,0.34375,0.3854166666666667,8.967341685374475,0.9709364405373401
b8,3,42,35_E11,35 evolved,22,5,0.21875,0.2604166666666667,2.7454750412161184,0.9982508855558564
b9,2,25,fRS585,fRS585,38,5,0.3854166666666667,0.4270833333333333,8.146643605480214,0.99930165496667
b9,2,35,fRS585,fRS585,23,5,0.22916666666666663,0.2708333333333333,13.161394458464494,0.999879733942996
b9,2,38,fRS585,fRS585,22,5,0.21875,0.2604166666666667,13.906124829183595,0.9998597119490452
b9,2,41,fRS585,fRS585,24,7,0.23958333333333337,0.3020833333333333,7.540104704663705,0.9998381736990976
b9,2,42,fRS585,fRS585,24,5,0.23958333333333337,0.28125,3.1548541915866593,0.9974153374399495
b9,3,25,40_C5,40 evolved,38,5,0.3854166666666667,0.4270833333333333,8.074129721777327,0.9998313847986763
b9,3,35,40_C5,40 evolved,25,5,0.25,0.2916666666666667,11.755543513006213,0.9999338129612075
b9,3,38,40_C5,40 evolved,23,5,0.22916666666666663,0.2708333333333333,12.501147606152132,0.999876147739906
b9,3,41,40_C5,40 evolved,31,5,0.3125,0.3541666666666667,8.56525977812997,0.9999520903559305
b9,3,42,40_C5,40 evolved,21,6,0.20833333333333337,0.2604166666666667,3.670093883860282,0.9996399443134264
c10,1,25,35_B8,35 evolved,36,5,0.3645833333333333,0.40625,8.490038055442371,0.9997355677248537
c10,1,35,35_B8,35 evolved,21,5,0.20833333333333337,0.25,12.865233644660986,0.9998991497555343
c10,1,38,35_B8,35 evolved,21,5,0.20833333333333337,0.25,13.75587979833634,0.9999314682355055
c10,1,41,35_B8,35 evolved,23,5,0.22916666666666663,0.2708333333333333,6.615147728726537,0.9994589051741997
c10,1,42,35_B8,35 evolved,22,6,0.21875,0.2708333333333333,4.04027717248502,0.9998063837921721
c11,1,25,WT_CASP_1,Caspofungin evolved,35,5,0.3541666666666667,0.3958333333333333,8.128340626609614,0.9998958906329225
c11,1,35,WT_CASP_1,Caspofungin evolved,23,5,0.22916666666666663,0.2708333333333333,13.989032648514236,0.9999589862477031
c11,1,38,WT_CASP_1,Caspofungin evolved,20,5,0.19791666666666663,0.23958333333333337,14.788936902029437,0.9999904278309392
c11,1,41,WT_CASP_1,Caspofungin evolved,32,5,0.3229166666666667,0.3645833333333333,7.523784788901775,0.9996624870801274
c11,1,42,WT_CASP_1,Caspofungin evolved,21,6,0.20833333333333337,0.2604166666666667,3.0098430493598194,0.9994065001722627
c11,2,25,35_C7,35 evolved,37,5,0.375,0.4166666666666667,8.283064271307634,0.999620302329026
c11,2,35,35_C7,35 evolved,23,5,0.22916666666666663,0.2708333333333333,13.098639991319494,0.99993449018811
c11,2,38,35_C7,35 evolved,22,5,0.21875,0.2604166666666667,14.028917355447971,0.9998681989818953
c11,2,41,35_C7,35 evolved,26,6,0.2604166666666667,0.3125,7.47849694306851,0.9998051555704683
c11,2,42,35_C7,35 evolved,20,5,0.19791666666666663,0.23958333333333337,5.0683401273400674,0.9986154241761894
c2,1,25,35_G5,35 evolved,33,5,0.3333333333333333,0.375,8.348665530068725,0.9998216203760051
c2,1,35,35_G5,35 evolved,21,5,0.20833333333333337,0.25,13.007775615449924,0.9999587243225726
c2,1,38,35_G5,35 evolved,21,5,0.20833333333333337,0.25,13.569945253638547,0.999917117131395
c2,1,41,35_G5,35 evolved,23,5,0.22916666666666663,0.2708333333333333,6.0098711073857025,0.9998994027976895
c2,1,42,35_G5,35 evolved,21,5,0.20833333333333337,0.25,2.4017024418108184,0.9997809392859494
c2,2,25,40_B2,40 evolved,37,5,0.375,0.4166666666666667,7.25911392056225,0.9997596878468952
c2,2,35,40_B2,40 evolved,22,5,0.21875,0.2604166666666667,12.267561178767332,0.9998603512340405
c2,2,38,40_B2,40 evolved,22,5,0.21875,0.2604166666666667,12.169754579752546,0.9999670093025174
c2,2,41,40_B2,40 evolved,29,5,0.2916666666666667,0.3333333333333333,7.831182284845955,0.9998763449138346
c2,2,42,40_B2,40 evolved,32,5,0.3229166666666667,0.3645833333333333,5.363005951235068,0.9997458013075933
c2,3,25,35_E11,35 evolved,36,5,0.3645833333333333,0.40625,8.250589990948622,0.9999352762843624
c2,3,35,35_E11,35 evolved,22,5,0.21875,0.2604166666666667,13.057666415672475,0.9999543223992213
c2,3,38,35_E11,35 evolved,22,5,0.21875,0.2604166666666667,13.640247616325283,0.9999693350213826
c2,3,41,35_E11,35 evolved,26,5,0.2604166666666667,0.3020833333333333,6.482190659580342,0.9998451403212731
c2,3,42,35_E11,35 evolved,19,5,0.1875,0.22916666666666663,1.9991295368686757,0.995131436199494
c3,2,25,40_G11,40 evolved,34,5,0.34375,0.3854166666666667,7.954565134307484,0.9997366074661942
c3,2,35,40_G11,40 evolved,21,5,0.20833333333333337,0.25,13.688720353613556,0.9999716822966783
c3,2,38,40_G11,40 evolved,21,5,0.20833333333333337,0.25,13.652379332093428,0.9998736151094131
c3,2,41,40_G11,40 evolved,27,6,0.2708333333333333,0.3229166666666667,9.550359758329975,0.9999198069188517
c3,2,42,40_G11,40 evolved,34,5,0.34375,0.3854166666666667,7.8028403499217,0.9997549426985247
c3,3,25,40_E7,40 evolved,36,5,0.3645833333333333,0.40625,8.285667145646306,0.9997203072037845
c3,3,35,40_E7,40 evolved,23,5,0.22916666666666663,0.2708333333333333,12.866683438536876,0.9999810132666234
c3,3,38,40_E7,40 evolved,22,5,0.21875,0.2604166666666667,13.168487395484233,0.9999026503437289
c3,3,41,40_E7,40 evolved,28,5,0.28125,0.3229166666666667,8.339417905709677,0.9999360078210646
c3,3,42,40_E7,40 evolved,21,5,0.20833333333333337,0.25,2.421913831745396,0.9997772367828346
c4,1,25,40_C7,40 evolved,37,5,0.375,0.4166666666666667,8.157592242172615,0.999859897416128
c4,1,35,40_C7,40 evolved,24,5,0.23958333333333337,0.28125,11.723145073266787,0.999907802463193
c4,1,38,40_C7,40 evolved,23,5,0.22916666666666663,0.2708333333333333,12.574489053610288,0.999927601458637
c4,1,41,40_C7,40 evolved,26,5,0.2604166666666667,0.3020833333333333,6.196028382591964,0.9995902430240214
c4,1,42,40_C7,40 evolved,26,5,0.2604166666666667,0.3020833333333333,3.365610195363173,0.9979423926030301
c4,2,25,40_E11,40 evolved,37,5,0.375,0.4166666666666667,8.32916088063953,0.9998534562958736
c4,2,35,40_E11,40 evolved,24,5,0.23958333333333337,0.28125,14.30977949353495,0.9997377581607222
c4,2,38,40_E11,40 evolved,22,5,0.21875,0.2604166666666667,13.630833560562998,0.9999030940303351
c4,2,41,40_E11,40 evolved,26,5,0.2604166666666667,0.3020833333333333,7.6024067759258,0.9998451417247466
c4,2,42,40_E11,40 evolved,25,5,0.25,0.2916666666666667,4.636668538587404,0.9980284737433909
c4,3,25,35_C9,35 evolved,36,5,0.3645833333333333,0.40625,8.4271586293419,0.9999116607615274
c4,3,35,35_C9,35 evolved,22,5,0.21875,0.2604166666666667,13.981684256032779,0.9999369647465931
c4,3,38,35_C9,35 evolved,21,5,0.20833333333333337,0.25,13.655619416710271,0.9999890993068782
c4,3,41,35_C9,35 evolved,27,5,0.2708333333333333,0.3125,7.400469065439155,0.999905064309644
c4,3,42,35_C9,35 evolved,18,5,0.17708333333333334,0.21875,1.9811834827609962,0.9951255003131684
c5,1,25,35_G5,35 evolved,34,5,0.34375,0.3854166666666667,8.417101756320095,0.9998072378179742
c5,1,35,35_G5,35 evolved,22,5,0.21875,0.2604166666666667,12.87837368653684,0.9999482782244509
c5,1,38,35_G5,35 evolved,21,5,0.20833333333333337,0.25,13.722833294103003,0.9998713826896802
c5,1,41,35_G5,35 evolved,25,5,0.25,0.2916666666666667,5.242768085479859,0.9994539070925696
c5,1,42,35_G5,35 evolved,21,5,0.20833333333333337,0.25,2.6500436104405942,0.9980706627628664
c5,2,25,40_E9,40 evolved,43,5,0.4375,0.4791666666666667,8.128706728838791,0.9999615315593073
c5,2,35,40_E9,40 evolved,25,5,0.25,0.2916666666666667,11.490985051584477,0.9999842888885071
c5,2,38,40_E9,40 evolved,25,5,0.25,0.2916666666666667,12.983393314236844,0.9999736814949275
c5,2,41,40_E9,40 evolved,35,5,0.3541666666666667,0.3958333333333333,6.903830580669885,0.9999652910076645
c5,2,42,40_E9,40 evolved,23,5,0.22916666666666663,0.2708333333333333,2.978575080304578,0.994375517200228
c5,3,25,35_D2,35 evolved,36,5,0.3645833333333333,0.40625,8.393638466662553,0.9999935969342614
c5,3,35,35_D2,35 evolved,22,5,0.21875,0.2604166666666667,13.103484400934093,0.9999907588604239
c5,3,38,35_D2,35 evolved,22,5,0.21875,0.2604166666666667,13.7333843389341,0.9999568344566222
c5,3,41,35_D2,35 evolved,24,5,0.23958333333333337,0.28125,5.807097242857291,0.9990231166091669
c5,3,42,35_D2,35 evolved,20,5,0.19791666666666663,0.23958333333333337,1.9137956416631028,0.9937096537203263
c6,1,25,35_F4,35 evolved,34,5,0.34375,0.3854166666666667,8.294461301284379,0.9999785911268372
c6,1,35,35_F4,35 evolved,21,5,0.20833333333333337,0.25,12.878867091810408,0.999982568838775
c6,1,38,35_F4,35 evolved,21,5,0.20833333333333337,0.25,14.06378858463583,0.999953848202734
c6,1,41,35_F4,35 evolved,23,5,0.22916666666666663,0.2708333333333333,5.512594070820247,0.9994306986894156
c6,1,42,35_F4,35 evolved,22,5,0.21875,0.2604166666666667,4.162755965919795,0.9997877712697857
c7,1,25,35_D4,35 evolved,34,5,0.34375,0.3854166666666667,8.455776266866978,0.999980689062035
c7,1,35,35_D4,35 evolved,21,5,0.20833333333333337,0.25,12.928522964493274,0.9999242100602785
c7,1,38,35_D4,35 evolved,21,5,0.20833333333333337,0.25,13.813759741800899,0.9999811291089357
c7,1,41,35_D4,35 evolved,23,5,0.22916666666666663,0.2708333333333333,6.111907471892898,0.999900584132038
c7,1,42,35_D4,35 evolved,22,5,0.21875,0.2604166666666667,3.20424664154817,0.99744439451144
c7,3,25,40_D8,40 evolved,38,5,0.3854166666666667,0.4270833333333333,8.27299871773862,0.9997727502152622
c7,3,35,40_D8,40 evolved,24,5,0.23958333333333337,0.28125,12.084928067144537,0.999921431720496
c7,3,38,40_D8,40 evolved,23,5,0.22916666666666663,0.2708333333333333,12.946016115812114,0.9999495816629702
c7,3,41,40_D8,40 evolved,30,7,0.3020833333333333,0.3645833333333333,7.640388286020566,0.9998294884407856
c7,3,42,40_D8,40 evolved,23,5,0.22916666666666663,0.2708333333333333,2.8331555245496944,0.9982540280638257
c8,1,25,40_F2,40 evolved,38,5,0.3854166666666667,0.4270833333333333,8.185839360449428,0.999859135469849
c8,1,35,40_F2,40 evolved,24,5,0.23958333333333337,0.28125,11.722359139819302,0.9998719398506544
c8,1,38,40_F2,40 evolved,22,5,0.21875,0.2604166666666667,12.556136324269499,0.999928428931167
c8,1,41,40_F2,40 evolved,33,6,0.3333333333333333,0.3854166666666667,8.376766867613405,0.9999567838316417
c8,1,42,40_F2,40 evolved,25,5,0.25,0.2916666666666667,4.401895937616339,0.9997768306215371
c8,3,25,35_F2,35 evolved,35,5,0.3541666666666667,0.3958333333333333,8.365280213437682,0.9999391037454527
c8,3,35,35_F2,35 evolved,23,5,0.22916666666666663,0.2708333333333333,13.527956186373,0.9998625872138889
c8,3,38,35_F2,35 evolved,22,5,0.21875,0.2604166666666667,13.638555407327438,0.9999878274404195
c8,3,41,35_F2,35 evolved,25,5,0.25,0.2916666666666667,6.228806423924731,0.9991651913510811
c8,3,42,35_F2,35 evolved,20,5,0.19791666666666663,0.23958333333333337,2.4219138317453917,0.9997772367828347
c9,1,25,40_D4,40 evolved,36,5,0.3645833333333333,0.40625,8.351461251787988,0.9998710246775142
c9,1,35,40_D4,40 evolved,23,5,0.22916666666666663,0.2708333333333333,12.32775678616335,0.9999782755881671
c9,1,38,40_D4,40 evolved,22,6,0.21875,0.2708333333333333,13.372312393151576,0.9999645802390185
c9,1,41,40_D4,40 evolved,33,5,0.3333333333333333,0.375,8.378153884888189,0.9999302641840212
c9,1,42,40_D4,40 evolved,25,5,0.25,0.2916666666666667,5.118258237466276,0.999689876242135
c9,2,25,fRS585,fRS585,37,5,0.375,0.4166666666666667,8.303568934656406,0.9999019306575172
c9,2,35,fRS585,fRS585,23,5,0.22916666666666663,0.2708333333333333,13.095682842065248,0.9999944285741228
c9,2,38,fRS585,fRS585,22,5,0.21875,0.2604166666666667,13.91672384532345,0.9999724849047128
c9,2,41,fRS585,fRS585,24,5,0.23958333333333337,0.28125,6.811459050817889,0.9995710619224809
c9,2,42,fRS585,fRS585,22,5,0.21875,0.2604166666666667,2.677927643401101,0.9961851474999532
c9,3,25,fRS585,fRS585,35,6,0.3541666666666667,0.40625,8.41631949453942,0.9998955755396939
c9,3,35,fRS585,fRS585,23,5,0.22916666666666663,0.2708333333333333,13.076978406189179,0.9999715572719011
c9,3,38,fRS585,fRS585,23,5,0.22916666666666663,0.2708333333333333,14.134065710478,0.9998913122269575
c9,3,41,fRS585,fRS585,24,5,0.23958333333333337,0.28125,5.920420532639639,0.9999154790396192
c9,3,42,fRS585,fRS585,18,5,0.17708333333333334,0.21875,2.4424685361923997,0.9997734395655322
d10,1,25,40_B8,40 evolved,37,5,0.375,0.4166666666666667,8.08191811574399,0.9999680860767971
d10,1,35,40_B8,40 evolved,22,5,0.21875,0.2604166666666667,11.591526540040855,0.9999744669267739
d10,1,38,40_B8,40 evolved,23,5,0.22916666666666663,0.2708333333333333,12.017874497323362,0.9999184261801041
d10,1,41,40_B8,40 evolved,30,6,0.3020833333333333,0.3541666666666667,8.181859786151149,0.9998351255634641
d10,1,42,40_B8,40 evolved,26,5,0.2604166666666667,0.3020833333333333,4.378370080013275,0.999791230295106
d10,2,25,35_E9,35 evolved,35,6,0.3541666666666667,0.40625,8.145924756010706,0.9999195640413641
d10,2,35,35_E9,35 evolved,23,5,0.22916666666666663,0.2708333333333333,13.126828658308114,0.9999355197590858
d10,2,38,35_E9,35 evolved,22,5,0.21875,0.2604166666666667,13.997280372355899,0.9999315897683858
d10,2,41,35_E9,35 evolved,22,6,0.21875,0.2708333333333333,5.907821167209659,0.9997670696327118
d10,2,42,35_E9,35 evolved,21,5,0.20833333333333337,0.25,2.424579746283429,0.9927214939388932
d10,3,25,35_C5,35 evolved,36,5,0.3645833333333333,0.40625,8.197128899786435,0.9998704019901873
d10,3,35,35_C5,35 evolved,23,5,0.22916666666666663,0.2708333333333333,13.176903389719312,0.9996302498768209
d10,3,38,35_C5,35 evolved,22,5,0.21875,0.2604166666666667,13.902767497942918,0.9999898181941738
d10,3,41,35_C5,35 evolved,22,5,0.21875,0.2604166666666667,5.239600093747493,0.9985659836402249
d10,3,42,35_C5,35 evolved,21,6,0.20833333333333337,0.2604166666666667,4.294408173102495,0.9998754597046312
d11,1,25,WT_CASP_2,Caspofungin evolved,36,5,0.3645833333333333,0.40625,8.55152286940631,0.9999220703035345
d11,1,35,WT_CASP_2,Caspofungin evolved,19,5,0.1875,0.22916666666666663,14.139118591412835,0.999941728273489
d11,1,38,WT_CASP_2,Caspofungin evolved,20,5,0.19791666666666663,0.23958333333333337,14.810550211285584,0.9998716724372126
d11,1,41,WT_CASP_2,Caspofungin evolved,26,5,0.2604166666666667,0.3020833333333333,8.755280290976394,0.9999897092191667
d11,1,42,WT_CASP_2,Caspofungin evolved,24,6,0.23958333333333337,0.2916666666666667,4.41501959837208,0.9983962983075978
d11,2,25,40_B2,40 evolved,36,5,0.3645833333333333,0.40625,7.519156473494548,0.9998829681160131
d11,2,35,40_B2,40 evolved,23,5,0.22916666666666663,0.2708333333333333,12.549793839483117,0.999994038194678
d11,2,38,40_B2,40 evolved,23,5,0.22916666666666663,0.2708333333333333,12.20943595883164,0.9999639709544228
d11,2,41,40_B2,40 evolved,31,5,0.3125,0.3541666666666667,8.27507958786656,0.9998872455260371
d11,2,42,40_B2,40 evolved,34,6,0.34375,0.3958333333333333,4.40047049965989,0.9997764073084998
d2,1,25,40_B8,40 evolved,37,5,0.375,0.4166666666666667,8.129922049900781,0.9998308568070008
d2,1,35,40_B8,40 evolved,21,5,0.20833333333333337,0.25,11.613952625708476,0.9998645143148145
d2,1,38,40_B8,40 evolved,22,5,0.21875,0.2604166666666667,11.768763379862502,0.9999304489659963
d2,1,41,40_B8,40 evolved,96,2,0.9895833333333334,1,15.469210350137933,1
d2,1,42,40_B8,40 evolved,25,5,0.25,0.2916666666666667,3.129961954821338,0.9991760619992752
d2,2,25,40_C9,40 evolved,36,5,0.3645833333333333,0.40625,8.188640590731403,0.999995058101848
d2,2,35,40_C9,40 evolved,23,5,0.22916666666666663,0.2708333333333333,13.044468951698542,0.9997185889249487
d2,2,38,40_C9,40 evolved,22,5,0.21875,0.2604166666666667,13.570958288666885,0.999969694267289
d2,2,41,40_C9,40 evolved,27,6,0.2708333333333333,0.3229166666666667,7.85406845597644,0.9998951560047397
d2,2,42,40_C9,40 evolved,26,5,0.2604166666666667,0.3020833333333333,4.382131161608008,0.9962671643921502
d2,3,25,35_C9,35 evolved,36,5,0.3645833333333333,0.40625,8.285845343247924,0.9999913385350421
d2,3,35,35_C9,35 evolved,22,5,0.21875,0.2604166666666667,13.300729226486599,0.99998732519547
d2,3,38,35_C9,35 evolved,22,5,0.21875,0.2604166666666667,13.498047812080085,0.9999696266699729
d2,3,41,35_C9,35 evolved,26,5,0.2604166666666667,0.3020833333333333,7.072864302259936,0.9997459198059889
d2,3,42,35_C9,35 evolved,16,5,0.15625,0.19791666666666663,1.8469282857605096,0.9998704534110531
d3,2,25,35_D8,35 evolved,38,5,0.3854166666666667,0.4270833333333333,8.21964554077048,0.9997165259258258
d3,2,35,35_D8,35 evolved,22,6,0.21875,0.2708333333333333,13.0161935525408,0.9999891616419119
d3,2,38,35_D8,35 evolved,22,5,0.21875,0.2604166666666667,13.94869393006686,0.9999884977890368
d3,2,41,35_D8,35 evolved,24,6,0.23958333333333337,0.2916666666666667,5.931305712944201,0.9995711863900988
d3,2,42,35_D8,35 evolved,23,5,0.22916666666666663,0.2708333333333333,3.219394455083926,0.9990270758052512
d3,3,25,WT_CASP_3,Caspofungin evolved,38,5,0.3854166666666667,0.4270833333333333,7.981785819564451,0.9999334605637806
d3,3,35,WT_CASP_3,Caspofungin evolved,21,5,0.20833333333333337,0.25,15.814232740628801,0.9999614333270245
d3,3,38,WT_CASP_3,Caspofungin evolved,21,5,0.20833333333333337,0.25,14.89294869804711,0.9998144041292969
d3,3,41,WT_CASP_3,Caspofungin evolved,26,5,0.2604166666666667,0.3020833333333333,5.969201250192881,0.9999002714156696
d3,3,42,WT_CASP_3,Caspofungin evolved,13,5,0.125,0.16666666666666666,1.3208976117433466,0.9834942519858788
d4,1,25,40_F2,40 evolved,36,5,0.3645833333333333,0.40625,8.152957574024994,0.9999553569601414
d4,1,35,40_F2,40 evolved,24,5,0.23958333333333337,0.28125,12.606114262933973,0.9998306726196261
d4,1,38,40_F2,40 evolved,21,5,0.20833333333333337,0.25,12.339686193956407,0.9998941387514453
d4,1,41,40_F2,40 evolved,41,5,0.4166666666666667,0.4583333333333333,7.107470406970319,0.9999754284641844
d4,1,42,40_F2,40 evolved,24,5,0.23958333333333337,0.28125,4.371089684184614,0.9992223669996676
d4,2,25,35_D8,35 evolved,39,5,0.3958333333333333,0.4375,8.256655426189612,0.9997709550423755
d4,2,35,35_D8,35 evolved,24,5,0.23958333333333337,0.28125,13.356206546492853,0.9999284567961632
d4,2,38,35_D8,35 evolved,22,5,0.21875,0.2604166666666667,13.941022262101404,0.9999655757874294
d4,2,41,35_D8,35 evolved,23,6,0.22916666666666663,0.28125,5.614961225290003,0.998941833563889
d4,2,42,35_D8,35 evolved,23,5,0.22916666666666663,0.2708333333333333,2.996560766173544,0.9938802669751823
d4,3,25,WT_FLZ_1,Fluconazole evolved,32,5,0.3229166666666667,0.3645833333333333,8.327335645236873,0.9998232946401207
d4,3,35,WT_FLZ_1,Fluconazole evolved,21,5,0.20833333333333337,0.25,13.941175659085182,0.9998972908547223
d4,3,38,WT_FLZ_1,Fluconazole evolved,23,5,0.22916666666666663,0.2708333333333333,13.646142728966133,0.9999047627541963
d4,3,41,WT_FLZ_1,Fluconazole evolved,87,5,0.8958333333333334,0.9375,5.747260192888578,0.971555197215198
d4,3,42,WT_FLZ_1,Fluconazole evolved,22,5,0.21875,0.2604166666666667,2.3223710783635103,0.997809228107368
d5,1,25,40_C7,40 evolved,37,5,0.375,0.4166666666666667,8.049728727530546,0.9998886267196592
d5,1,35,40_C7,40 evolved,24,5,0.23958333333333337,0.28125,11.910674585216737,0.9998828903280839
d5,1,38,40_C7,40 evolved,23,5,0.22916666666666663,0.2708333333333333,12.829089170095386,0.9999689837958619
d5,1,41,40_C7,40 evolved,29,5,0.2916666666666667,0.3333333333333333,6.034134238090698,0.9999981264645719
d5,1,42,40_C7,40 evolved,26,5,0.2604166666666667,0.3020833333333333,3.5928317821856304,0.9983209938895125
d5,2,25,40_E9,40 evolved,41,5,0.4166666666666667,0.4583333333333333,8.059290892934046,0.9999468154308604
d5,2,35,40_E9,40 evolved,25,5,0.25,0.2916666666666667,11.53425444659085,0.9998372842558942
d5,2,38,40_E9,40 evolved,25,5,0.25,0.2916666666666667,12.165769588269889,0.999916052002055
d5,2,41,40_E9,40 evolved,32,5,0.3229166666666667,0.3645833333333333,6.460553608699057,0.9998909834472759
d5,2,42,40_E9,40 evolved,26,5,0.2604166666666667,0.3020833333333333,2.7668819094018624,0.9967140015411464
d5,3,25,35_E7,35 evolved,36,5,0.3645833333333333,0.40625,8.293352105749072,0.9999866848481156
d5,3,35,35_E7,35 evolved,22,5,0.21875,0.2604166666666667,13.265330631825538,0.9999828983872114
d5,3,38,35_E7,35 evolved,23,5,0.22916666666666663,0.2708333333333333,13.692257826186523,0.9999786990494902
d5,3,41,35_E7,35 evolved,24,5,0.23958333333333337,0.28125,5.146345889685929,0.9996852998376192
d5,3,42,35_E7,35 evolved,22,5,0.21875,0.2604166666666667,1.8308083106384487,0.9936340377028215
d6,1,25,WT_FLZ_2,Fluconazole evolved,52,5,0.53125,0.5729166666666666,5.34646523175598,0.999759312575234
d6,1,35,WT_FLZ_2,Fluconazole evolved,30,5,0.3020833333333333,0.34375,9.257128326241054,0.9999453794120877
d6,1,38,WT_FLZ_2,Fluconazole evolved,29,5,0.2916666666666667,0.3333333333333333,9.452429223971183,0.9998604914945505
d6,1,41,WT_FLZ_2,Fluconazole evolved,26,5,0.2604166666666667,0.3020833333333333,2.32412345128018,0.9997948627827529
d6,1,42,WT_FLZ_2,Fluconazole evolved,5,5,0.04166666666666666,0.08333333333333333,1.170929102045036,0.999947930078251
d6,2,25,35_G9,35 evolved,34,5,0.34375,0.3854166666666667,8.248019422432936,0.9998201146672114
d6,2,35,35_G9,35 evolved,23,5,0.22916666666666663,0.2708333333333333,13.040296159476167,0.9999709248358905
d6,2,38,35_G9,35 evolved,21,5,0.20833333333333337,0.25,13.495945736203039,0.9998599956571556
d6,2,41,35_G9,35 evolved,23,5,0.22916666666666663,0.2708333333333333,5.865391360960007,0.9999231922752418
d6,2,42,35_G9,35 evolved,22,5,0.21875,0.2604166666666667,2.1269621496357365,0.9959169513383664
d6,3,25,35_C9,35 evolved,36,5,0.3645833333333333,0.40625,8.453035031221821,0.9996299334068592
d6,3,35,35_C9,35 evolved,23,5,0.22916666666666663,0.2708333333333333,13.440543851286247,0.9998674046381401
d6,3,38,35_C9,35 evolved,22,5,0.21875,0.2604166666666667,13.93338310754789,0.9998598824292053
d6,3,41,35_C9,35 evolved,22,5,0.21875,0.2604166666666667,5.423542079459585,0.9995710105559322
d6,3,42,35_C9,35 evolved,20,6,0.19791666666666663,0.25,1.9169441946652437,0.9891936352255634
d7,1,25,35_B6,35 evolved,35,5,0.3541666666666667,0.3958333333333333,8.341175075402402,0.9999206443249405
d7,1,35,35_B6,35 evolved,22,5,0.21875,0.2604166666666667,13.050051405462098,0.9998858403278968
d7,1,38,35_B6,35 evolved,22,5,0.21875,0.2604166666666667,13.64250467301766,0.9998925696366427
d7,1,41,35_B6,35 evolved,24,5,0.23958333333333337,0.28125,5.270114426097488,0.9995024230210995
d7,1,42,35_B6,35 evolved,21,5,0.20833333333333337,0.25,3.2304294404231433,0.9988686631005397
d7,3,25,40_D8,40 evolved,38,5,0.3854166666666667,0.4270833333333333,8.501895635467077,0.9998590478293454
d7,3,35,40_D8,40 evolved,24,5,0.23958333333333337,0.28125,12.201633475062012,0.9999364628556375
d7,3,38,40_D8,40 evolved,24,5,0.23958333333333337,0.28125,13.006385236427331,0.9999962375301736
d7,3,41,40_D8,40 evolved,31,5,0.3125,0.3541666666666667,7.046058270787847,0.999993500164957
d7,3,42,40_D8,40 evolved,25,5,0.25,0.2916666666666667,2.588739476944218,0.9980647415014925
d8,1,25,WT_CASP_1,Caspofungin evolved,35,5,0.3541666666666667,0.3958333333333333,8.005930425305696,0.9998904182272507
d8,1,35,WT_CASP_1,Caspofungin evolved,21,5,0.20833333333333337,0.25,14.41769181770483,0.9997353063954867
d8,1,38,WT_CASP_1,Caspofungin evolved,20,5,0.19791666666666663,0.23958333333333337,14.475794985739075,0.9997003921933009
d8,1,41,WT_CASP_1,Caspofungin evolved,25,5,0.25,0.2916666666666667,5.38497100774098,0.9996402336945497
d8,1,42,WT_CASP_1,Caspofungin evolved,23,5,0.22916666666666663,0.2708333333333333,3.6545730272021433,0.9972595339767149
d8,2,25,40_C9,40 evolved,36,5,0.3645833333333333,0.40625,8.165342840960664,0.9998510113464885
d8,2,35,40_C9,40 evolved,22,5,0.21875,0.2604166666666667,13.16712248212097,0.9999409354021321
d8,2,38,40_C9,40 evolved,22,10,0.21875,0.3125,13.946816957830467,0.9718564052695181
d8,2,41,40_C9,40 evolved,28,5,0.28125,0.3229166666666667,8.170825505563927,0.9997837569055108
d8,2,42,40_C9,40 evolved,27,5,0.2708333333333333,0.3125,3.1263315003509105,0.9989178192025215
d8,3,25,WT_CASP_3,Caspofungin evolved,35,5,0.3541666666666667,0.3958333333333333,8.18301532876284,0.9998535123843926
d8,3,35,WT_CASP_3,Caspofungin evolved,21,5,0.20833333333333337,0.25,15.549147593723154,0.9999938826231102
d8,3,38,WT_CASP_3,Caspofungin evolved,21,5,0.20833333333333337,0.25,14.859392307063574,0.9999288979232149
d8,3,41,WT_CASP_3,Caspofungin evolved,41,5,0.4166666666666667,0.4583333333333333,14.260045350678649,0.9926833324154172
d8,3,42,WT_CASP_3,Caspofungin evolved,22,5,0.21875,0.2604166666666667,1.6997187090061525,0.9998902814699765
d9,2,25,40_C9,40 evolved,36,5,0.3645833333333333,0.40625,8.187391328234359,0.9998544421257886
d9,2,35,40_C9,40 evolved,23,5,0.22916666666666663,0.2708333333333333,13.223332796157708,0.9999719361819049
d9,2,38,40_C9,40 evolved,22,5,0.21875,0.2604166666666667,13.817647791058013,0.9998930971750454
d9,2,41,40_C9,40 evolved,26,5,0.2604166666666667,0.3020833333333333,8.222273299555274,0.9996481574804855
d9,2,42,40_C9,40 evolved,28,5,0.28125,0.3229166666666667,3.2975218362002763,0.9992106465662078
e10,1,25,fRS585,fRS585,37,5,0.375,0.4166666666666667,8.407734491744176,0.9999449275574989
e10,1,35,fRS585,fRS585,20,5,0.19791666666666663,0.23958333333333337,12.95617102130258,0.9999894939013431
e10,1,38,fRS585,fRS585,22,5,0.21875,0.2604166666666667,13.545066177787824,0.9998841169800505
e10,1,41,fRS585,fRS585,23,5,0.22916666666666663,0.2708333333333333,5.98124603621611,0.9988858310963715
e10,1,42,fRS585,fRS585,22,5,0.21875,0.2604166666666667,3.5429236840445903,0.9995624394233716
e10,2,25,fRS585,fRS585,37,5,0.375,0.4166666666666667,8.203620841672144,0.9999489922372937
e10,2,35,fRS585,fRS585,23,5,0.22916666666666663,0.2708333333333333,13.14675117850519,0.9999399810635925
e10,2,38,fRS585,fRS585,22,5,0.21875,0.2604166666666667,13.961251238446769,0.9999347583714312
e10,2,41,fRS585,fRS585,23,5,0.22916666666666663,0.2708333333333333,6.715835863695573,0.9997730937203171
e10,2,42,fRS585,fRS585,21,5,0.20833333333333337,0.25,2.2852274089790465,0.9965303595976304
e10,3,25,WT_FLZ_1,Fluconazole evolved,35,5,0.3541666666666667,0.3958333333333333,8.402504348958388,0.9999321443062371
e10,3,35,WT_FLZ_1,Fluconazole evolved,20,6,0.19791666666666663,0.25,13.75294609192257,0.9999518109892744
e10,3,38,WT_FLZ_1,Fluconazole evolved,22,5,0.21875,0.2604166666666667,14.209106239669314,0.9999800506923237
e10,3,41,WT_FLZ_1,Fluconazole evolved,20,5,0.19791666666666663,0.23958333333333337,4.6388375848302115,0.9997613809080611
e10,3,42,WT_FLZ_1,Fluconazole evolved,20,5,0.19791666666666663,0.23958333333333337,2.8901839451345692,0.9996827678312777
e11,2,25,40_E11,40 evolved,37,5,0.375,0.4166666666666667,8.412437043167007,0.9999877014903309
e11,2,35,40_E11,40 evolved,23,5,0.22916666666666663,0.2708333333333333,13.077176591247257,0.9999850290896354
e11,2,38,40_E11,40 evolved,22,5,0.21875,0.2604166666666667,13.58811698244365,0.9999787180134415
e11,2,41,40_E11,40 evolved,28,6,0.28125,0.3333333333333333,8.282457167580183,0.9999393569424812
e11,2,42,40_E11,40 evolved,24,5,0.23958333333333337,0.28125,3.5611006309465765,0.9995183906764534
e11,3,25,40_E7,40 evolved,37,5,0.375,0.4166666666666667,8.432337806585641,0.9998533801564374
e11,3,35,40_E7,40 evolved,23,5,0.22916666666666663,0.2708333333333333,12.846859730990628,0.9997748849187574
e11,3,38,40_E7,40 evolved,22,5,0.21875,0.2604166666666667,13.686108684267392,0.9999010175056803
e11,3,41,40_E7,40 evolved,31,5,0.3125,0.3541666666666667,8.267066841625931,0.9999382437621851
e11,3,42,40_E7,40 evolved,27,5,0.2708333333333333,0.3125,2.990631050124349,0.9946142057475023
e2,1,25,35_B8,35 evolved,34,5,0.34375,0.3854166666666667,8.437133695577602,0.9998931610597102
e2,1,35,35_B8,35 evolved,21,5,0.20833333333333337,0.25,13.018226841006118,0.9999237175944689
e2,1,38,35_B8,35 evolved,20,5,0.19791666666666663,0.23958333333333337,13.49731014545201,0.9998365609320207
e2,1,41,35_B8,35 evolved,24,5,0.23958333333333337,0.28125,5.2079787853371124,0.99926301428888
e2,1,42,35_B8,35 evolved,21,5,0.20833333333333337,0.25,2.5465451116209494,0.9978452027364557
e2,3,25,40_B6,40 evolved,41,5,0.4166666666666667,0.4583333333333333,8.063490186355788,0.9998664460469433
e2,3,35,40_B6,40 evolved,25,5,0.25,0.2916666666666667,11.826513709199384,0.9999097316522348
e2,3,38,40_B6,40 evolved,22,5,0.21875,0.2604166666666667,12.45622237837713,0.999977763087226
e2,3,41,40_B6,40 evolved,30,5,0.3020833333333333,0.34375,7.979514005940881,0.9999935423492216
e2,3,42,40_B6,40 evolved,26,5,0.2604166666666667,0.3020833333333333,1.784384310062657,0.9935914581376781
e3,1,25,35_F4,35 evolved,36,5,0.3645833333333333,0.40625,8.215345700895218,0.9998710981734702
e3,1,35,35_F4,35 evolved,22,5,0.21875,0.2604166666666667,12.773018749344477,0.9999535061654511
e3,1,38,35_F4,35 evolved,21,5,0.20833333333333337,0.25,13.826147214112149,0.9998833307224811
e3,1,41,35_F4,35 evolved,21,5,0.20833333333333337,0.25,5.103738471128755,0.9993173923160462
e3,1,42,35_F4,35 evolved,17,5,0.16666666666666666,0.20833333333333337,4.2680872339352645,0.9990940007597958
e3,2,25,35_C7,35 evolved,38,5,0.3854166666666667,0.4270833333333333,8.209816591219067,0.9998404287133795
e3,2,35,35_C7,35 evolved,23,5,0.22916666666666663,0.2708333333333333,13.088636374870362,0.9999648883104187
e3,2,38,35_C7,35 evolved,22,5,0.21875,0.2604166666666667,13.811078504741616,0.9997617901908082
e3,2,41,35_C7,35 evolved,23,5,0.22916666666666663,0.2708333333333333,5.63676712401623,0.9995376925660772
e3,2,42,35_C7,35 evolved,19,6,0.1875,0.23958333333333337,3.8721150999689953,0.999626806009622
e4,3,25,35_C5,35 evolved,37,5,0.375,0.4166666666666667,8.287048183358058,0.9999787063715023
e4,3,35,35_C5,35 evolved,22,5,0.21875,0.2604166666666667,13.064052331947314,0.9999622983746843
e4,3,38,35_C5,35 evolved,23,5,0.22916666666666663,0.2708333333333333,13.695411493859963,0.9998924717838595
e4,3,41,35_C5,35 evolved,22,5,0.21875,0.2604166666666667,4.99467826326638,0.999197205290486
e4,3,42,35_C5,35 evolved,14,5,0.13541666666666666,0.17708333333333334,3.006020996611612,0.9980995063423321
e5,1,25,40_D4,40 evolved,37,5,0.375,0.4166666666666667,8.304676616101743,0.9995704098969755
e5,1,35,40_D4,40 evolved,23,5,0.22916666666666663,0.2708333333333333,12.323001273206007,0.9999714094698301
e5,1,38,40_D4,40 evolved,23,5,0.22916666666666663,0.2708333333333333,14.277761644567192,0.9998690106401331
e5,1,41,40_D4,40 evolved,44,5,0.4479166666666667,0.4895833333333333,6.756397777283677,0.9980984466663547
e5,1,42,40_D4,40 evolved,25,5,0.25,0.2916666666666667,3.2345516660114932,0.9992122581856596
e5,3,25,40_G5,40 evolved,37,5,0.375,0.4166666666666667,7.969047386722674,0.9998320611211863
e5,3,35,40_G5,40 evolved,24,5,0.23958333333333337,0.28125,12.209210590896733,0.9999564236590706
e5,3,38,40_G5,40 evolved,23,5,0.22916666666666663,0.2708333333333333,12.595123996458875,0.9999127442354132
e5,3,41,40_G5,40 evolved,27,5,0.2708333333333333,0.3125,5.468939217684913,0.9999432555714121
e5,3,42,40_G5,40 evolved,23,5,0.22916666666666663,0.2708333333333333,1.8766784870206996,0.9832729717032911
e7,1,25,35_F4,35 evolved,33,5,0.3333333333333333,0.375,8.286051714881541,0.9997059523671787
e7,1,35,35_F4,35 evolved,21,5,0.20833333333333337,0.25,13.106785128648147,0.9997871135955678
e7,1,38,35_F4,35 evolved,21,5,0.20833333333333337,0.25,13.91155519850612,0.9999330709402559
e7,1,41,35_F4,35 evolved,25,5,0.25,0.2916666666666667,5.582471639642004,0.9996458859579881
e7,1,42,35_F4,35 evolved,20,5,0.19791666666666663,0.23958333333333337,4.623492449334073,0.9992710361604373
e8,1,25,35_B8,35 evolved,34,5,0.34375,0.3854166666666667,8.407409713480797,0.9999774929683571
e8,1,35,35_B8,35 evolved,22,5,0.21875,0.2604166666666667,13.131673759201353,0.9999856695833128
e8,1,38,35_B8,35 evolved,21,5,0.20833333333333337,0.25,13.618258253254423,0.9996598079156367
e8,1,41,35_B8,35 evolved,24,5,0.23958333333333337,0.28125,5.568259649163963,0.9986954618713111
e8,1,42,35_B8,35 evolved,22,6,0.21875,0.2708333333333333,3.935976246248702,0.9997967587693327
e8,2,25,35_C7,35 evolved,37,5,0.375,0.4166666666666667,8.310256895542148,0.9999229970806984
e8,2,35,35_C7,35 evolved,23,5,0.22916666666666663,0.2708333333333333,12.835477242835607,0.9999838821630083
e8,2,38,35_C7,35 evolved,22,5,0.21875,0.2604166666666667,13.868428207611485,0.9998591624178029
e8,2,41,35_C7,35 evolved,23,5,0.22916666666666663,0.2708333333333333,6.023658893517664,0.9999204752521189
e8,2,42,35_C7,35 evolved,20,6,0.19791666666666663,0.25,3.4425009312296515,0.9986285478303641
e9,1,25,40_D2,40 evolved,40,5,0.40625,0.4479166666666667,8.194598904490496,0.9997438467079792
e9,1,35,40_D2,40 evolved,25,5,0.25,0.2916666666666667,11.513400942371604,0.9999645458017445
e9,1,38,40_D2,40 evolved,23,5,0.22916666666666663,0.2708333333333333,12.608810037659111,0.9999347739450111
e9,1,41,40_D2,40 evolved,49,5,0.5,0.5416666666666666,6.07600378216388,0.9965862687667018
e9,1,42,40_D2,40 evolved,27,5,0.2708333333333333,0.3125,5.3575536827187396,0.9999467598370025
e9,2,25,35_B2,35 evolved,37,5,0.375,0.4166666666666667,8.172161979149127,0.9997590454522393
e9,2,35,35_B2,35 evolved,23,5,0.22916666666666663,0.2708333333333333,13.130554668054817,0.999939733826189
e9,2,38,35_B2,35 evolved,23,5,0.22916666666666663,0.2708333333333333,13.706941085764232,0.9998750457359192
e9,2,41,35_B2,35 evolved,23,5,0.22916666666666663,0.2708333333333333,5.865391360960014,0.9997085442383064
e9,2,42,35_B2,35 evolved,19,5,0.1875,0.22916666666666663,2.185090495148558,0.9959311482467431
f10,1,25,40_F2,40 evolved,36,5,0.3645833333333333,0.40625,8.206190394251829,0.999921845120117
f10,1,35,40_F2,40 evolved,21,16,0.20833333333333337,0.3645833333333333,13.198756851239128,0.9724743476034879
f10,1,38,40_F2,40 evolved,22,5,0.21875,0.2604166666666667,13.009615092408533,0.999654167317802
f10,1,41,40_F2,40 evolved,42,5,0.4270833333333333,0.46875,15.814582853881316,0.9842241761294963
f10,1,42,40_F2,40 evolved,29,5,0.2916666666666667,0.3333333333333333,4.385101436165484,0.9922046906618875
f11,1,25,fRS585,fRS585,35,6,0.3541666666666667,0.40625,8.511907535116759,0.9999159661393927
f11,1,35,fRS585,fRS585,21,5,0.20833333333333337,0.25,13.054782841619495,0.9999701409453161
f11,1,38,fRS585,fRS585,22,5,0.21875,0.2604166666666667,14.020415446643483,0.999990414146719
f11,1,41,fRS585,fRS585,25,5,0.25,0.2916666666666667,6.389616820022019,0.9991631524986638
f11,1,42,fRS585,fRS585,21,5,0.20833333333333337,0.25,3.279541145174041,0.9984032095332723
f11,2,25,35_B2,35 evolved,37,5,0.375,0.4166666666666667,8.251437683348218,0.9999696796275654
f11,2,35,35_B2,35 evolved,23,5,0.22916666666666663,0.2708333333333333,13.6058322867862,0.9999644052995521
f11,2,38,35_B2,35 evolved,23,5,0.22916666666666663,0.2708333333333333,13.788256551753497,0.9999620266700705
f11,2,41,35_B2,35 evolved,24,5,0.23958333333333337,0.28125,6.419731395788238,0.9995366685122992
f11,2,42,35_B2,35 evolved,19,6,0.1875,0.23958333333333337,2.399806621416545,0.9978517437819685
f11,3,25,35_F2,35 evolved,37,5,0.375,0.4166666666666667,8.601264973557475,0.9993131690798654
f11,3,35,35_F2,35 evolved,23,5,0.22916666666666663,0.2708333333333333,13.49789740780919,0.9998526769319062
f11,3,38,35_F2,35 evolved,22,5,0.21875,0.2604166666666667,14.100755450816116,0.9999644342327628
f11,3,41,35_F2,35 evolved,25,5,0.25,0.2916666666666667,5.960461165693731,0.9992696140898715
f11,3,42,35_F2,35 evolved,22,5,0.21875,0.2604166666666667,2.401702441810813,0.9997809392859494
f2,1,25,35_G5,35 evolved,35,6,0.3541666666666667,0.40625,8.239175776964437,0.9998148530148387
f2,1,35,35_G5,35 evolved,21,5,0.20833333333333337,0.25,12.747105290307196,0.999952152265099
f2,1,38,35_G5,35 evolved,20,5,0.19791666666666663,0.23958333333333337,13.636046702055806,0.9999092447274657
f2,1,41,35_G5,35 evolved,24,5,0.23958333333333337,0.28125,4.977729279498964,0.9994364725458452
f2,1,42,35_G5,35 evolved,22,5,0.21875,0.2604166666666667,2.7886255575252528,0.9967027697054439
f2,2,25,35_F6,35 evolved,35,5,0.3541666666666667,0.3958333333333333,8.333795033904893,0.999900399007812
f2,2,35,35_F6,35 evolved,24,5,0.23958333333333337,0.28125,13.469986335414097,0.9999038666824774
f2,2,38,35_F6,35 evolved,23,5,0.22916666666666663,0.2708333333333333,13.650205120126206,0.9998783579330636
f2,2,41,35_F6,35 evolved,23,5,0.22916666666666663,0.2708333333333333,5.262238742289605,0.999903995760719
f2,2,42,35_F6,35 evolved,23,5,0.22916666666666663,0.2708333333333333,1.9635569080118946,0.9951196526640832
f2,3,25,40_F6,40 evolved,35,5,0.3541666666666667,0.3958333333333333,8.497077257453077,0.9998762332743782
f2,3,35,40_F6,40 evolved,22,5,0.21875,0.2604166666666667,13.242763965949095,0.9999973131726928
f2,3,38,40_F6,40 evolved,21,5,0.20833333333333337,0.25,13.772672327244585,0.9999790201145445
f2,3,41,40_F6,40 evolved,27,5,0.2708333333333333,0.3125,9.865084309736499,0.9998515700216677
f2,3,42,40_F6,40 evolved,21,5,0.20833333333333337,0.25,2.442468536192397,0.9997734395655324
f3,1,25,40_D4,40 evolved,37,5,0.375,0.4166666666666667,8.177354744556673,0.9999552487936103
f3,1,35,40_D4,40 evolved,23,5,0.22916666666666663,0.2708333333333333,12.454109780676015,0.9999964460130037
f3,1,38,40_D4,40 evolved,22,5,0.21875,0.2604166666666667,13.278549180603255,0.9999803508980686
f3,1,41,40_D4,40 evolved,25,12,0.25,0.3645833333333333,9.098791931757406,0.9718301701548134
f3,1,42,40_D4,40 evolved,26,5,0.2604166666666667,0.3020833333333333,6.25724500584117,0.9999186896551695
f3,2,25,40_F4,40 evolved,37,5,0.375,0.4166666666666667,7.891414368667208,0.9998862616835243
f3,2,35,40_F4,40 evolved,24,5,0.23958333333333337,0.28125,11.539608186833032,0.9999228102845201
f3,2,38,40_F4,40 evolved,22,5,0.21875,0.2604166666666667,12.375624499357459,0.9998917786919481
f3,2,41,40_F4,40 evolved,29,5,0.2916666666666667,0.3333333333333333,8.096969681431998,0.9995647824206577
f3,2,42,40_F4,40 evolved,44,6,0.4479166666666667,0.5,6.374897296599331,0.9993730736171841
f3,3,25,35_E7,35 evolved,35,5,0.3541666666666667,0.3958333333333333,8.127763492072635,0.9998573062297877
f3,3,35,35_E7,35 evolved,22,5,0.21875,0.2604166666666667,13.298182620190172,0.9999473214659328
f3,3,38,35_E7,35 evolved,22,5,0.21875,0.2604166666666667,14.29626167132487,0.9999600261444704
f3,3,41,35_E7,35 evolved,23,5,0.22916666666666663,0.2708333333333333,6.030085807796226,0.9997286302180136
f3,3,42,35_E7,35 evolved,19,5,0.1875,0.22916666666666663,1.7951035990753768,0.9998776215534906
f4,1,25,35_D4,35 evolved,36,5,0.3645833333333333,0.40625,8.206414811232955,0.9999177585504786
f4,1,35,35_D4,35 evolved,21,5,0.20833333333333337,0.25,12.91955912565751,0.9999969482408383
f4,1,38,35_D4,35 evolved,22,5,0.21875,0.2604166666666667,13.84405211983484,0.9998736019247314
f4,1,41,35_D4,35 evolved,24,5,0.23958333333333337,0.28125,5.019255520466913,0.9978197697444819
f4,1,42,35_D4,35 evolved,22,5,0.21875,0.2604166666666667,3.119110189965779,0.9973161192999425
f4,2,25,40_G11,40 evolved,36,5,0.3645833333333333,0.40625,7.848487127338974,0.9999360248153323
f4,2,35,40_G11,40 evolved,22,5,0.21875,0.2604166666666667,13.745530888798884,0.9999078122344757
f4,2,38,40_G11,40 evolved,21,5,0.20833333333333337,0.25,13.524092719844633,0.9999519563999444
f4,2,41,40_G11,40 evolved,29,5,0.2916666666666667,0.3333333333333333,7.592636047436585,0.9997329740652733
f4,2,42,40_G11,40 evolved,31,5,0.3125,0.3541666666666667,3.301653842396483,0.9994816544722626
f4,3,25,40_C5,40 evolved,38,5,0.3854166666666667,0.4270833333333333,7.932703900241388,0.9998822135057239
f4,3,35,40_C5,40 evolved,24,5,0.23958333333333337,0.28125,11.616023121291061,0.9999437133049123
f4,3,38,40_C5,40 evolved,23,5,0.22916666666666663,0.2708333333333333,12.09561495676518,0.9998478695187066
f4,3,41,40_C5,40 evolved,27,6,0.2708333333333333,0.3229166666666667,7.284909155425663,0.999898704429226
f4,3,42,40_C5,40 evolved,19,5,0.1875,0.22916666666666663,2.1653643415364843,0.9959263586981748
f5,1,25,35_B6,35 evolved,34,5,0.34375,0.3854166666666667,8.248250582069828,0.9999875333556317
f5,1,35,35_B6,35 evolved,20,5,0.19791666666666663,0.23958333333333337,13.033207228749657,0.9998877527755308
f5,1,38,35_B6,35 evolved,22,5,0.21875,0.2604166666666667,13.794616637769536,0.9999897849844862
f5,1,41,35_B6,35 evolved,22,5,0.21875,0.2604166666666667,4.708400661916813,0.9973833822581682
f5,1,42,35_B6,35 evolved,20,5,0.19791666666666663,0.23958333333333337,2.7226459782447594,0.9961728059925129
f5,2,25,40_B2,40 evolved,37,5,0.375,0.4166666666666667,7.426333301048571,0.9996390598138382
f5,2,35,40_B2,40 evolved,23,5,0.22916666666666663,0.2708333333333333,12.471595075157362,0.9999518410434913
f5,2,38,40_B2,40 evolved,22,5,0.21875,0.2604166666666667,11.882111176784019,0.9998380408274098
f5,2,41,40_B2,40 evolved,33,5,0.3333333333333333,0.375,7.028145195928676,0.9999444865794026
f5,2,42,40_B2,40 evolved,32,5,0.3229166666666667,0.3645833333333333,3.435459316671315,0.9983173942673343
f5,3,25,40_D8,40 evolved,37,5,0.375,0.4166666666666667,8.303574985328968,0.9998327430122282
f5,3,35,40_D8,40 evolved,23,5,0.22916666666666663,0.2708333333333333,12.136932029147262,0.9998678541014391
f5,3,38,40_D8,40 evolved,23,5,0.22916666666666663,0.2708333333333333,13.062444194927398,0.9998681551647343
f5,3,41,40_D8,40 evolved,28,5,0.28125,0.3229166666666667,7.397050699390859,0.9995863063359564
f5,3,42,40_D8,40 evolved,25,6,0.25,0.3020833333333333,2.1135741629394142,0.9977744804139119
f6,1,25,40_B8,40 evolved,38,5,0.3854166666666667,0.4270833333333333,8.05695061142343,0.9997416900847608
f6,1,35,40_B8,40 evolved,21,5,0.20833333333333337,0.25,11.5461942966942,0.9999230969268411
f6,1,38,40_B8,40 evolved,24,5,0.23958333333333337,0.28125,12.645967248914143,0.9997657582018631
f6,1,41,40_B8,40 evolved,35,5,0.3541666666666667,0.3958333333333333,6.812374576938196,0.9999556911321674
f6,1,42,40_B8,40 evolved,24,5,0.23958333333333337,0.28125,4.107584818074977,0.9925452188449995
f7,1,25,40_C7,40 evolved,36,7,0.3645833333333333,0.4270833333333333,8.067790629197205,0.9999489308490508
f7,1,35,40_C7,40 evolved,23,5,0.22916666666666663,0.2708333333333333,12.183833834752932,0.9999246592412837
f7,1,38,40_C7,40 evolved,26,5,0.2604166666666667,0.3020833333333333,13.741898055591907,0.9991445528673588
f7,1,41,40_C7,40 evolved,37,26,0.375,0.6354166666666666,6.501633525111168,0.9702583247565493
f7,1,42,40_C7,40 evolved,26,5,0.2604166666666667,0.3020833333333333,3.74046079274475,0.9997143729705349
f7,2,25,40_F4,40 evolved,37,5,0.375,0.4166666666666667,8.089683884767345,0.9988550124028298
f7,2,35,40_F4,40 evolved,23,5,0.22916666666666663,0.2708333333333333,11.740853406067822,0.9998279567023437
f7,2,38,40_F4,40 evolved,21,5,0.20833333333333337,0.25,12.333324672922023,0.9999676086578339
f7,2,41,40_F4,40 evolved,29,5,0.2916666666666667,0.3333333333333333,8.515245600022194,0.9998950519438845
f7,2,42,40_F4,40 evolved,25,5,0.25,0.2916666666666667,3.6753081425590977,0.9992563060808974
f7,3,25,35_D2,35 evolved,36,5,0.3645833333333333,0.40625,8.516846612462988,0.999918620358614
f7,3,35,35_D2,35 evolved,22,5,0.21875,0.2604166666666667,13.18164927038348,0.9994767742166772
f7,3,38,35_D2,35 evolved,22,5,0.21875,0.2604166666666667,13.848132228897539,0.9994153853524689
f7,3,41,35_D2,35 evolved,24,5,0.23958333333333337,0.28125,5.746395876923491,0.999303386346771
f7,3,42,35_D2,35 evolved,18,5,0.17708333333333334,0.21875,1.8120521567917212,0.9998752997587113
f8,1,25,WT_CASP_1,Caspofungin evolved,35,5,0.3541666666666667,0.3958333333333333,8.175224718445062,0.9999566736938009
f8,1,35,WT_CASP_1,Caspofungin evolved,21,5,0.20833333333333337,0.25,14.489735350815167,0.9999270754206333
f8,1,38,WT_CASP_1,Caspofungin evolved,19,5,0.1875,0.22916666666666663,14.665596871031761,0.9999811107529235
f8,1,41,WT_CASP_1,Caspofungin evolved,26,6,0.2604166666666667,0.3125,5.087298632648098,0.9997551889496937
f8,1,42,WT_CASP_1,Caspofungin evolved,25,5,0.25,0.2916666666666667,3.36858552248238,0.999491627051856
f8,2,25,35_G9,35 evolved,34,6,0.34375,0.3958333333333333,8.425042819904101,0.9999064201582005
f8,2,35,35_G9,35 evolved,23,6,0.22916666666666663,0.28125,12.98665083254603,0.9999753066809999
f8,2,38,35_G9,35 evolved,22,5,0.21875,0.2604166666666667,13.701958438029939,0.9998104166810411
f8,2,41,35_G9,35 evolved,23,5,0.22916666666666663,0.2708333333333333,5.884719839067311,0.999457720565987
f8,2,42,35_G9,35 evolved,19,5,0.1875,0.22916666666666663,2.0046676236919954,0.9838954249242177
f8,3,25,40_G5,40 evolved,40,5,0.40625,0.4479166666666667,8.063485207834676,0.999857154425825
f8,3,35,40_G5,40 evolved,24,5,0.23958333333333337,0.28125,12.135424304965353,0.9999826461061583
f8,3,38,40_G5,40 evolved,23,5,0.22916666666666663,0.2708333333333333,12.612677171489253,0.9999769236546305
f8,3,41,40_G5,40 evolved,35,20,0.3541666666666667,0.5520833333333334,6.691027316744518,0.9708205635572031
f8,3,42,40_G5,40 evolved,29,5,0.2916666666666667,0.3333333333333333,2.283945748684179,0.9942309056152427
f9,2,25,35_F6,35 evolved,35,5,0.3541666666666667,0.3958333333333333,8.33428086967306,0.9998486810645246
f9,2,35,35_F6,35 evolved,23,5,0.22916666666666663,0.2708333333333333,13.29481409513761,0.9998273434709848
f9,2,38,35_F6,35 evolved,19,10,0.1875,0.28125,15.140968065853913,0.9718776896886813
f9,2,41,35_F6,35 evolved,23,5,0.22916666666666663,0.2708333333333333,6.052835245007339,0.9995757706518983
f9,2,42,35_F6,35 evolved,18,5,0.17708333333333334,0.21875,1.883173862748193,0.9998653188660538
g10,1,25,40_G9,40 evolved,33,5,0.3333333333333333,0.375,8.248367658766908,0.9997763482704513
g10,1,35,40_G9,40 evolved,18,5,0.17708333333333334,0.21875,13.707355691309676,0.9998154819139652
g10,1,38,40_G9,40 evolved,19,5,0.1875,0.22916666666666663,14.197150073612464,0.999897044494193
g10,1,41,40_G9,40 evolved,26,5,0.2604166666666667,0.3020833333333333,8.794593012068626,0.9998010115890041
g10,1,42,40_G9,40 evolved,22,6,0.21875,0.2708333333333333,4.826084467576229,0.9999533580628327
g10,3,25,35_F2,35 evolved,36,5,0.3645833333333333,0.40625,8.514939807949009,0.9999489013722013
g10,3,35,35_F2,35 evolved,23,5,0.22916666666666663,0.2708333333333333,13.280378012871715,0.9999262979516882
g10,3,38,35_F2,35 evolved,22,5,0.21875,0.2604166666666667,14.180974483607208,0.9999652615964433
g10,3,41,35_F2,35 evolved,31,5,0.3125,0.3541666666666667,7.992374148226911,0.9998642199316226
g10,3,42,35_F2,35 evolved,22,5,0.21875,0.2604166666666667,2.3055060419097915,0.9997981361289486
g2,1,25,35_G11,35 evolved,38,5,0.3854166666666667,0.4270833333333333,8.406031356563958,0.999964970508102
g2,1,35,35_G11,35 evolved,21,5,0.20833333333333337,0.25,13.020231872004025,0.9999528342091827
g2,1,38,35_G11,35 evolved,22,5,0.21875,0.2604166666666667,13.80964524076255,0.9999763055954749
g2,1,41,35_G11,35 evolved,22,5,0.21875,0.2604166666666667,4.767166269642448,0.9997510979577244
g2,1,42,35_G11,35 evolved,16,5,0.15625,0.19791666666666663,2.596746149287135,0.999743914401583
g2,3,25,40_E7,40 evolved,37,5,0.375,0.4166666666666667,8.435614765266742,0.9996523807412533
g2,3,35,40_E7,40 evolved,23,5,0.22916666666666663,0.2708333333333333,12.901082224252258,0.9999347249693461
g2,3,38,40_E7,40 evolved,23,5,0.22916666666666663,0.2708333333333333,13.278084828531778,0.9999439813232456
g2,3,41,40_E7,40 evolved,27,5,0.2708333333333333,0.3125,10.708475562558462,0.9999445560374836
g2,3,42,40_E7,40 evolved,20,5,0.19791666666666663,0.23958333333333337,2.0360154848851386,0.9951435804441663
g3,1,25,WT_FLZ_2,Fluconazole evolved,51,5,0.5208333333333334,0.5625,5.41662657951286,0.9999755121767866
g3,1,35,WT_FLZ_2,Fluconazole evolved,31,5,0.3125,0.3541666666666667,9.312638183182186,0.9999963869311682
g3,1,38,WT_FLZ_2,Fluconazole evolved,28,5,0.28125,0.3229166666666667,9.458729517796616,0.9998971440360099
g3,1,41,WT_FLZ_2,Fluconazole evolved,19,5,0.1875,0.22916666666666663,1.9208711996234056,0.9998598728042538
g3,1,42,WT_FLZ_2,Fluconazole evolved,31,5,0.3125,0.3541666666666667,1.2177668221341624,0.9834234383526412
g3,2,25,35_G9,35 evolved,34,5,0.34375,0.3854166666666667,8.553109302885568,0.9999678407645466
g3,2,35,35_G9,35 evolved,23,5,0.22916666666666663,0.2708333333333333,12.991381895364489,0.9999721226573972
g3,2,38,35_G9,35 evolved,23,5,0.22916666666666663,0.2708333333333333,13.591156084146629,0.9999264229104619
g3,2,41,35_G9,35 evolved,23,5,0.22916666666666663,0.2708333333333333,5.222276508143491,0.99918330188568
g3,2,42,35_G9,35 evolved,23,5,0.22916666666666663,0.2708333333333333,1.9991295368686748,0.995131436199494
g3,3,25,35_E7,35 evolved,37,5,0.375,0.4166666666666667,8.33993834809729,0.9999646828133674
g3,3,35,35_E7,35 evolved,21,5,0.20833333333333337,0.25,13.362452301091299,0.9999740596700494
g3,3,38,35_E7,35 evolved,22,5,0.21875,0.2604166666666667,14.04387688242124,0.9998610746240056
g3,3,41,35_E7,35 evolved,31,5,0.3125,0.3541666666666667,8.725254249359255,0.9941506936017004
g3,3,42,35_E7,35 evolved,20,5,0.19791666666666663,0.23958333333333337,1.7784692734827983,0.9998798790860349
g4,1,25,35_B6,35 evolved,36,5,0.3645833333333333,0.40625,8.351658975159,0.9999200486728589
g4,1,35,35_B6,35 evolved,21,5,0.20833333333333337,0.25,13.033513433571136,0.999964432185782
g4,1,38,35_B6,35 evolved,22,5,0.21875,0.2604166666666667,13.717825248727504,0.9999810078625964
g4,1,41,35_B6,35 evolved,24,5,0.23958333333333337,0.28125,4.458827086199583,0.9977282407799059
g4,1,42,35_B6,35 evolved,15,5,0.14583333333333334,0.1875,3.006020996611611,0.9980995063423321
g4,3,25,40_C5,40 evolved,37,5,0.375,0.4166666666666667,8.048406754590378,0.9998620735281809
g4,3,35,40_C5,40 evolved,24,5,0.23958333333333337,0.28125,11.8816249969307,0.9999640741153724
g4,3,38,40_C5,40 evolved,22,5,0.21875,0.2604166666666667,12.157987913335415,0.9999235123953445
g4,3,41,40_C5,40 evolved,27,5,0.2708333333333333,0.3125,9.23844378922165,0.9998965308326444
g4,3,42,40_C5,40 evolved,24,5,0.23958333333333337,0.28125,2.324123451280177,0.9997948627827531
g5,2,25,40_F4,40 evolved,36,5,0.3645833333333333,0.40625,7.94302568557537,0.9999922347395755
g5,2,35,40_F4,40 evolved,23,5,0.22916666666666663,0.2708333333333333,11.947010600291705,0.9999361370331115
g5,2,38,40_F4,40 evolved,22,5,0.21875,0.2604166666666667,12.271692431454651,0.9999331952456011
g5,2,41,40_F4,40 evolved,33,5,0.3333333333333333,0.375,7.913334973983748,0.9999817735923112
g5,2,42,40_F4,40 evolved,26,5,0.2604166666666667,0.3020833333333333,3.646623566847663,0.9982292684716768
g5,3,25,40_F6,40 evolved,36,5,0.3645833333333333,0.40625,8.519244322216235,0.9998809886968646
g5,3,35,40_F6,40 evolved,22,5,0.21875,0.2604166666666667,13.389714014858631,0.9999941592906673
g5,3,38,40_F6,40 evolved,22,5,0.21875,0.2604166666666667,13.740524827660044,0.9999362015862773
g5,3,41,40_F6,40 evolved,27,5,0.2708333333333333,0.3125,10.182075633318325,0.9999859659946372
g5,3,42,40_F6,40 evolved,22,5,0.21875,0.2604166666666667,2.342901040034853,0.9896552835388523
g6,1,25,40_D2,40 evolved,39,5,0.3958333333333333,0.4375,8.171596651081511,0.9997515467697208
g6,1,35,40_D2,40 evolved,24,5,0.23958333333333337,0.28125,11.308107085288206,0.9999732698278555
g6,1,38,40_D2,40 evolved,23,5,0.22916666666666663,0.2708333333333333,12.598455596455363,0.9999728436030421
g6,1,41,40_D2,40 evolved,29,5,0.2916666666666667,0.3333333333333333,5.147903916592753,0.9999508176577712
g6,1,42,40_D2,40 evolved,27,5,0.2708333333333333,0.3125,3.214093331996919,0.9979592754153068
g6,2,25,35_F6,35 evolved,36,5,0.3645833333333333,0.40625,8.317755742244055,0.999940870748218
g6,2,35,35_F6,35 evolved,23,5,0.22916666666666663,0.2708333333333333,13.167334535931703,0.9998729550124439
g6,2,38,35_F6,35 evolved,22,5,0.21875,0.2604166666666667,13.838781782946096,0.999975955440231
g6,2,41,35_F6,35 evolved,23,5,0.22916666666666663,0.2708333333333333,5.361463769331702,0.9997942468996469
g6,2,42,35_F6,35 evolved,21,5,0.20833333333333337,0.25,1.7951035990753763,0.9998776215534906
g6,3,25,WT_CASP_3,Caspofungin evolved,35,5,0.3541666666666667,0.3958333333333333,8.106445313310838,0.9999547868282688
g6,3,35,WT_CASP_3,Caspofungin evolved,21,5,0.20833333333333337,0.25,15.84558438881894,0.9998873927292761
g6,3,38,WT_CASP_3,Caspofungin evolved,20,5,0.19791666666666663,0.23958333333333337,14.921362247775088,0.9999587347089968
g6,3,41,WT_CASP_3,Caspofungin evolved,27,5,0.2708333333333333,0.3125,9.123262043345706,0.999914358477862
g6,3,42,WT_CASP_3,Caspofungin evolved,17,6,0.16666666666666666,0.21875,1.452695830095637,0.9916794674474201
g7,1,25,40_G9,40 evolved,34,5,0.34375,0.3854166666666667,8.181682340983075,0.9997469915300725
g7,1,35,40_G9,40 evolved,19,5,0.1875,0.22916666666666663,13.667599312793659,0.9999614793475895
g7,1,38,40_G9,40 evolved,19,5,0.1875,0.22916666666666663,14.355252609098926,0.9998683714437442
g7,1,41,40_G9,40 evolved,27,5,0.2708333333333333,0.3125,8.181877071506767,0.9998429963175267
g7,1,42,40_G9,40 evolved,21,5,0.20833333333333337,0.25,4.350452919173255,0.9997285216353732
g7,3,25,35_C5,35 evolved,35,5,0.3541666666666667,0.3958333333333333,8.476611702529468,0.9998298085159139
g7,3,35,35_C5,35 evolved,22,5,0.21875,0.2604166666666667,13.105191265207095,0.9998077363832606
g7,3,38,35_C5,35 evolved,23,5,0.22916666666666663,0.2708333333333333,13.71918155387483,0.9998935357680838
g7,3,41,35_C5,35 evolved,34,10,0.34375,0.4375,8.358809620308582,0.9728948992001064
g7,3,42,35_C5,35 evolved,22,5,0.21875,0.2604166666666667,3.438291159447979,0.9995016132605642
g8,1,25,35_G11,35 evolved,35,5,0.3541666666666667,0.3958333333333333,8.42856537742926,0.9999167748552181
g8,1,35,35_G11,35 evolved,21,5,0.20833333333333337,0.25,13.02694863830849,0.9998707190585232
g8,1,38,35_G11,35 evolved,23,5,0.22916666666666663,0.2708333333333333,13.618855288776219,0.999863611051851
g8,1,41,35_G11,35 evolved,24,5,0.23958333333333337,0.28125,5.339731233039137,0.9987009425765386
g8,1,42,35_G11,35 evolved,18,5,0.17708333333333334,0.21875,3.67583741471022,0.9977316346623405
g8,2,25,35_E9,35 evolved,38,5,0.3854166666666667,0.4270833333333333,8.381358667689584,0.9999727776725592
g8,2,35,35_E9,35 evolved,24,5,0.23958333333333337,0.28125,13.106624864035194,0.9999248716306762
g8,2,38,35_E9,35 evolved,22,5,0.21875,0.2604166666666667,13.938198240407626,0.9999035009608405
g8,2,41,35_E9,35 evolved,24,5,0.23958333333333337,0.28125,5.240354826239372,0.9997786411325593
g8,2,42,35_E9,35 evolved,19,5,0.1875,0.22916666666666663,2.0742888877814174,0.9951561014543834
g8,3,25,40_B6,40 evolved,38,5,0.3854166666666667,0.4270833333333333,8.202768455767005,0.999991578514355
g8,3,35,40_B6,40 evolved,25,5,0.25,0.2916666666666667,11.789492647503204,0.9999592364202202
g8,3,38,40_B6,40 evolved,24,5,0.23958333333333337,0.28125,12.24428019342197,0.9999846443916285
g8,3,41,40_B6,40 evolved,32,5,0.3229166666666667,0.3645833333333333,9.047037620866767,0.9998936343946361
g8,3,42,40_B6,40 evolved,26,6,0.2604166666666667,0.3125,2.2157849910341763,0.9955417072371494
g9,1,25,35_D4,35 evolved,34,5,0.34375,0.3854166666666667,8.479962949057883,0.9999306598772597
g9,1,35,35_D4,35 evolved,22,5,0.21875,0.2604166666666667,13.015336362998013,0.9998509364343018
g9,1,38,35_D4,35 evolved,22,5,0.21875,0.2604166666666667,13.835815455318565,0.9999902024612878
g9,1,41,35_D4,35 evolved,23,5,0.22916666666666663,0.2708333333333333,5.392331800990495,0.9999075545034154
g9,1,42,35_D4,35 evolved,21,5,0.20833333333333337,0.25,3.0057168814131074,0.9944494333000347
