well,mu,best_model,se,R2,n_obs,strain,test_temperature,block,evolution_history
b10,1.7643348475665022,gr.sat,0.018840630257667263,0.9950734009723186,68,WT_FLZ_2,42,1,Fluconazole evolved
b11,3.381182899412536,gr.sat,0.07554397359264406,0.9834978119945732,45,35_G11,42,1,35 evolved
b3,2.068506949367211,gr.sat,0.07406977631925901,0.9604018270744892,42,fRS585,42,1,fRS585
b4,2.564507703713697,gr.sat,0.036369406297094536,0.9931324451525384,51,WT_CASP_2,42,1,Caspofungin evolved
b5,2.123099499838892,gr.sat,0.0400115438939075,0.9874798514751202,52,40_D2,42,1,40 evolved
b6,2.932730649759216,gr.sat,0.058288134183094295,0.9854013619779746,58,WT_CASP_2,42,1,Caspofungin evolved
b8,4.978865725159581,gr.sat,0.06587775575708654,0.9927728841168587,66,40_G9,42,1,40 evolved
c10,3.0006576703525223,gr.sat,0.08635340405066844,0.973760942188223,44,35_B8,42,1,35 evolved
c11,2.4442343895941114,gr.sat,0.0768972592764677,0.9693936517861241,45,WT_CASP_1,42,1,Caspofungin evolved
c2,1.957912320951318,gr.sat,0.06706922090626466,0.9629966370024907,42,35_G5,42,1,35 evolved
c4,2.6413391222744607,gr.sat,0.04811884786009772,0.9888856166243918,51,40_C7,42,1,40 evolved
c5,2.1947151278515475,gr.sat,0.07825163950579375,0.9614136678347195,43,35_G5,42,1,35 evolved
c6,3.3858100357378267,gr.sat,0.10338193808101652,0.9705721103069803,42,35_F4,42,1,35 evolved
c7,2.432485996334401,gr.sat,0.08239125897554267,0.9644998908431036,44,35_D4,42,1,35 evolved
c8,2.862058260918448,gr.sat,0.05255641776387662,0.9825746074568069,80,40_F2,42,1,40 evolved
c9,3.840067024316475,gr.sat,0.03914975842909849,0.9945573647137065,80,40_D4,42,1,40 evolved
d10,3.2560301570387966,gr.sat,0.03439006959668739,0.9935984259607908,87,40_B8,42,1,40 evolved
d11,2.5797852953087697,gr.sat,0.04856091199865703,0.9787828354895844,90,WT_CASP_2,42,1,Caspofungin evolved
d2,2.3212427777514977,gr.sat,0.03467954283794471,0.9909345814456904,63,40_B8,42,1,40 evolved
d4,3.075922807021818,gr.sat,0.04982039222478883,0.989636327628109,63,40_F2,42,1,40 evolved
d5,2.8279312381862525,gr.sat,0.04670102147704506,0.990416968048038,51,40_C7,42,1,40 evolved
d6,0.8626604721387297,gr.sat,0.011663856065997237,0.9933354529830696,55,WT_FLZ_2,42,1,Fluconazole evolved
d7,2.5012463361328625,gr.sat,0.0813294869519326,0.9665413948400636,43,35_B6,42,1,35 evolved
d8,2.9915425331490346,gr.sat,0.07405633571075228,0.98048431264815,48,WT_CASP_1,42,1,Caspofungin evolved
e10,2.787572727382882,gr.sat,0.0884372621830917,0.9680804161253563,43,fRS585,42,1,fRS585
e2,2.1181106614229472,gr.sat,0.07219376466732988,0.9633303824976241,42,35_B8,42,1,35 evolved
e3,3.3615415267900737,gr.sat,0.10581593788697481,0.9711472616458853,42,35_F4,42,1,35 evolved
e5,2.4179194047721806,gr.sat,0.035209570284822723,0.9916320770261092,61,40_D4,42,1,40 evolved
e7,3.6833733203164747,gr.sat,0.10246221629394106,0.9758923744458973,42,35_F4,42,1,35 evolved
e8,3.05048195565323,gr.sat,0.09468162810423122,0.9697807814655408,43,35_B8,42,1,35 evolved
e9,3.582499936895452,gr.sat,0.05389990029122437,0.9890475318599335,76,40_D2,42,1,40 evolved
f10,2.852800717282087,gr.sat,0.0578001712314577,0.9825585119850148,67,40_F2,42,1,40 evolved
f11,2.4608806110519645,gr.sat,0.0815028657854977,0.9652957702968978,43,fRS585,42,1,fRS585
f2,2.150553415107111,gr.sat,0.07422869010335553,0.9644544306920082,43,35_G5,42,1,35 evolved
f3,4.681080763442939,gr.sat,0.06547711200142939,0.9910838768735857,72,40_D4,42,1,40 evolved
f4,2.424635139533608,gr.sat,0.08432069053649525,0.9646443303907196,43,35_D4,42,1,35 evolved
f5,2.1277003802056855,gr.sat,0.07269222200309094,0.9644694599614123,43,35_B6,42,1,35 evolved
f6,2.401050044977674,gr.sat,0.059995338512931234,0.9730861336875736,69,40_B8,42,1,40 evolved
f7,2.8616256561051965,gr.sat,0.04392521317266866,0.9918575543289418,53,40_C7,42,1,40 evolved
f8,2.6841754534310907,gr.sat,0.1831748904530369,0.8639184589767563,51,WT_CASP_1,42,1,Caspofungin evolved
g10,3.7636163088351324,gr.sat,0.05858028941498303,0.9891729314808427,72,40_G9,42,1,40 evolved
g2,2.168942038224193,gr.sat,0.07397779777266594,0.9633251528756371,42,35_G11,42,1,35 evolved
g3,0.9278448270566664,gr.sat,0.010082329472549905,0.9954229556552487,59,WT_FLZ_2,42,1,Fluconazole evolved
g4,2.4952144537918395,gr.sat,0.07504812329887646,0.971396334149745,42,35_B6,42,1,35 evolved
g6,2.556150337741352,gr.sat,0.04681654652842215,0.9885221447415498,50,40_D2,42,1,40 evolved
g7,3.34212218403244,gr.sat,0.05063497150421946,0.9901615498484869,67,40_G9,42,1,40 evolved
g8,2.8847974185829384,gr.sat,0.09208965766852346,0.968581667303865,42,35_G11,42,1,35 evolved
g9,2.2935053173826137,gr.sat,0.07628961081181879,0.9651097976508463,44,35_D4,42,1,35 evolved
b10,6.211010018828078,gr.sat,0.13309451069808748,0.9827052073449932,61,WT_FLZ_2,35,1,Fluconazole evolved
b11,8.0827314708097,gr.sat,0.17384430556358085,0.9846610159436574,49,35_G11,35,1,35 evolved
b3,8.628796053494915,gr.sat,0.17800029829855898,0.985943253819206,46,fRS585,35,1,fRS585
b4,8.749807426577757,gr.sat,0.1850293699624125,0.9853927569285569,45,WT_CASP_2,35,1,Caspofungin evolved
b5,7.660306000247293,gr.sat,0.17176276610538158,0.9826371747356586,51,40_D2,35,1,40 evolved
b6,9.15449038183593,gr.sat,0.1881203385498868,0.9869514477478747,44,WT_CASP_2,35,1,Caspofungin evolved
b8,9.17861939910385,gr.sat,0.16545874809398634,0.989670330745027,43,40_G9,35,1,40 evolved
c10,8.21397257329096,gr.sat,0.17541841996315807,0.9852022985164993,48,35_B8,35,1,35 evolved
c11,7.658501635816585,gr.sat,0.20181111252028577,0.9769945171925628,50,WT_CASP_1,35,1,Caspofungin evolved
c2,8.32508643217943,gr.sat,0.1653883545823852,0.9868733483767519,47,35_G5,35,1,35 evolved
c4,7.683843914826072,gr.sat,0.15787248114615365,0.9857248918079949,51,40_C7,35,1,40 evolved
c5,8.272522669140967,gr.sat,0.17312693101602872,0.985559129102789,48,35_G5,35,1,35 evolved
c6,8.1443591178049,gr.sat,0.16929265243925146,0.9852343945037596,48,35_F4,35,1,35 evolved
c7,8.33900010347614,gr.sat,0.1679276641939167,0.9863988403090925,47,35_D4,35,1,35 evolved
c8,7.571497024434433,gr.sat,0.1598043958379294,0.9846957062087845,52,40_F2,35,1,40 evolved
c9,7.858153137216129,gr.sat,0.1710001208787956,0.9844843635100315,50,40_D4,35,1,40 evolved
d10,7.947925123811462,gr.sat,0.15518574430868795,0.9873577536971122,49,40_B8,35,1,40 evolved
d11,9.377945806600634,gr.sat,0.19071255390602138,0.9868781400348425,43,WT_CASP_2,35,1,Caspofungin evolved
d2,7.8543567467769275,gr.sat,0.14005999798438334,0.9890012331534674,49,40_B8,35,1,40 evolved
d4,7.636327928693406,gr.sat,0.1746549362446754,0.9818383432886448,51,40_F2,35,1,40 evolved
d5,7.716200503170385,gr.sat,0.15935267440829295,0.9857887550127483,51,40_C7,35,1,40 evolved
d6,6.261396386712407,gr.sat,0.13882445505387173,0.981817953006667,60,WT_FLZ_2,35,1,Fluconazole evolved
d7,8.124854545026269,gr.sat,0.17356875673903466,0.9846099286861288,48,35_B6,35,1,35 evolved
d8,8.587576706912937,gr.sat,0.20228444917296218,0.9823515932646746,47,WT_CASP_1,35,1,Caspofungin evolved
e10,8.36125327213239,gr.sat,0.17039058059269777,0.9865107199590808,47,fRS585,35,1,fRS585
e2,8.333087946521157,gr.sat,0.16982523824862647,0.9863412208557363,48,35_B8,35,1,35 evolved
e3,8.17881494555489,gr.sat,0.16717550879426582,0.9858790398439855,48,35_F4,35,1,35 evolved
e5,7.8446171325897165,gr.sat,0.1668977776608885,0.9851354809705968,50,40_D4,35,1,40 evolved
e7,8.209646007337012,gr.sat,0.17180259362462832,0.9850675807743007,48,35_F4,35,1,35 evolved
e8,8.22759228167214,gr.sat,0.17888546083724519,0.984745706808999,48,35_B8,35,1,35 evolved
e9,7.458332216102202,gr.sat,0.1556126011147364,0.9851792282744761,52,40_D2,35,1,40 evolved
f10,8.643845141875465,gr.sat,0.26703937226435615,0.9687179568117652,49,40_F2,35,1,40 evolved
f11,8.359549745587437,gr.sat,0.1743071834900835,0.986106182485528,47,fRS585,35,1,fRS585
f2,8.28837387595762,gr.sat,0.1796787307984972,0.9845460606663771,48,35_G5,35,1,35 evolved
f3,8.115302157693844,gr.sat,0.18043199417419792,0.9840022665751426,49,40_D4,35,1,40 evolved
f4,8.270671815118009,gr.sat,0.16873922042710887,0.9861532770091603,47,35_D4,35,1,35 evolved
f5,8.635800015087842,gr.sat,0.18902789237463058,0.9846065858797379,47,35_B6,35,1,35 evolved
f6,7.763561959940063,gr.sat,0.14493148232595432,0.9880354498269931,49,40_B8,35,1,40 evolved
f7,7.741879644354942,gr.sat,0.17220466152353883,0.9834187649331655,51,40_C7,35,1,40 evolved
f8,8.796839868178786,gr.sat,0.1940597925702951,0.9838486803507456,46,WT_CASP_1,35,1,Caspofungin evolved
g10,9.223433694202193,gr.sat,0.16728272754157497,0.9895570256345998,44,40_G9,35,1,40 evolved
g2,8.314974665180301,gr.sat,0.16900442206745617,0.9863531487026163,47,35_G11,35,1,35 evolved
g3,6.156011648007722,gr.sat,0.11946283410327842,0.985123582421565,61,WT_FLZ_2,35,1,Fluconazole evolved
g4,8.253066736631338,gr.sat,0.17648976102728328,0.98521876200940806,48,35_B6,35,1,35 evolved
g6,7.363222459961988,gr.sat,0.15058958276682985,0.9851937365070701,52,40_D2,35,1,40 evolved
g7,9.190166020243305,gr.sat,0.17564519580177806,0.9887609102487125,44,40_G9,35,1,40 evolved
g8,8.234581137457623,gr.sat,0.1766972601212457,0.9850439600741514,48,35_G11,35,1,35 evolved
g9,8.28364133526471,gr.sat,0.1742593058558633,0.9854850549654228,48,35_D4,35,1,35 evolved
b10,2.6016468667180503,gr.sat,0.011025665953859065,0.998390784213342,97,WT_FLZ_2,41,1,Fluconazole evolved
b11,5.726516656348661,gr.sat,0.08875024714416639,0.9903518543781649,63,35_G11,41,1,35 evolved
b3,3.6068334249504588,gr.sat,0.06370423659476418,0.9838498826088539,80,fRS585,41,1,fRS585
b4,5.854593371353867,gr.sat,0.08864460671308863,0.9911692876632547,62,WT_CASP_2,41,1,Caspofungin evolved
b5,4.741906151318251,gr.sat,0.06390402631700164,0.9917580050854823,73,40_D2,41,1,40 evolved
b6,6.44139509650987,gr.sat,0.15881773906575666,0.9772957106255917,60,WT_CASP_2,41,1,Caspofungin evolved
b8,7.193321470450673,gr.sat,0.15200735219455397,0.9844530987758933,54,40_G9,41,1,40 evolved
c10,4.949384521644463,gr.sat,0.06716801702358736,0.9923458141871286,68,35_B8,41,1,35 evolved
c11,5.704986577397343,gr.sat,0.0804104512916318,0.9922275555696959,63,WT_CASP_1,41,1,Caspofungin evolved
c2,3.8133635400799344,gr.sat,0.055880883783140475,0.9888350912455105,80,35_G5,41,1,35 evolved
c4,4.990562841907666,gr.sat,0.06063254293185326,0.9933979328356722,70,40_C7,41,1,40 evolved
c5,2.8095609312143517,gr.sat,0.06328571679786966,0.970401099029823,89,35_G5,41,1,35 evolved
c6,3.3541337646470915,gr.sat,0.05437908441260216,0.9855134575211808,85,35_F4,41,1,35 evolved
c7,3.9447452323971075,gr.sat,0.05089458304279891,0.9916852092248237,79,35_D4,41,1,35 evolved
c8,5.8617640918862675,gr.sat,0.10526811871829585,0.9870044549167667,65,40_F2,41,1,40 evolved
c9,6.004586546391935,gr.sat,0.10345520116597469,0.9882256682094064,62,40_D4,41,1,40 evolved
d10,5.914874963813053,gr.sat,0.12439675581741672,0.9826645620547663,64,40_B8,41,1,40 evolved
d11,6.36271966872226,gr.sat,0.11088078865893926,0.9886618110220136,59,WT_CASP_2,41,1,Caspofungin evolved
d2,5.585628043866647,gr.sat,0.11004697590105826,0.9835804356054569,67,40_B8,41,1,40 evolved
d4,5.240149013542838,gr.sat,0.08365699073175387,0.988719758246208,70,40_F2,41,1,40 evolved
d5,4.844324992654717,gr.sat,0.0573680141328849,0.9937285304452159,72,40_C7,41,1,40 evolved
d6,1.6306231623196419,gr.sat,0.010682070176795056,0.9961044359808204,97,WT_FLZ_2,41,1,Fluconazole evolved
d7,2.8428333471852474,gr.sat,0.06317187795321316,0.9712184647478576,89,35_B6,41,1,35 evolved
d8,4.394401067929113,gr.sat,0.045620984020491445,0.9949837954808294,73,WT_CASP_1,41,1,Caspofungin evolved
e10,3.9767409787519425,gr.sat,0.04324177194941258,0.9940379238911359,78,fRS585,41,1,fRS585
e2,2.8408052828148227,gr.sat,0.07769390248320363,0.9617199508835995,81,35_B8,41,1,35 evolved
e3,2.7742250715173244,gr.sat,0.07494172528370417,0.9622909890158022,83,35_F4,41,1,35 evolved
e5,5.044418471557594,gr.sat,0.07381956005697239,0.9905972121158232,71,40_D4,41,1,40 evolved
e7,2.9926492231883746,gr.sat,0.06381178024151686,0.9734758701689511,89,35_F4,41,1,35 evolved
e8,3.2107733883263205,gr.sat,0.05631071271873279,0.9824709435606584,87,35_B8,41,1,35 evolved
e9,4.809565549670643,gr.sat,0.06349008447106445,0.992046574440739,72,40_D2,41,1,40 evolved
f10,6.340107261597068,gr.sat,0.12915326674045455,0.9828562232702065,67,40_F2,41,1,40 evolved
f11,4.600548139952311,gr.sat,0.05095840134686265,0.9943268151530628,72,fRS585,41,1,fRS585
f2,2.981064103689127,gr.sat,0.09355420098613333,0.958653104904368,68,35_G5,41,1,35 evolved
f3,5.585646080842166,gr.sat,0.11859827435800376,0.9819538676926138,66,40_D4,41,1,40 evolved
f4,3.048077043541189,gr.sat,0.09199281006634154,0.9622963370820903,67,35_D4,41,1,35 evolved
f5,3.168818199452628,gr.sat,0.09615025553100824,0.9659838348782748,57,35_B6,41,1,35 evolved
f6,5.2813700579393394,gr.sat,0.07985652741056272,0.9901030407742195,68,40_B8,41,1,40 evolved
f7,5.0901883057641975,gr.sat,0.10258331606744675,0.981841513113416,71,40_C7,41,1,40 evolved
f8,3.9035302640522085,gr.sat,0.0442613367743906,0.9935228909813939,78,WT_CASP_1,41,1,Caspofungin evolved
g10,6.534139494420793,gr.sat,0.09420033300026077,0.992512770767827,57,40_G9,41,1,40 evolved
g2,3.0274886023376535,gr.sat,0.08857523035372927,0.9655594125105676,64,35_G11,41,1,35 evolved
g3,1.4824622567595613,gr.sat,0.007511505425695043,0.9977992730779502,97,WT_FLZ_2,41,1,Fluconazole evolved
g4,2.9842327182882538,gr.sat,0.06877777979308033,0.9808728111082862,57,35_B6,41,1,35 evolved
g6,4.241771728966149,gr.sat,0.043264035192692916,0.9946717616200674,79,40_D2,41,1,40 evolved
g7,6.132679037340909,gr.sat,0.08669525768645368,0.9924263135813168,60,40_G9,41,1,40 evolved
g8,2.778957268370447,gr.sat,0.06032113572079821,0.9713973693577246,91,35_G11,41,1,35 evolved
g9,3.4186085387243734,gr.sat,0.054124695956786914,0.9862782575167497,85,35_D4,41,1,35 evolved
b10,3.539408455242564,gr.sat,0.07451640721936975,0.9685052567667543,97,WT_FLZ_2,25,1,Fluconazole evolved
b11,5.338107435328465,gr.sat,0.11539086862633956,0.9797952828446519,71,35_G11,25,1,35 evolved
b3,5.356671065760115,gr.sat,0.11644709326793991,0.9788291704410192,71,fRS585,25,1,fRS585
b4,5.5132024272544715,gr.sat,0.11506047100130745,0.9812294888777477,68,WT_CASP_2,25,1,Caspofungin evolved
b5,5.005125320724566,gr.sat,0.11019135020588222,0.9766171519183119,76,40_D2,25,1,40 evolved
b6,5.396046881770894,gr.sat,0.11869933977781846,0.9792530614197639,70,WT_CASP_2,25,1,Caspofungin evolved
b8,5.454917874004947,gr.sat,0.10430207212600325,0.9843201995475105,68,40_G9,25,1,40 evolved
c10,5.338001038941237,gr.sat,0.1149832811925298,0.9797061565048075,70,35_B8,25,1,35 evolved
c11,5.1939665497282785,gr.sat,0.1088903393108574,0.9804094667592682,71,WT_CASP_1,25,1,Caspofungin evolved
c2,5.324771802160038,gr.sat,0.11543376118334078,0.9795019088179097,71,35_G5,25,1,35 evolved
c4,5.049749079163313,gr.sat,0.11133008309872512,0.9776939378652201,75,40_C7,25,1,40 evolved
c5,5.363520943710756,gr.sat,0.11388093969510338,0.9802256785721286,70,35_G5,25,1,35 evolved
c6,5.284993234672466,gr.sat,0.11461989387794608,0.9791258918848175,71,35_F4,25,1,35 evolved
c7,5.354835941522615,gr.sat,0.11311815579828112,0.9804448125420885,70,35_D4,25,1,35 evolved
c8,5.091075430108752,gr.sat,0.11108539762615638,0.9778101266501791,74,40_F2,25,1,40 evolved
c9,5.122750339425498,gr.sat,0.1131144677758695,0.977258412803555,74,40_D4,25,1,40 evolved
d10,4.898277711790723,gr.sat,0.11362102296233094,0.9745362893713919,75,40_B8,25,1,40 evolved
d11,5.408236630127249,gr.sat,0.11729265908430588,0.9796468073719063,69,WT_CASP_2,25,1,Caspofungin evolved
d2,5.041763145280526,gr.sat,0.11324586591315731,0.9770277289269687,74,40_B8,25,1,40 evolved
d4,5.124257739783532,gr.sat,0.11026386502270394,0.97873755526691,73,40_F2,25,1,40 evolved
d5,5.056968612110931,gr.sat,0.10932661445425844,0.9783461972995616,75,40_C7,25,1,40 evolved
d6,3.647074853156344,gr.sat,0.0701224852666963,0.9753866235893204,95,WT_FLZ_2,25,1,Fluconazole evolved
d7,5.293039381119795,gr.sat,0.11434697564013482,0.9790582804935128,71,35_B6,25,1,35 evolved
d8,5.227414069293507,gr.sat,0.1098114380390572,0.9808984201156824,71,WT_CASP_1,25,1,Caspofungin evolved
e10,5.25910704573113,gr.sat,0.11795548202567757,0.9778498164025651,72,fRS585,25,1,fRS585
e2,5.360560733460399,gr.sat,0.11566592055452744,0.9797052616516425,71,35_B8,25,1,35 evolved
e3,5.205760149239259,gr.sat,0.11304144705674594,0.9785726113462353,72,35_F4,25,1,35 evolved
e5,5.103415243966219,gr.sat,0.11237765541117625,0.9773116785621456,74,40_D4,25,1,40 evolved
e7,5.3161934354555695,gr.sat,0.1138918164139289,0.9796814859866828,72,35_F4,25,1,35 evolved
e8,5.335855641903969,gr.sat,0.11568091365351604,0.9795340521223546,71,35_B8,25,1,35 evolved
e9,4.8268173182630685,gr.sat,0.11292506067532704,0.9734570167555401,77,40_D2,25,1,40 evolved
f10,5.056203614586179,gr.sat,0.11189693810363761,0.9771658330015958,74,40_F2,25,1,40 evolved
f11,5.295442675637977,gr.sat,0.11867984973383354,0.9777282100860815,71,fRS585,25,1,fRS585
f2,5.271211755690311,gr.sat,0.11353873900362842,0.9791973976128007,71,35_G5,25,1,35 evolved
f3,5.075153778668825,gr.sat,0.11254059752968269,0.9771277483198223,74,40_D4,25,1,40 evolved
f4,5.287629463021525,gr.sat,0.11347195009122657,0.9800974765915392,71,35_D4,25,1,35 evolved
f5,5.166839744321039,gr.sat,0.1162634555781604,0.9771822260675153,72,35_B6,25,1,35 evolved
f6,4.9159533647071,gr.sat,0.11379515938027128,0.9747259840953243,75,40_B8,25,1,40 evolved
f7,5.06946179763165,gr.sat,0.1112220829411293,0.9777900854709698,75,40_C7,25,1,40 evolved
f8,5.2639633324376245,gr.sat,0.11002958858861453,0.9810588491090647,71,WT_CASP_1,25,1,Caspofungin evolved
g10,5.377286603105123,gr.sat,0.1059488051931564,0.9830925271260987,69,40_G9,25,1,40 evolved
g2,5.0745793081499775,gr.sat,0.12097474095764968,0.9743387608466288,74,35_G11,25,1,35 evolved
g3,3.5678602932422336,gr.sat,0.075632715401243,0.9681385599401675,97,WT_FLZ_2,25,1,Fluconazole evolved
g4,5.222330909950572,gr.sat,0.11558486108657941,0.9778314299512265,72,35_B6,25,1,35 evolved
g6,4.942540554237879,gr.sat,0.11264019406703502,0.9751966195655473,76,40_D2,25,1,40 evolved
g7,5.428731205918357,gr.sat,0.1043128815808092,0.9838379992243078,69,40_G9,25,1,40 evolved
g8,5.372980515161695,gr.sat,0.11765659033222602,0.9790592363263594,71,35_G11,25,1,35 evolved
g9,5.363216459861074,gr.sat,0.11451737407360862,0.9799799301674135,70,35_D4,25,1,35 evolved
b10,6.670484081703137,gr.sat,0.14493132878488188,0.9825793218793479,59,WT_FLZ_2,38,1,Fluconazole evolved
b11,8.703294483524147,gr.sat,0.1851904309422288,0.9854751760192085,48,35_G11,38,1,35 evolved
b3,8.735747796853886,gr.sat,0.17486331497880545,0.9867900926741685,48,fRS585,38,1,fRS585
b4,10.152397556438917,gr.sat,0.25264622746914306,0.9812262224719898,43,WT_CASP_2,38,1,Caspofungin evolved
b5,8.150181379601666,gr.sat,0.15819819138800148,0.9871491942518354,51,40_D2,38,1,40 evolved
b6,8.981555907664502,gr.sat,0.20860915266802108,0.982978109656667,46,WT_CASP_2,38,1,Caspofungin evolved
b8,9.446622039313516,gr.sat,0.17804037486190263,0.9885377935730563,44,40_G9,38,1,40 evolved
c10,9.03563152399298,gr.sat,0.1922784803450668,0.9851462652131755,46,35_B8,38,1,35 evolved
c11,9.799819858064211,gr.sat,0.21227763359359925,0.9853457144289994,44,WT_CASP_1,38,1,Caspofungin evolved
c2,8.746593894028928,gr.sat,0.17692476147053834,0.9863288285529291,47,35_G5,38,1,35 evolved
c4,8.216073597208114,gr.sat,0.1689244630520945,0.9860918593601787,50,40_C7,38,1,40 evolved
c5,9.068982425875332,gr.sat,0.196431418613854,0.9846900417037909,46,35_G5,38,1,35 evolved
c6,9.47046868987523,gr.sat,0.26330400015578265,0.9745681400516147,47,35_F4,38,1,35 evolved
c7,8.875009691565634,gr.sat,0.1865250332297145,0.985085417647796,47,35_D4,38,1,35 evolved
c8,8.175691595646141,gr.sat,0.16507856768471635,0.9865155757633784,50,40_F2,38,1,40 evolved
c9,8.521883897143685,gr.sat,0.17926514734450755,0.9855578648219967,49,40_D4,38,1,40 evolved
d10,7.946702333208165,gr.sat,0.16076795403579033,0.9861510503036849,51,40_B8,38,1,40 evolved
d11,9.515012507415692,gr.sat,0.19531917162759074,0.9866730524289022,45,WT_CASP_2,38,1,Caspofungin evolved
d2,8.026123319623842,gr.sat,0.14224043600347194,0.989036861419361,50,40_B8,38,1,40 evolved
d4,8.277038630104322,gr.sat,0.15720016110403365,0.9877705330383817,49,40_F2,38,1,40 evolved
d5,8.349003289139093,gr.sat,0.16836390552725772,0.9864165331442758,50,40_C7,38,1,40 evolved
d6,6.715239737002045,gr.sat,0.11849429848042646,0.9884281474406352,59,WT_FLZ_2,38,1,Fluconazole evolved
d7,8.662344788039272,gr.sat,0.17816663445718697,0.9855684050005875,48,35_B6,38,1,35 evolved
d8,9.852674315971699,gr.sat,0.22158564730789232,0.9838805820354564,43,WT_CASP_1,38,1,Caspofungin evolved
e10,8.503025778358232,gr.sat,0.18095836010548316,0.9846322755775985,48,fRS585,38,1,fRS585
e2,8.906796328479903,gr.sat,0.17056500102812422,0.9880884195751091,47,35_B8,38,1,35 evolved
e3,8.947439290889605,gr.sat,0.20069066366203972,0.9840629453509019,47,35_F4,38,1,35 evolved
e5,8.449800789258713,gr.sat,0.2082989100086338,0.980478968796463,49,40_D4,38,1,40 evolved
e7,8.971111641943873,gr.sat,0.18759493409651354,0.9861225118329883,47,35_F4,38,1,35 evolved
e8,8.762424329476952,gr.sat,0.17318837435253653,0.9867913146810566,47,35_B8,38,1,35 evolved
e9,8.14909169727498,gr.sat,0.1626907340139285,0.9862678145905328,50,40_D2,38,1,40 evolved
f10,8.72577399059896,gr.sat,0.1939912460618825,0.9832526064222563,48,40_F2,38,1,40 evolved
f11,8.689530847285626,gr.sat,0.19598253950421135,0.9837450173222911,48,fRS585,38,1,fRS585
f2,8.970865341772337,gr.sat,0.1723283213482722,0.9878001979090608,46,35_G5,38,1,35 evolved
f3,8.524270434374861,gr.sat,0.17569020460097423,0.9860145636445159,49,40_D4,38,1,40 evolved
f4,8.57350675470439,gr.sat,0.1845011451074839,0.9843457731615601,48,35_D4,38,1,35 evolved
f5,8.571958172842272,gr.sat,0.1808128293950896,0.9849256287921417,48,35_B6,38,1,35 evolved
f6,7.9059199637374835,gr.sat,0.17099455683891304,0.9835733978224321,51,40_B8,38,1,40 evolved
f7,7.956309970152742,gr.sat,0.2036752043002568,0.9785125366086566,51,40_C7,38,1,40 evolved
f8,9.581689554276982,gr.sat,0.19354664345752867,0.9865887639460442,44,WT_CASP_1,38,1,Caspofungin evolved
g10,9.697215249956352,gr.sat,0.1828478205131566,0.9891084851935456,44,40_G9,38,1,40 evolved
g2,8.744300949353551,gr.sat,0.18469738599237928,0.9856349038935491,48,35_G11,38,1,35 evolved
g3,6.677835716469107,gr.sat,0.1197312065256708,0.9881245094060817,59,WT_FLZ_2,38,1,Fluconazole evolved
g4,8.692010587043002,gr.sat,0.18569210123877955,0.9853139906993994,48,35_B6,38,1,35 evolved
g6,8.20885131413204,gr.sat,0.17774330605350142,0.9838100199512215,50,40_D2,38,1,40 evolved
g7,9.7217151375843045,gr.sat,0.17922179287329743,0.9895049255853017,44,40_G9,38,1,40 evolved
g8,8.543335023121744,gr.sat,0.18003051646312626,0.9849399435499148,48,35_G11,38,1,35 evolved
g9,8.57398763460093,gr.sat,0.18462685674905788,0.9842412600460184,48,35_D4,38,1,35 evolved
b11,8.065184695690032,gr.sat,0.18253306040072367,0.9829185693186616,50,35_D8,35,2,35 evolved
b2,8.344002356815606,gr.sat,0.20672809805587858,0.9795599092724115,48,35_E9,35,2,35 evolved
b3,7.375967291974964,gr.sat,0.15287034478209585,0.984740679885609,53,40_E9,35,2,40 evolved
b4,8.355873781318587,gr.sat,0.18226205232048073,0.9839881186759128,48,40_G11,35,2,40 evolved
b5,8.026580003370016,gr.sat,0.1818184170402497,0.9831839630150663,50,40_E11,35,2,40 evolved
b8,8.008157042859876,gr.sat,0.18228034116950534,0.9830187002663882,50,35_B2,35,2,35 evolved
b9,8.061571936400437,gr.sat,0.18531131149755167,0.9823858175001194,50,fRS585,35,2,fRS585
c11,7.889108111357988,gr.sat,0.1834432914212776,0.9816848806869228,51,35_C7,35,2,35 evolved
c2,8.002146605731422,gr.sat,0.16325892984605547,0.9860817562513804,50,40_B2,35,2,40 evolved
c3,9.367249995724631,gr.sat,0.2240148221954803,0.9817552521593581,45,40_G11,35,2,40 evolved
c4,7.991804677840917,gr.sat,0.19911971481449742,0.9787061422509307,50,40_E11,35,2,40 evolved
c5,7.183002201097661,gr.sat,0.15881230731946344,0.9826614845259625,55,40_E9,35,2,40 evolved
c9,8.008559465507403,gr.sat,0.18917349664636507,0.9816727881407943,50,fRS585,35,2,fRS585
d10,7.993935201305329,gr.sat,0.1824408591684992,0.9827521045701403,50,35_E9,35,2,35 evolved
d11,8.145466470088833,gr.sat,0.16216338566125946,0.9863407024846168,49,40_B2,35,2,40 evolved
d2,8.080055256913328,gr.sat,0.17766809023259394,0.9837170201326749,49,40_C9,35,2,40 evolved
d3,7.9530299376444145,gr.sat,0.17749353160175738,0.9827367246580585,50,35_D8,35,2,35 evolved
d4,7.362707360869272,gr.sat,0.19342578924314183,0.9759369207643306,52,35_D8,35,2,35 evolved
d5,7.254089489885891,gr.sat,0.15997733959306415,0.9833228295669398,54,40_E9,35,2,40 evolved
d6,8.035020939397029,gr.sat,0.17952692528231498,0.9835377419059764,50,35_G9,35,2,35 evolved
d8,8.227181120571716,gr.sat,0.17959762969565254,0.9842656265275188,49,40_C9,35,2,40 evolved
d9,8.186005853897608,gr.sat,0.1829091776865298,0.98376936787679,49,40_C9,35,2,40 evolved
e10,8.076361872064295,gr.sat,0.1824194788270826,0.9831315463722997,50,fRS585,35,2,fRS585
e11,8.284729066182743,gr.sat,0.20406857598314063,0.980632289421793,49,40_E11,35,2,40 evolved
e3,7.917164331052212,gr.sat,0.18118174521601454,0.9822344840289736,51,35_C7,35,2,35 evolved
e8,7.885799337895681,gr.sat,0.17794068565702423,0.9825620731227122,50,35_C7,35,2,35 evolved
e9,8.023202245729063,gr.sat,0.1834730542924951,0.9827443433627407,50,35_B2,35,2,35 evolved
f11,7.925998215158012,gr.sat,0.18782579409689185,0.9805978277388349,50,35_B2,35,2,35 evolved
f2,7.808265271274446,gr.sat,0.19299961695560708,0.979552473023574,51,35_F6,35,2,35 evolved
f3,7.517187518292623,gr.sat,0.15223616447935334,0.9854767303745507,52,40_F4,35,2,40 evolved
f4,8.602082064482966,gr.sat,0.18424461220579907,0.9849359178605702,48,40_G11,35,2,40 evolved
f5,7.988649051398841,gr.sat,0.17207580982827658,0.9846980661507352,50,40_B2,35,2,40 evolved
f7,7.619910685164793,gr.sat,0.1574450893321631,0.9855699232966867,52,40_F4,35,2,40 evolved
f8,8.278674551861272,gr.sat,0.2128177921369678,0.9789365499233946,49,35_G9,35,2,35 evolved
f9,7.894412402327046,gr.sat,0.17927092975431563,0.9821554019247345,50,35_F6,35,2,35 evolved
g3,7.924958684039628,gr.sat,0.17897232279404265,0.9825012419521005,50,35_G9,35,2,35 evolved
g5,7.6447046282993405,gr.sat,0.16618295151923979,0.983809255076091,52,40_F4,35,2,40 evolved
g6,7.99374069493086,gr.sat,0.18645021152972413,0.9821250861619077,50,35_F6,35,2,35 evolved
g8,7.954578046763496,gr.sat,0.18759977408276343,0.9817843891218329,50,35_E9,35,2,35 evolved
b11,8.721840648763624,gr.sat,0.19178347827753667,0.9845693023752543,48,35_D8,38,2,35 evolved
b2,8.798728449678576,gr.sat,0.19918360884045422,0.982954227159487,47,35_E9,38,2,35 evolved
b3,7.811473571148598,gr.sat,0.16377354369183472,0.9843861067964976,52,40_E9,38,2,40 evolved
b4,8.933044056299916,gr.sat,0.17336508482900645,0.9876819838553257,47,40_G11,38,2,40 evolved
b5,8.702589281434458,gr.sat,0.1866625241050307,0.9853238223954327,48,40_E11,38,2,40 evolved
b8,8.806051565601551,gr.sat,0.19794507871905806,0.9833924830586946,48,35_B2,38,2,35 evolved
b9,8.784019313441092,gr.sat,0.19036517018518798,0.9849121163574144,48,fRS585,38,2,fRS585
c11,8.806081056489758,gr.sat,0.19621932462015282,0.984034907523095,48,35_C7,38,2,35 evolved
c2,8.264373685711394,gr.sat,0.15074528386830457,0.9884923340600612,49,40_B2,38,2,40 evolved
c3,8.846499519552816,gr.sat,0.18066456780057577,0.9867435262262889,47,40_G11,38,2,40 evolved
c4,8.682991982788055,gr.sat,0.1789708706469203,0.9861000056917943,48,40_E11,38,2,40 evolved
c5,7.934675834527496,gr.sat,0.1824573317060695,0.9817127450537316,51,40_E9,38,2,40 evolved
c9,8.767795087903762,gr.sat,0.19793256966017875,0.9833503994838045,48,fRS585,38,2,fRS585
d10,8.768361674477843,gr.sat,0.18403940072224087,0.9856660968617242,48,35_E9,38,2,35 evolved
d11,8.24933234389865,gr.sat,0.15949533908975239,0.9875706036009324,50,40_B2,38,2,40 evolved
d2,8.55390756699806,gr.sat,0.18049602476280113,0.9848421257980907,48,40_C9,38,2,40 evolved
d3,8.6061750655426,gr.sat,0.18737262677226932,0.9843277988089125,49,35_D8,38,2,35 evolved
d4,8.683269816888602,gr.sat,0.18877570849709216,0.9848600352720684,48,35_D8,38,2,35 evolved
d5,7.9541513671386905,gr.sat,0.1733801854306282,0.9837012579898752,52,40_E9,38,2,40 evolved
d6,8.7866828360686,gr.sat,0.1785470494587186,0.9865278427069936,48,35_G9,38,2,35 evolved
d8,9.285713757837788,gr.sat,0.25048560989646507,0.9760475175157147,46,40_C9,38,2,40 evolved
d9,8.593687283443298,gr.sat,0.1844747275751306,0.9843963141384108,48,40_C9,38,2,40 evolved
e10,8.55363137780138,gr.sat,0.189277688506019,0.9833869798585653,48,fRS585,38,2,fRS585
e11,8.541473559628633,gr.sat,0.18165902241547557,0.984693726505692,48,40_E11,38,2,40 evolved
e3,8.867544505383965,gr.sat,0.17808065003551465,0.9865694152259663,47,35_C7,38,2,35 evolved
e8,8.640917959866956,gr.sat,0.190453805933201,0.9844133429443949,48,35_C7,38,2,35 evolved
e9,8.483161580607407,gr.sat,0.1947533300286048,0.9827621686634177,49,35_B2,38,2,35 evolved
f11,8.58464212937609,gr.sat,0.1856858575219501,0.9844441774731624,49,35_B2,38,2,35 evolved
f2,8.581460755190468,gr.sat,0.19769517985967203,0.9823104051158166,48,35_F6,38,2,35 evolved
f3,8.235314724950952,gr.sat,0.15662687478033524,0.9878598414985812,50,40_F4,38,2,40 evolved
f4,8.960076820821035,gr.sat,0.1764831866590189,0.9874948195822002,47,40_G11,38,2,40 evolved
f5,8.204970443539388,gr.sat,0.15354944689440278,0.98821029783519,50,40_B2,38,2,40 evolved
f7,8.252130688382781,gr.sat,0.1551290643888366,0.9878765468097161,49,40_F4,38,2,40 evolved
f8,8.690605844508255,gr.sat,0.18782512602569562,0.9850406838501833,48,35_G9,38,2,35 evolved
f9,8.88890029196302,gr.sat,0.21751327772781232,0.9805753304233327,48,35_F6,38,2,35 evolved
g3,8.745808038052324,gr.sat,0.18008535136726717,0.9862751678607403,48,35_G9,38,2,35 evolved
g5,8.21579563077888,gr.sat,0.15342171656067147,0.9881388015467398,49,40_F4,38,2,40 evolved
g6,8.615383799153387,gr.sat,0.18080082934668895,0.9851245527087532,48,35_F6,38,2,35 evolved
g8,8.698381292211291,gr.sat,0.1899996975076966,0.9846740837872411,48,35_E9,38,2,35 evolved
b11,5.080063988540259,gr.sat,0.11305218308862744,0.9768551640744245,74,35_D8,25,2,35 evolved
b2,5.181646388947444,gr.sat,0.11452178586132872,0.9780299893586496,72,35_E9,25,2,35 evolved
b3,4.985592988139851,gr.sat,0.1122598798815443,0.9763796276187539,76,40_E9,25,2,40 evolved
b4,5.164081607418339,gr.sat,0.10912957652795381,0.9797737739124732,72,40_G11,25,2,40 evolved
b5,5.162314022517699,gr.sat,0.11567100254104165,0.9776713082835929,73,40_E11,25,2,40 evolved
b8,4.909267168235204,gr.sat,0.11388306017782822,0.974090745225016,76,35_B2,25,2,35 evolved
b9,4.982007282818057,gr.sat,0.11561209372518444,0.9751666522737357,75,fRS585,25,2,fRS585
c11,5.222307037581078,gr.sat,0.11647920203139818,0.9777893604312733,73,35_C7,25,2,35 evolved
c2,4.758690456220224,gr.sat,0.09905307878108703,0.9792271550495127,76,40_B2,25,2,40 evolved
c3,5.1730525222766355,gr.sat,0.10784660299727261,0.9808989365398091,72,40_G11,25,2,40 evolved
c4,5.201415445671918,gr.sat,0.11666240880450725,0.9774350076051463,73,40_E11,25,2,40 evolved
c5,4.622312208596705,gr.sat,0.1193023734731583,0.9666526534537768,81,40_E9,25,2,40 evolved
c9,5.020170127381683,gr.sat,0.11833265792652657,0.9745249754147912,75,fRS585,25,2,fRS585
d10,5.105989124683143,gr.sat,0.11289825255980082,0.9775571850311306,73,35_E9,25,2,35 evolved
d11,4.919376425859094,gr.sat,0.09813475646142368,0.9811544321471407,75,40_B2,25,2,40 evolved
d2,5.1943771338208276,gr.sat,0.11178382814238666,0.979538254166516,72,40_C9,25,2,40 evolved
d3,5.141646372339115,gr.sat,0.11434147622157384,0.9775295359714254,74,35_D8,25,2,35 evolved
d4,4.995292254843541,gr.sat,0.11455961075506924,0.9750670186803686,75,35_D8,25,2,35 evolved
d5,4.7214728640348085,gr.sat,0.1106869354166516,0.9728697807160254,78,40_E9,25,2,40 evolved
d6,5.35159543539296,gr.sat,0.1129050611479792,0.9803821765004557,70,35_G9,25,2,35 evolved
d8,5.16238480067371,gr.sat,0.11294126864927437,0.9782558038263707,72,40_C9,25,2,40 evolved
d9,5.125682250633696,gr.sat,0.11357121770588684,0.9775465447515015,73,40_C9,25,2,40 evolved
e10,5.097803912911372,gr.sat,0.11654598701399796,0.9763163462761059,74,fRS585,25,2,fRS585
e11,5.194647332633468,gr.sat,0.11740456115534181,0.9772120646677215,73,40_E11,25,2,40 evolved
e3,5.140574892262224,gr.sat,0.11656295547846576,0.9765223898629866,73,35_C7,25,2,35 evolved
e8,5.171305048497072,gr.sat,0.1164835425364482,0.9766337012241586,73,35_C7,25,2,35 evolved
e9,5.069594592610387,gr.sat,0.11605592127055261,0.9763365306237379,74,35_B2,25,2,35 evolved
f11,5.020629005261958,gr.sat,0.11585556716548837,0.9754368377030095,75,35_B2,25,2,35 evolved
f2,5.263254637446491,gr.sat,0.11234281251196267,0.9798730885345656,72,35_F6,25,2,35 evolved
f3,5.001961785024535,gr.sat,0.109319562872451,0.9778170494587631,74,40_F4,25,2,40 evolved
f4,5.119683654970431,gr.sat,0.10864706277523613,0.9798248744126479,73,40_G11,25,2,40 evolved
f5,4.911627403411827,gr.sat,0.09807892295770959,0.981057279964518,75,40_B2,25,2,40 evolved
f7,5.050954811362163,gr.sat,0.11039972418574646,0.9776613376347616,74,40_F4,25,2,40 evolved
f8,5.37905492934995,gr.sat,0.1176518092874138,0.9791407942804766,71,35_G9,25,2,35 evolved
f9,5.2030049025838485,gr.sat,0.11474593350427817,0.9778714279822428,72,35_F6,25,2,35 evolved
g3,5.327990496158101,gr.sat,0.11563343018854629,0.9788525345216086,71,35_G9,25,2,35 evolved
g5,5.097430140329254,gr.sat,0.10843360967449536,0.9791541649789007,73,40_F4,25,2,40 evolved
g6,5.271795211291621,gr.sat,0.11370349595056012,0.9792510117586735,71,35_F6,25,2,35 evolved
g8,5.160224037092796,gr.sat,0.1182117541988174,0.9759788753399037,73,35_E9,25,2,35 evolved
b11,5.913872697831577,gr.sat,0.0989160489479167,0.9892674873554265,62,35_D8,41,2,35 evolved
b2,4.051508834336075,gr.sat,0.048636730051957906,0.9928274979251995,77,35_E9,41,2,35 evolved
b3,5.870276426161455,gr.sat,0.08626668120418302,0.991508603556982,63,40_E9,41,2,40 evolved
b4,6.37902996291652,gr.sat,0.09446855684390232,0.9919314482201923,58,40_G11,41,2,40 evolved
b5,5.817457984981493,gr.sat,0.08178284530684911,0.9923371167874917,62,40_E11,41,2,40 evolved
b8,5.200750768392288,gr.sat,0.06542153681488991,0.9934104004137456,67,35_B2,41,2,35 evolved
b9,5.698595508807572,gr.sat,0.07842400507646348,0.992720894855468,62,fRS585,41,2,fRS585
c11,5.711338415156216,gr.sat,0.07825299245049229,0.9924895748718738,62,35_C7,41,2,35 evolved
c2,5.727251299184345,gr.sat,0.08508068492160821,0.9909950521976134,63,40_B2,41,2,40 evolved
c3,6.500335713228566,gr.sat,0.1274984243263437,0.9857356631671741,57,40_G11,41,2,40 evolved
c4,5.853438774553325,gr.sat,0.08119946082431242,0.9924187995841185,61,40_E11,41,2,40 evolved
c5,5.307027926318262,gr.sat,0.07585524649499331,0.9913014189306507,67,40_E9,41,2,40 evolved
c9,5.0875339612000685,gr.sat,0.06143809950048754,0.9938415990273197,66,fRS585,41,2,fRS585
d10,4.280257298211275,gr.sat,0.04992186278706959,0.9936539041217216,75,35_E9,41,2,35 evolved
d11,5.994649194105993,gr.sat,0.10029188363509203,0.9890451010782071,61,40_B2,41,2,40 evolved
d2,5.784347801478253,gr.sat,0.08267245919661723,0.9917992747438853,62,40_C9,41,2,40 evolved
d3,3.9448137142309627,gr.sat,0.06815780517106268,0.9864826973838239,73,35_D8,41,2,35 evolved
d4,3.5341500319920676,gr.sat,0.07247326546711803,0.9806424458769076,73,35_D8,41,2,35 evolved
d5,5.158551285844799,gr.sat,0.0697202210871832,0.9922119719246184,69,40_E9,41,2,40 evolved
d6,3.5588630261983183,gr.sat,0.07136175953635968,0.9795919247460215,79,35_G9,41,2,35 evolved
d8,5.945860907010022,gr.sat,0.09145608224894802,0.9906397561250186,61,40_C9,41,2,40 evolved
d9,6.029216781217976,gr.sat,0.09840062700029668,0.9898043153109528,61,40_C9,41,2,40 evolved
e10,4.721334509812192,gr.sat,0.0577330598404549,0.9933915423446962,69,fRS585,41,2,fRS585
e11,6.462557758205714,gr.sat,0.11156557791159827,0.9886383435059022,58,40_E11,41,2,40 evolved
e3,3.5259633886711574,gr.sat,0.09286622608851039,0.9706874889265513,68,35_C7,41,2,35 evolved
e8,3.809636499196717,gr.sat,0.06376825080268961,0.9863109016385859,78,35_C7,41,2,35 evolved
e9,3.695240601716736,gr.sat,0.05549543099830555,0.9882992334228013,80,35_B2,41,2,35 evolved
f11,4.625540827419532,gr.sat,0.05077691245758321,0.9945677966783908,71,35_B2,41,2,35 evolved
f2,3.5334461982090004,gr.sat,0.09215785410552266,0.9739519701229622,60,35_F6,41,2,35 evolved
f3,5.834611968771436,gr.sat,0.09060402141722272,0.9903337906651188,62,40_F4,41,2,40 evolved
f4,5.868248919670083,gr.sat,0.0758842180944141,0.9934291810001579,61,40_G11,41,2,40 evolved
f5,5.319747677085499,gr.sat,0.07802060131280604,0.9910416254884281,67,40_B2,41,2,40 evolved
f7,6.109269203086422,gr.sat,0.09728485175831374,0.9902407388417045,61,40_F4,41,2,40 evolved
f8,3.400070030711112,gr.sat,0.0676238191597724,0.9792527599671931,81,35_G9,41,2,35 evolved
f9,3.909700041812107,gr.sat,0.05928790202249212,0.988725248802912,78,35_F6,41,2,35 evolved
g3,3.39527080670526,gr.sat,0.10278829343860725,0.9641207404353925,63,35_G9,41,2,35 evolved
g5,5.7897764720575715,gr.sat,0.09479024902748506,0.9895257936694294,63,40_F4,41,2,40 evolved
g6,3.1709351838912236,gr.sat,0.08827986948901097,0.9649013374376608,73,35_F6,41,2,35 evolved
g8,2.9767757136360085,gr.sat,0.0704391353637866,0.9703529098887688,84,35_E9,41,2,35 evolved
b11,2.5389765519193244,gr.sat,0.07115683269746478,0.9750141362153011,46,35_D8,42,2,35 evolved
b2,2.039022358469841,gr.sat,0.07656806299787665,0.9557696320630021,44,35_E9,42,2,35 evolved
b3,2.445522492142642,gr.sat,0.038146091022747616,0.9901613033979767,63,40_E9,42,2,40 evolved
b4,3.1535799119221815,gr.sat,0.042824956059561166,0.9900729671750531,84,40_G11,42,2,40 evolved
b5,2.50138130725512,gr.sat,0.039274003203333206,0.9916768333561156,52,40_E11,42,2,40 evolved
b8,2.0129530422940767,gr.sat,0.06514028725820456,0.9684630323457798,45,35_B2,42,2,35 evolved
b9,2.354930490648625,gr.sat,0.07711801743267065,0.9659754646667803,44,fRS585,42,2,fRS585
c11,3.747174840829322,gr.sat,0.09154018153546821,0.9811813525034467,45,35_C7,42,2,35 evolved
c2,4.136019053329535,gr.sat,0.05071402042721857,0.9926503119310441,78,40_B2,42,2,40 evolved
c3,5.383799505446944,gr.sat,0.10188174201570917,0.9855490165767992,66,40_G11,42,2,40 evolved
c4,2.952213780185663,gr.sat,0.06052013448644558,0.9826112084558513,65,40_E11,42,2,40 evolved
c5,2.175968868173681,gr.sat,0.03043561703889242,0.992653222544249,56,40_E9,42,2,40 evolved
c9,2.051642753669095,gr.sat,0.07116662672137791,0.9640609965300042,44,fRS585,42,2,fRS585
d10,1.7995466386863486,gr.sat,0.06464769994510534,0.9593645167204173,44,35_E9,42,2,35 evolved
d11,3.553462941780825,gr.sat,0.0328692789627798,0.9950837522452626,87,40_B2,42,2,40 evolved
d2,2.918793012187173,gr.sat,0.050041598193842705,0.9887007877734871,59,40_C9,42,2,40 evolved
d3,2.271333517559779,gr.sat,0.07370528433333845,0.9660937644009419,45,35_D8,42,2,35 evolved
d4,2.1173436161119192,gr.sat,0.07352165391486438,0.9635461307770861,45,35_D8,42,2,35 evolved
d5,2.014540913807901,gr.sat,0.03079975887413448,0.9914462042786447,55,40_E9,42,2,40 evolved
d6,1.6738240603966674,gr.sat,0.05954801035895308,0.9616016538591488,44,35_G9,42,2,35 evolved
d8,2.2806954544863034,gr.sat,0.03007141167551391,0.9937328850734063,54,40_C9,42,2,40 evolved
d9,2.4561631207864765,gr.sat,0.034034653428305035,0.9929765246287103,55,40_C9,42,2,40 evolved
e10,1.817488611472223,gr.sat,0.06259562522627478,0.9647662992021562,44,fRS585,42,2,fRS585
e11,2.5536069006412827,gr.sat,0.0377786583417074,0.99232755417485,53,40_E11,42,2,40 evolved
e3,2.9156826226898764,gr.sat,0.09200440502802053,0.970258461525619,44,35_C7,42,2,35 evolved
e8,2.810048741846498,gr.sat,0.0859281231509345,0.9721774864395363,43,35_C7,42,2,35 evolved
e9,1.724019899345641,gr.sat,0.06309491143011198,0.9594955806461571,44,35_B2,42,2,35 evolved
f11,1.8511035921986747,gr.sat,0.06093098069610813,0.9669343565469353,45,35_B2,42,2,35 evolved
f2,1.526861321784279,gr.sat,0.05831713245845302,0.9548483282389963,45,35_F6,42,2,35 evolved
f3,4.142932876249449,gr.sat,0.06774064332434908,0.987018934459484,78,40_F4,42,2,40 evolved
f4,2.4016221422329833,gr.sat,0.03921476248478021,0.9836059799344312,91,40_G11,42,2,40 evolved
f5,2.5162417791820264,gr.sat,0.029378015666322435,0.9920109538672396,88,40_B2,42,2,40 evolved
f7,2.6493769355863077,gr.sat,0.03626902775814169,0.9924397501373066,63,40_F4,42,2,40 evolved
f8,1.5317949564414477,gr.sat,0.05489684324273322,0.9610637231467483,44,35_G9,42,2,35 evolved
f9,1.490572397029414,gr.sat,0.05096363065802167,0.9637268641407456,45,35_F6,42,2,35 evolved
g3,1.5046368278808817,gr.sat,0.05555941839257922,0.9589432061103516,45,35_G9,42,2,35 evolved
g5,2.58967717136127,gr.sat,0.035930304811944716,0.9921834118662061,65,40_F4,42,2,40 evolved
g6,1.4371487601935924,gr.sat,0.05511471158842256,0.9564700664446797,44,35_F6,42,2,35 evolved
g8,1.542230339781721,gr.sat,0.05693454486180923,0.9589637616993159,44,35_E9,42,2,35 evolved
b10,8.367547732996824,gr.sat,0.17898410763038314,0.9847232456344384,48,40_F6,35,3,40 evolved
b11,7.596790381049603,gr.sat,0.1620242166727003,0.9841735202647738,53,40_G5,35,3,40 evolved
b2,7.481129618462736,gr.sat,0.16075550235189315,0.9842350689732815,53,40_B6,35,3,40 evolved
b3,8.176343183288079,gr.sat,0.17288273605021132,0.984578186816095,49,fRS585,35,3,fRS585
b4,8.287637796034005,gr.sat,0.19329498150306001,0.9822749994693197,49,35_E11,35,3,35 evolved
b5,8.198316287373077,gr.sat,0.17667776989973166,0.9839699971536757,49,35_D2,35,3,35 evolved
b6,8.596683605062866,gr.sat,0.1872759544576212,0.984753137889298,47,WT_FLZ_1,35,3,Fluconazole evolved
b7,8.273650871597953,gr.sat,0.17604359016768445,0.9847980690438662,48,fRS585,35,3,fRS585
b8,8.327683811732232,gr.sat,0.1767606075325963,0.985015547656923,49,35_E11,35,3,35 evolved
b9,7.531432560730754,gr.sat,0.15615711193011406,0.9850680016837794,53,40_C5,35,3,40 evolved
c2,8.276038132003219,gr.sat,0.17897340613240229,0.9845813273648623,49,35_E11,35,3,35 evolved
c3,8.252708649922441,gr.sat,0.1758998860383532,0.9845007847418096,49,40_E7,35,3,40 evolved
c4,8.555741743030037,gr.sat,0.19097065291429494,0.9837990359956829,48,35_C9,35,3,35 evolved
c5,8.255745857497471,gr.sat,0.18002636019439686,0.9845277042776798,49,35_D2,35,3,35 evolved
c7,7.884049281634326,gr.sat,0.16293822634659008,0.9857095487487851,51,40_D8,35,3,40 evolved
c8,8.014405339967912,gr.sat,0.18958937260300623,0.9811863454342262,49,35_F2,35,3,35 evolved
c9,8.130489703163569,gr.sat,0.17771956721109278,0.9836465091954507,49,fRS585,35,3,fRS585
d10,8.272240891167723,gr.sat,0.18002008658800703,0.9842018314784189,48,35_C5,35,3,35 evolved
d2,8.159559022928153,gr.sat,0.18752930486310418,0.9828502872814209,49,35_C9,35,3,35 evolved
d3,9.18273406556637,gr.sat,0.21515597770082143,0.9821207705340349,46,WT_CASP_3,35,3,Caspofungin evolved
d4,8.738698054208635,gr.sat,0.18215286920225326,0.9855420558599091,46,WT_FLZ_1,35,3,Fluconazole evolved
d5,8.417531741115175,gr.sat,0.17492542794420474,0.9852349995741095,48,35_E7,35,3,35 evolved
d6,7.968165414153234,gr.sat,0.18549526169555278,0.981487557107091,49,35_C9,35,3,35 evolved
d7,7.735858272909953,gr.sat,0.16440044511725152,0.9843505107395695,51,40_D8,35,3,40 evolved
d8,9.138249566928774,gr.sat,0.2108210445564088,0.9826932661001472,47,WT_CASP_3,35,3,Caspofungin evolved
e10,8.64003829742106,gr.sat,0.18339990058643077,0.9854311994834024,47,WT_FLZ_1,35,3,Fluconazole evolved
e11,8.083140292207778,gr.sat,0.1746884687655329,0.9844261308130109,50,40_E7,35,3,40 evolved
e2,7.489232949443985,gr.sat,0.15959780528266163,0.9843729249446971,53,40_B6,35,3,40 evolved
e4,8.31328869523079,gr.sat,0.17665447350243232,0.9848771559148263,48,35_C5,35,3,35 evolved
e5,8.129316531407422,gr.sat,0.18981720589407303,0.9815284873629428,51,40_G5,35,3,40 evolved
f11,8.05024348453079,gr.sat,0.18765884495124766,0.9817755447178191,50,35_F2,35,3,35 evolved
f2,9.075672611159806,gr.sat,0.2540061529793376,0.9740408832082074,48,40_F6,35,3,40 evolved
f3,8.662136359402199,gr.sat,0.17732543988525362,0.9858042235063678,47,35_E7,35,3,35 evolved
f4,7.4389075477010955,gr.sat,0.15826411506881555,0.9845726747344066,53,40_C5,35,3,40 evolved
f5,7.744911801201428,gr.sat,0.17697144573235232,0.9822558998116534,52,40_D8,35,3,40 evolved
f7,8.312203165679197,gr.sat,0.1803214852383809,0.9844844411668899,49,35_D2,35,3,35 evolved
f8,7.7775699434676016,gr.sat,0.16496689111768506,0.9847547829751789,52,40_G5,35,3,40 evolved
g10,8.23597782443728,gr.sat,0.18639325357317593,0.9833509997047662,49,35_F2,35,3,35 evolved
g2,8.148417083769445,gr.sat,0.17307519514207073,0.9847311986367002,49,40_E7,35,3,40 evolved
g3,8.518336445967732,gr.sat,0.182656989203454,0.985081046659993,48,35_E7,35,3,35 evolved
g4,7.5797844590981045,gr.sat,0.15876771995024194,0.9845749367953502,52,40_C5,35,3,40 evolved
g5,8.287071214815372,gr.sat,0.18906453541247614,0.983011095368757,49,40_F6,35,3,40 evolved
g6,9.361322294283267,gr.sat,0.21680566712106822,0.9829419203439094,46,WT_CASP_3,35,3,Caspofungin evolved
g7,8.334148127491648,gr.sat,0.17842754329145366,0.9847845378752805,49,35_C5,35,3,35 evolved
g8,7.524053363983824,gr.sat,0.16044685971825712,0.984261461177026,53,40_B6,35,3,40 evolved
b10,6.294689962533738,gr.sat,0.11294743772874326,0.9882024057159748,58,40_F6,41,3,40 evolved
b11,5.740477957062129,gr.sat,0.10083362910270136,0.9880819445245916,63,40_G5,41,3,40 evolved
b2,6.380371489221886,gr.sat,0.15439375125805635,0.97673522511348,63,40_B6,41,3,40 evolved
b3,4.408126674791157,gr.sat,0.06008317059954471,0.9917303464321059,70,fRS585,41,3,fRS585
b4,3.776525472603031,gr.sat,0.062165759384519174,0.9869145494494713,76,35_E11,41,3,35 evolved
b5,5.051159671892874,gr.sat,0.07648316716522088,0.9904985720113848,65,35_D2,41,3,35 evolved
b6,3.8347640170384323,gr.sat,0.025149690894838334,0.9978457782977558,79,WT_FLZ_1,41,3,Fluconazole evolved
b7,4.642824574938242,gr.sat,0.0949990745836036,0.9813168257851518,71,fRS585,41,3,fRS585
b8,5.393431796744015,gr.sat,0.12175356460344389,0.9806652784405098,62,35_E11,41,3,35 evolved
b9,6.086847326137012,gr.sat,0.09533078149727434,0.9904785213234896,59,40_C5,41,3,40 evolved
c2,5.0799215803006295,gr.sat,0.06492652609904818,0.9933370792103425,66,35_E11,41,3,35 evolved
c3,6.066087709345708,gr.sat,0.0939079843200267,0.9908275270884153,59,40_E7,41,3,40 evolved
c4,5.394198401886809,gr.sat,0.0867711134637196,0.9897658190149135,61,35_C9,41,3,35 evolved
c5,3.8992869733254865,gr.sat,0.0623647609533772,0.9881003840207621,73,35_D2,41,3,35 evolved
c7,5.797047530674051,gr.sat,0.09327716983750566,0.9897586909532328,61,40_D8,41,3,40 evolved
c8,4.492000687124233,gr.sat,0.05365777251841971,0.9937833896684468,70,35_F2,41,3,35 evolved
c9,4.409120569012215,gr.sat,0.05088397888953874,0.9940461748845203,70,fRS585,41,3,fRS585
d10,3.5407238977816693,gr.sat,0.04516364937387194,0.9914446160792405,82,35_C5,41,3,35 evolved
d2,5.4688785029849925,gr.sat,0.07123915056742894,0.9932341345663406,61,35_C9,41,3,35 evolved
d3,4.533142012691098,gr.sat,0.06290425699929579,0.9917782869054471,67,WT_CASP_3,41,3,Caspofungin evolved
d4,2.6449245061750446,gr.sat,0.031443228142084695,0.9899701844348427,97,WT_FLZ_1,41,3,Fluconazole evolved
d5,3.362063930229199,gr.sat,0.08107142848043974,0.975796548228109,66,35_E7,41,3,35 evolved
d6,3.602789678697507,gr.sat,0.08624353775791133,0.9760587893291512,66,35_C9,41,3,35 evolved
d7,5.416724058098682,gr.sat,0.07523973755863744,0.99239339113315,64,40_D8,41,3,40 evolved
d8,4.798448440201385,gr.sat,0.10382437803670552,0.9796008530533521,71,WT_CASP_3,41,3,Caspofungin evolved
e10,3.090469698023996,gr.sat,0.02384217373500471,0.9963255755392068,89,WT_FLZ_1,41,3,Fluconazole evolved
e11,6.097372087878796,gr.sat,0.09880252864449111,0.9901329272522416,60,40_E7,41,3,40 evolved
e2,5.66937538407456,gr.sat,0.09501043477464435,0.9888381830709607,62,40_B6,41,3,40 evolved
e4,3.3553197896856135,gr.sat,0.08042300980372004,0.9772077892534969,62,35_C5,41,3,35 evolved
e5,4.372057073667014,gr.sat,0.05221849948564115,0.9932678351667393,74,40_G5,41,3,40 evolved
f11,4.477622204382394,gr.sat,0.04621742836587204,0.9951496522024758,71,35_F2,41,3,35 evolved
f2,6.795119725702205,gr.sat,0.12214691651841096,0.9884328077109352,55,40_F6,41,3,40 evolved
f3,4.2695177378739775,gr.sat,0.0854554481332601,0.9827643392090373,68,35_E7,41,3,35 evolved
f4,5.507178273810739,gr.sat,0.07965070789660747,0.9918445266928025,63,40_C5,41,3,40 evolved
f5,5.433520269136024,gr.sat,0.08172989630611385,0.9907933433162607,63,40_D8,41,3,40 evolved
f7,3.7112491063977187,gr.sat,0.0766321201242288,0.9804157242425507,73,35_D2,41,3,35 evolved
f8,5.114415881008236,gr.sat,0.1077307420410627,0.9807704831349112,69,40_G5,41,3,40 evolved
g10,5.852871147218124,gr.sat,0.10484988311104955,0.9878817956232413,61,35_F2,41,3,35 evolved
g2,6.813293088353248,gr.sat,0.14092873593750307,0.9844633790058026,54,40_E7,41,3,40 evolved
g3,6.070508802868655,gr.sat,0.0994208624104933,0.9898009915089085,58,35_E7,41,3,35 evolved
g4,6.282256583894916,gr.sat,0.11112321177485329,0.9884185893932579,58,40_C5,41,3,40 evolved
g5,7.174393295302568,gr.sat,0.18618780663265672,0.9772302861559848,53,40_F6,41,3,40 evolved
g6,6.462382954406342,gr.sat,0.10546484950751418,0.9904414008847445,56,WT_CASP_3,41,3,Caspofungin evolved
g7,5.880354925887162,gr.sat,0.10023331762467663,0.988715858447605,60,35_C5,41,3,35 evolved
g8,5.864613081916663,gr.sat,0.12122686336959444,0.9835530763647049,62,40_B6,41,3,40 evolved
b10,2.1430860915620764,gr.sat,0.06843123393367312,0.9486592722289409,82,40_F6,42,3,40 evolved
b11,1.9407460959030225,gr.sat,0.03429315794472363,0.9762130335884321,97,40_G5,42,3,40 evolved
b2,1.7769234086295105,gr.sat,0.03720215618419518,0.9845651730688985,52,40_B6,42,3,40 evolved
b3,1.8762245649947669,gr.sat,0.07001960184160821,0.9581470289264059,43,fRS585,42,3,fRS585
b4,1.7621804785182817,gr.sat,0.060568176390491765,0.9646807197621059,44,35_E11,42,3,35 evolved
b5,1.6807680628460422,gr.sat,0.060415063967105095,0.9614114139874852,44,35_D2,42,3,35 evolved
b6,2.230619624174569,gr.sat,0.0570680103306755,0.9786265559421193,48,WT_FLZ_1,42,3,Fluconazole evolved
b7,2.0841870706164207,gr.sat,0.07307106470724545,0.9638981776261321,43,fRS585,42,3,fRS585
b8,2.13860423769453,gr.sat,0.06839261065425423,0.9691469834427083,45,35_E11,42,3,35 evolved
b9,2.3081475485618004,gr.sat,0.03342391970625758,0.9848591189910039,97,40_C5,42,3,40 evolved
c2,1.5587536053386588,gr.sat,0.06018335969676675,0.9563756821084214,43,35_E11,42,3,35 evolved
c3,1.8573340810820225,gr.sat,0.03222597100056761,0.9898870541463964,52,40_E7,42,3,40 evolved
c4,1.6194852222343943,gr.sat,0.05970843452828289,0.9598971426518776,43,35_C9,42,3,35 evolved
c5,1.5472679355099783,gr.sat,0.05387998801867728,0.9625661837329226,44,35_D2,42,3,35 evolved
c7,2.0956993245534754,gr.sat,0.02809526894477342,0.9933847479543848,57,40_D8,42,3,40 evolved
c8,1.9133159218060383,gr.sat,0.06713754699884529,0.9622217308316511,44,35_F2,42,3,35 evolved
c9,2.0215128406445877,gr.sat,0.07013505561557289,0.9623265731860169,43,fRS585,42,3,fRS585
d10,3.3899738529625947,gr.sat,0.09372917503643344,0.9759413729093498,43,35_C5,42,3,35 evolved
d2,1.4940617453113785,gr.sat,0.05666253952267517,0.9561749182124263,42,35_C9,42,3,35 evolved
d3,1.0336790985181101,gr.sat,0.06483473702268822,0.8937832487434594,39,WT_CASP_3,42,3,Caspofungin evolved
d4,1.8895523083396475,gr.sat,0.048399999377382125,0.9781792992940802,47,WT_FLZ_1,42,3,Fluconazole evolved
d5,1.4892937586851536,gr.sat,0.05023069722239604,0.9644476887492384,43,35_E7,42,3,35 evolved
d6,1.533398473842156,gr.sat,0.055263846599709954,0.9593316833856849,43,35_C9,42,3,35 evolved
d7,1.9195098163434485,gr.sat,0.02696361569635333,0.992922608951039,56,40_D8,42,3,40 evolved
d8,1.3050699546469167,gr.sat,0.07447836258141183,0.9129939023615804,40,WT_CASP_3,42,3,Caspofungin evolved
e10,2.3023899622511403,gr.sat,0.06128488414435751,0.977610035091802,47,WT_FLZ_1,42,3,Fluconazole evolved
e11,2.1581239099415126,gr.sat,0.10944045318591701,0.9083100815148062,62,40_E7,42,3,40 evolved
e2,1.4259069353637883,gr.sat,0.0317955053655026,0.9834397027259875,50,40_B6,42,3,40 evolved
e4,2.5299784024463357,gr.sat,0.07614704766677712,0.9718184807469857,42,35_C5,42,3,35 evolved
e5,1.4640934268129642,gr.sat,0.028381893317181977,0.9872721153475378,53,40_G5,42,3,40 evolved
f11,1.875129336230515,gr.sat,0.06345044144348541,0.9633104463013096,44,35_F2,42,3,35 evolved
f2,1.9384392883245918,gr.sat,0.04495886035844641,0.9828497541947756,48,40_F6,42,3,40 evolved
f3,1.4307329412578718,gr.sat,0.0535934994164681,0.956950060438789,42,35_E7,42,3,35 evolved
f4,1.7246764408482105,gr.sat,0.022619162431299404,0.9936827350046057,55,40_C5,42,3,40 evolved
f5,1.6892790683468124,gr.sat,0.026495837070635034,0.9911335921456979,53,40_D8,42,3,40 evolved
f7,1.5071471545322142,gr.sat,0.05246314362454192,0.9632139732601497,44,35_D2,42,3,35 evolved
f8,1.700872730942252,gr.sat,0.030595526075772022,0.988898419624702,54,40_G5,42,3,40 evolved
g10,1.8849872843124376,gr.sat,0.062201042161449865,0.9666291396330765,44,35_F2,42,3,35 evolved
g2,1.5700158341748949,gr.sat,0.031016739376439437,0.9866435443457614,52,40_E7,42,3,40 evolved
g3,1.3587969002213192,gr.sat,0.04757763094667752,0.9615042045645332,43,35_E7,42,3,35 evolved
g4,1.7709555665510255,gr.sat,0.02627314547281798,0.9922563078573854,55,40_C5,42,3,40 evolved
g5,1.786467696575687,gr.sat,0.04452428179332085,0.9792119397305625,48,40_F6,42,3,40 evolved
g6,1.1636727797042163,gr.sat,0.07020047118024701,0.8989126637254592,38,WT_CASP_3,42,3,Caspofungin evolved
g7,2.790185387763072,gr.sat,0.07503061063225962,0.9768313715018824,43,35_C5,42,3,35 evolved
g8,1.7618576563481705,gr.sat,0.03251937642818743,0.9882650965878569,52,40_B6,42,3,40 evolved
b10,5.263494126173749,gr.sat,0.1175561195857323,0.9774963845797828,72,40_F6,25,3,40 evolved
b11,4.93151793728799,gr.sat,0.11358942822320865,0.9745703019133843,78,40_G5,25,3,40 evolved
b2,4.768253083669672,gr.sat,0.11371935067497203,0.9714688956741443,79,40_B6,25,3,40 evolved
b3,5.399589326008194,gr.sat,0.1181747650217355,0.9792975490681852,71,fRS585,25,3,fRS585
b4,5.27683932454354,gr.sat,0.11497531872743956,0.978441094007783,72,35_E11,25,3,35 evolved
b5,5.392978312004903,gr.sat,0.11644702895004382,0.9793881153646085,72,35_D2,25,3,35 evolved
b6,5.334781270926456,gr.sat,0.11554653842477063,0.9798664369019343,70,WT_FLZ_1,25,3,Fluconazole evolved
b7,5.3301441575423,gr.sat,0.11848503519349451,0.9779072040599349,71,fRS585,25,3,fRS585
b8,5.337782372942039,gr.sat,0.11753345594693157,0.9787511824856381,72,35_E11,25,3,35 evolved
b9,4.97553714010805,gr.sat,0.10928144330009984,0.9767751506234659,76,40_C5,25,3,40 evolved
c2,5.257651531059043,gr.sat,0.11323814958513209,0.9791132503604012,72,35_E11,25,3,35 evolved
c3,5.272093684506618,gr.sat,0.112507476806772,0.9793839263204204,72,40_E7,25,3,40 evolved
c4,5.192598732208777,gr.sat,0.11819190871829265,0.9768983216555196,73,35_C9,25,3,35 evolved
c5,5.350529071954367,gr.sat,0.11390039278400116,0.9798296130024976,71,35_D2,25,3,35 evolved
c7,5.10738112129678,gr.sat,0.11450748214884618,0.9761283236521229,75,40_D8,25,3,40 evolved
c8,5.3303135414039975,gr.sat,0.11555234512965307,0.9793465860541195,72,35_F2,25,3,35 evolved
c9,5.330590623384749,gr.sat,0.11687205034524469,0.9785968757763424,71,fRS585,25,3,fRS585
d10,5.102799680601038,gr.sat,0.11571584409305824,0.9762399246834118,75,35_C5,25,3,35 evolved
d2,5.170836101192562,gr.sat,0.11587530943954905,0.9776559424401443,73,35_C9,25,3,35 evolved
d3,5.02600264869689,gr.sat,0.11020793509403344,0.9776307552392138,74,WT_CASP_3,25,3,Caspofungin evolved
d4,5.379279541223742,gr.sat,0.11321359090890955,0.9807004732374671,69,WT_FLZ_1,25,3,Fluconazole evolved
d5,5.2469683974482235,gr.sat,0.1149926929306369,0.9783237228131298,72,35_E7,25,3,35 evolved
d6,5.383347874832234,gr.sat,0.11688254646900392,0.9792342929836788,72,35_C9,25,3,35 evolved
d7,5.091049822709536,gr.sat,0.11781441874677438,0.9742252223096521,76,40_D8,25,3,40 evolved
d8,5.165372016385543,gr.sat,0.11274934229170307,0.9787755302412701,73,WT_CASP_3,25,3,Caspofungin evolved
e10,5.366176227264224,gr.sat,0.11220849888521021,0.9810513608990576,69,WT_FLZ_1,25,3,Fluconazole evolved
e11,5.2125817440935265,gr.sat,0.11472634428570481,0.9776514452133993,73,40_E7,25,3,40 evolved
e2,4.912486148816272,gr.sat,0.11163787749634092,0.9749732351649701,77,40_B6,25,3,40 evolved
e4,5.210571043900938,gr.sat,0.11483295857514356,0.9777091644737086,73,35_C5,25,3,35 evolved
e5,4.963214843266191,gr.sat,0.11051477834066069,0.9760189136919984,78,40_G5,25,3,40 evolved
f11,5.224387893123195,gr.sat,0.11645643559548298,0.9771524080959005,73,35_F2,25,3,35 evolved
f2,5.310303192664477,gr.sat,0.11560662643762999,0.9789711381350257,71,40_F6,25,3,40 evolved
f3,5.028786525195329,gr.sat,0.11374485656936012,0.976835941220489,74,35_E7,25,3,35 evolved
f4,4.99902151919875,gr.sat,0.11096633326763541,0.9770219317984686,76,40_C5,25,3,40 evolved
f5,5.075028993453793,gr.sat,0.11581315264106766,0.9757142812121633,76,40_D8,25,3,40 evolved
f7,5.412384226034606,gr.sat,0.11574150493095939,0.9796048615493235,71,35_D2,25,3,35 evolved
f8,4.999516848075121,gr.sat,0.11390577556809713,0.9754401980131574,77,40_G5,25,3,40 evolved
g10,5.380177251041581,gr.sat,0.118317169252031,0.9785506374619565,71,35_F2,25,3,35 evolved
g2,5.253107316832701,gr.sat,0.11749590676299256,0.9776846244158653,73,40_E7,25,3,40 evolved
g3,5.205699647986198,gr.sat,0.1162858307376879,0.977062937790442,73,35_E7,25,3,35 evolved
g4,5.038491587059373,gr.sat,0.11191912718804967,0.9769444535580851,76,40_C5,25,3,40 evolved
g5,5.3407398024341,gr.sat,0.11525431911444019,0.9791035130052468,71,40_F6,25,3,40 evolved
g6,5.24503654340926,gr.sat,0.10736085144551899,0.9808843876962248,72,WT_CASP_3,25,3,Caspofungin evolved
g7,5.27324328061655,gr.sat,0.11656077511269221,0.978033958472159,72,35_C5,25,3,35 evolved
g8,5.076544237150201,gr.sat,0.11495711688446546,0.9760387873009223,76,40_B6,25,3,40 evolved
b10,8.959271103316494,gr.sat,0.21758478013425292,0.9803860781935722,47,40_F6,38,3,40 evolved
b11,8.13301570090129,gr.sat,0.1652725738830109,0.9856429072802092,50,40_G5,38,3,40 evolved
b2,8.305986369591423,gr.sat,0.15996794494282482,0.9875050743436128,50,40_B6,38,3,40 evolved
b3,8.588778979294911,gr.sat,0.1835500166796647,0.9847431453614066,48,fRS585,38,3,fRS585
b4,8.496322127377857,gr.sat,0.17906748311953952,0.9851115268316196,48,35_E11,38,3,35 evolved
b5,8.795338582346698,gr.sat,0.18401550412052475,0.9857888996321145,48,35_D2,38,3,35 evolved
b6,8.850134248037293,gr.sat,0.1789201067516548,0.9869068685058408,47,WT_FLZ_1,38,3,Fluconazole evolved
b7,8.644619963856922,gr.sat,0.1849218516449234,0.98542987535552,48,fRS585,38,3,fRS585
b8,8.565142334329419,gr.sat,0.1845817408305619,0.9844008610522692,48,35_E11,38,3,35 evolved
b9,8.279182857986065,gr.sat,0.15683046264983677,0.9880341775578282,50,40_C5,38,3,40 evolved
c2,8.676375472256378,gr.sat,0.1766088520783268,0.9865291556772577,48,35_E11,38,3,35 evolved
c3,8.489127642824515,gr.sat,0.18422744523517198,0.9847440622899535,49,40_E7,38,3,40 evolved
c4,8.756928953486508,gr.sat,0.1792042981191243,0.9860910212013347,47,35_C9,38,3,35 evolved
c5,8.667299551866972,gr.sat,0.18272771724623943,0.985593439630065,48,35_D2,38,3,35 evolved
c7,8.339647421513373,gr.sat,0.16867920849065002,0.9861465314972503,49,40_D8,38,3,40 evolved
c8,8.512730297286367,gr.sat,0.18301341509906743,0.9847239805156209,49,35_F2,38,3,35 evolved
c9,8.696256357067679,gr.sat,0.18915237155681613,0.9840922190418521,48,fRS585,38,3,fRS585
d10,8.623927613776315,gr.sat,0.18547285764693025,0.9844264345029329,48,35_C5,38,3,35 evolved
d2,8.657822027768955,gr.sat,0.18161429333862905,0.9856144242029207,48,35_C9,38,3,35 evolved
d3,9.434424252249567,gr.sat,0.21014596193067123,0.9846313791428184,45,WT_CASP_3,38,3,Caspofungin evolved
d4,9.226849118136968,gr.sat,0.24950602759189408,0.975579071900726,47,WT_FLZ_1,38,3,Fluconazole evolved
d5,8.524729470623274,gr.sat,0.18685864735968424,0.9841415172019368,49,35_E7,38,3,35 evolved
d6,8.596553905138654,gr.sat,0.18346231809061025,0.9845701697561873,48,35_C9,38,3,35 evolved
d7,8.115608311896187,gr.sat,0.1804019640179448,0.9833989520486858,51,40_D8,38,3,40 evolved
d8,9.25421984587426,gr.sat,0.20958624799663145,0.9833255781767902,45,WT_CASP_3,38,3,Caspofungin evolved
e10,8.860655300655333,gr.sat,0.19345171260133545,0.9848892391638893,47,WT_FLZ_1,38,3,Fluconazole evolved
e11,8.609034244977941,gr.sat,0.18386353272841854,0.9848614925832929,49,40_E7,38,3,40 evolved
e2,8.098997348452972,gr.sat,0.1649523124033226,0.9857640159676196,50,40_B6,38,3,40 evolved
e4,8.595246856108254,gr.sat,0.19321066328140976,0.9831274879897501,48,35_C5,38,3,35 evolved
e5,8.167451119063616,gr.sat,0.16342189762779952,0.986268385816679,50,40_G5,38,3,40 evolved
f11,8.75785862986993,gr.sat,0.19112404038482328,0.9846767165044163,48,35_F2,38,3,35 evolved
f2,8.755059850403223,gr.sat,0.17627253338381602,0.9864034450346497,47,40_F6,38,3,40 evolved
f3,8.856715628367205,gr.sat,0.2133595195368275,0.9807781923716122,47,35_E7,38,3,35 evolved
f4,8.18683311711171,gr.sat,0.15325430472743484,0.988388371172157,50,40_C5,38,3,40 evolved
f5,8.298842084759672,gr.sat,0.18203763452613783,0.9839665071209321,50,40_D8,38,3,40 evolved
f7,8.701324754137024,gr.sat,0.18561569259792496,0.9854423833904679,48,35_D2,38,3,35 evolved
f8,8.235696954610109,gr.sat,0.16104037235269855,0.9867413853429932,50,40_G5,38,3,40 evolved
g10,8.868136340082144,gr.sat,0.2114982583959928,0.9819232696339742,48,35_F2,38,3,35 evolved
g2,8.420720888163538,gr.sat,0.17907960996064234,0.9844389552230544,49,40_E7,38,3,40 evolved
g3,8.668306848123578,gr.sat,0.19017881773993423,0.9836545131827273,48,35_E7,38,3,35 evolved
g4,8.215407283754331,gr.sat,0.14854329047368195,0.9889686368654246,50,40_C5,38,3,40 evolved
g5,8.662173040534412,gr.sat,0.18416684277623308,0.9852711807936161,48,40_F6,38,3,40 evolved
g6,9.502792464630751,gr.sat,0.20634306301232655,0.9851862509628921,45,WT_CASP_3,38,3,Caspofungin evolved
g7,8.50425972787704,gr.sat,0.18953625851398304,0.9839122504102759,49,35_C5,38,3,35 evolved
g8,7.984948134735511,gr.sat,0.17209513084354736,0.9845567224152154,51,40_B6,38,3,40 evolved
