a,b,c,topt,iter,tmax
0.3861382750063541,0.11034523141120692,46.03250264154702,19.849318967747006,1,42.865570288520516
0.2706563582783147,0.13546143388771328,88.26170573065588,-1.244301127127725,2,42.88655173820021
1.3878754021140531,0.060927389269329134,30.666881103395166,28.779298564306934,3,44.11273911600452
1.1890483871519069,0.06713642344374211,31.78029850724167,27.879654618982165,4,43.769803872603
0.4416753489673756,0.1010789894682829,44.48177831912696,21.42165246737011,5,43.66254162693359
1.3069641079896164,0.0649381400634886,31.32821542796317,28.0482684136596,6,43.712376127641186
1.0758450317304347,0.0687327946575184,29.715817894121077,29.034223186375083,7,43.892132133435624
1.0193609544336466,0.07102943557674356,31.06403480838688,28.06621674117299,8,43.59823414536643
1.6599351372032276,0.05638387477121083,30.794914299351767,28.634444621046043,9,44.03190177072193
0.48812900030794815,0.09580564336465448,35.4774884334506,25.41134998409712,10,43.15009420082242
1.1306648759103946,0.06861787501568621,32.30322010468794,27.83748293702041,11,43.98909298936438
0.749814474558684,0.0814125938021129,32.94425166085246,27.215711983158094,12,43.68783781358432
0.928094538861898,0.07573437626977986,35.82785699622032,25.838336918559623,13,43.752265416669786
1.1271842386240127,0.06963023407518401,32.62796991257341,27.201532276535303,14,43.515517232822006
1.3619493913975742,0.06286104225516784,31.37410477217857,28.052833064643938,15,43.739885450733226
0.6096777964175085,0.08995583439398605,34.39868418306849,25.83798977491524,16,43.037331866449485
0.9121217622041179,0.07296897530615204,29.771203412861777,28.949546667455742,17,43.83514837388663
0.4883366638063977,0.09876410261514389,35.40352305869649,25.278683109864932,18,42.980444639213175
0.9149732666028085,0.07575936057874781,34.34048174228382,26.717820368925175,19,43.88806124006709
0.7669388558712572,0.08152872203791907,32.74833540800393,27.14914243140179,20,43.523310135403754
1.4385039666909663,0.059891298932465434,32.447821997414174,28.122707610510897,21,44.346618609217984
0.7834676405973741,0.0814499559962009,31.397575318656344,27.5116380972302,22,43.21042575655837
1.3805083426817502,0.05991394664527548,31.819036691836683,28.32658266943168,23,44.23610101535002
0.8528157354240719,0.13243804791447072,286.4172007440654,-99.96467037391947,24,43.24392999811322
0.36946416417660577,0.1304372177710696,108.73584391140551,-11.061421073371283,25,43.30650088233147
1.513615923777548,0.05832429311451817,29.485985360667925,29.135093599127593,26,43.878086279461556
0.6628411637530406,0.08603731025915615,32.54738131169251,26.87371781005751,27,43.147408465903766
1.7217667932561118,0.05542881228471076,28.4245503339232,29.50695388503507,28,43.71922905199667
0.44073995967596913,0.10270635311502178,42.17732500678303,22.021818793803956,29,43.11048129719547
0.6009305130023044,0.08809426464479365,31.73559043551366,27.305609902602658,30,43.17340512035949
1.2872623782495058,0.0638470877373001,31.424868928230854,28.066275797016367,31,43.77871026113179
1.171449753455944,0.06806424595423682,32.139732380160204,27.76799702505288,32,43.837863215132984
0.537574173173178,0.09331594236480321,37.10499937282711,25.00366621574641,33,43.55616590215996
0.8915861901592468,0.13085621294199182,286.78490409360523,-99.97958219780567,34,43.41286984899695
0.6523545895648466,0.08954542753379595,40.9406108923869,22.88114376760756,35,43.35144921380101
0.727470753454883,0.08394371187237756,37.290368675449805,25.07777866161743,36,43.72296299934233
1.352080947127193,0.06234917658943027,31.743982231893423,28.006324949349185,37,43.8783160652959
0.8444270096327083,0.07894268038256846,32.03750086938763,27.40186180878092,38,43.420612243474736
0.35964466645824217,0.10969357227267665,43.96620451395202,21.396011593928353,39,43.37911385090436
0.9624610661863381,0.07514909964316657,31.957585230524494,27.426858005458605,40,43.40565062072085
0.764289849202426,0.0821571154684571,32.022988980515294,27.316264324942292,41,43.32775881519994
0.917114118765263,0.07356119218235135,31.383335678661627,28.000719631295215,42,43.69238747062603
0.5750572781653881,0.0895902623482646,33.8457089817696,26.496327745643207,43,43.419182236528
0.3836133349150991,0.11530155359539902,59.80644034246424,13.146457558127418,44,43.04967772935954
0.4922382004046776,0.09915244698505808,39.4717476281106,23.420250690589548,45,43.15612450464485
0.5070146813288426,0.10099005824743654,43.70417905532998,21.20588950986361,46,43.0579790375286
0.8099365793152626,0.08172873992872248,36.98873543373841,25.437315396945227,47,43.93168311381443
0.5788435917279767,0.1134693345784606,95.26129382381245,-4.166562522533687,48,43.46408438937254
0.39133385472089455,0.10587476343709884,41.06498182540023,22.83014596113555,49,43.36263687383567
0.3820682351702809,0.10550139007094439,41.39475447124018,22.473452412216513,50,43.1708296478366
0.6307585376197913,0.09024774729795557,37.2603088528012,24.790853009556997,51,43.4210074359576
0.9343850230449088,0.073796549874530007,31.636504905600287,27.782756413876125,52,43.60100886667627
0.6144864244448276,0.0905667183158873,41.584949852381506,22.839662669677672,53,43.63213759586843
0.5594921454887616,0.09006140054886443,32.883256389953054,26.79818848315418,54,43.23981667813071
0.6640187598829359,0.08673422936417954,35.0376725363291,25.754824509149866,55,43.27366077731442
1.2503551620701308,0.06677840305020673,29.931148713496466,28.37551595188086,56,43.34109030862909
1.5122438088466716,0.05865765332094227,31.557717423615944,28.255197725749323,57,44.0340564375573
0.3419052199576191,0.12900185184196036,96.14034252070935,-5.013524883022058,58,43.05664637733262
1.2254410581335766,0.06648168985998264,31.099241888323657,28.085047885369423,59,43.63466882953125
0.7813900133515826,0.13477189114266205,286.5709917824606,-99.99720133952833,60,43.28829455170198
1.277185771559583,0.06203120521384496,30.36206322919414,28.64222359393264,61,43.82325520852971
0.8064237791481874,0.0788503239508696,31.42962246219308,27.724885487197348,62,43.43969671829389
0.6783967603420717,0.08497271961130183,37.27584158630451,25.059369518368506,63,43.69729031152076
0.5523011350854621,0.09257541393052837,33.29198929501781,26.478469495553863,64,43.12446414306277
0.7866734862874002,0.08238962549985573,34.817606934609564,26.11988660325193,65,43.52869007055671
0.5934627999373457,0.09281725839894885,42.81993943073798,21.97461226170907,66,43.38458197707806
1.799663602571099,0.053691598022636414,29.798515761355343,29.250376649397246,67,44.14963453007492
0.5403067502549289,0.0924869334542804,34.22489583225877,26.033958687069777,68,43.14640660319916
0.5835524439085403,0.0888060744875273,35.80544881679597,25.630583229167016,69,43.533307637565
1.5622809428017692,0.05682065385485599,30.335330659605006,29.271366164490274,70,44.43903149429278
0.6886443812733596,0.08318370734230406,34.87472039438501,26.104453578759372,71,43.54181377595188
0.4143296529931677,0.10498865655956625,46.43115845436083,20.19394989030033,72,43.409529117480744
0.9753239668266083,0.07555721159998105,34.92459099908016,26.133430969269114,73,43.59572646880919
0.4515968964901548,0.10057728385184475,38.493262066767315,23.74874230931793,74,42.99537334270158
0.9460008781892534,0.1308790482878857,286.212028688841,-99.99927975249841,75,43.10673459192208
2.3042969451451976,0.04745074318123956,29.61280468926859,29.052175869544335,76,43.85857821417863
0.3016899099921515,0.12129929635344276,54.32360318582001,15.858029409371957,77,43.01983100228196
1.9758691371023123,0.049260913630886596,29.52921941580123,29.230354443061266,78,43.99496415096188
0.7323272533423935,0.08111498306926035,32.034581280251274,27.59132140659552,79,43.608612046721156
0.7097408146159532,0.08384409290857922,35.7787168395079,25.761217592957724,80,43.650576012711674
0.58657651249705145,0.09358283379980746,37.54198064011526,24.134331757258273,81,42.9053220773159
1.433650909025834,0.06089747329433086,30.48286225953528,28.745367480106765,82,43.986798609874405
1.0886214231907774,0.06916810342996958,32.22336329642201,27.833363336949528,83,43.945044985160536
0.981139924668956,0.07262103711489366,30.95606013077472,28.128919769474336,84,43.606949834861695
0.9392449462713145,0.07542373768753065,34.65485134963605,26.351799239431415,85,43.67922491424944
0.8545889497524289,0.07849912642473884,32.49778005556918,27.11523964007684,86,43.364129667861434
0.4816526172671504,0.10108591858682393,46.09306595346535,20.30029304405905,87,43.346826020791724
1.2163078423872915,0.06513562380233924,32.59841918424189,27.71993704409633,88,44.01914663621727
0.4718272567613194,0.10034524666281953,40.47729229703103,22.89113162177794,89,43.12977777029346
1.7046284714209141,0.055204964929725056,29.757654696278845,29.25686735898626,90,44.13569470712568
1.372940658244755,0.06300872606568662,31.118619545995593,28.183175926040335,91,43.74248569903813
0.41302878070305277,0.12043794496418139,87.52925871520661,-0.46806820937543187,92,43.29656114822787
0.8893189608040425,0.07592802064735428,32.4061262164001,27.525305242551685,93,43.72836835075174
0.63364648089475,0.08770823957375483,34.77063396067742,25.973765826854184,94,43.35908280719289
3.295818393072912,0.03421324186397452,30.28297160680289,29.89594085865437,95,45.037426662055815
0.9789493706058005,0.13005095312820364,286.15881186678683,-99.99870222557144,96,43.08070370782198
1.2835841707849902,0.06470521858797244,30.032951761407404,28.711320579033604,97,43.727796459737306
0.35417703102543047,0.1108410143411871,42.39287692815066,21.623064571916405,98,42.81950303599174
0.7138030600684554,0.08464740212259084,32.758878444139405,26.868314094916492,99,43.24775331698619
0.5169648602826816,0.09718181833724993,38.133121171023824,24.060694077523305,100,43.12725466303522
1.5924562324614557,0.058296130034168676,29.0212627667173,29.049180712565658,101,43.55981209592431
1.0378305320899204,0.07197829014744396,31.944789690681244,27.5148403869611,102,43.48723523230172
0.7893141576910235,0.07728557878479331,29.711070936485278,28.465606671276237,103,43.32114213951888
1.2431772169595003,0.06615984542749814,33.25782289523758,27.32890672047976,104,43.957818168098555
0.956837215006088,0.0732105054256045,30.8007274558386,28.138646889627847,105,43.53901061754715
0.6176165617376832,0.08919777908462029,37.90097470721754,24.546607920474983,106,43.497095274083755
0.7045717527980345,0.08395914432522776,35.06844276897869,26.22263494084609,107,43.756856325335434
1.3924691709117034,0.061330526277920065,28.601416707078638,29.321951158324588,108,43.62265951186391
1.0388405866312902,0.07074574075461249,32.88512686311537,27.383343614097253,109,43.82590704565494
0.37254432705576634,0.10878495038460449,45.46287298728529,20.333814064806592,110,43.065250558449236
0.9196800672616442,0.07490629313496618,31.692614845637927,27.63141966051511,111,43.477727083334074
1.5894254720809147,0.05709849198037949,27.99726132269331,29.877643962702187,112,43.87627462404884
0.5437653129991602,0.09513253312461731,40.89590751874766,22.813332806638584,113,43.261286566012416
0.5584682251816884,0.09408832790648701,34.420422986485924,25.74105607311947,114,42.95126756636243
1.0319305017348057,0.07180276083559248,29.763776293287687,28.386565603912473,115,43.26845375055632
0.7566084269808696,0.08167861724702437,31.135635895107193,27.71305433460108,116,43.280872282154675
2.9268090834528437,0.03623081148449213,30.764913294567013,29.998749287863564,117,45.38120593514707
0.39288566556403953,0.10689355490196734,39.00848440115578,23.280252851720956,118,42.78449505229885
0.5239724442516807,0.09599905453278168,40.821517587529506,23.01113819078784,119,43.42189698455259
0.7112358861424577,0.08634241426182712,41.219631725879445,23.161021394280958,120,43.77083725722068
0.6324364553953217,0.08913657228433451,40.52702233070136,23.194392531175158,121,43.45790369652583
0.8539532534645536,0.07729907065507254,30.903118778565403,27.98922296125647,122,43.44078235053917
0.3429830996425623,0.1120485089646722,47.40379086851449,19.305075228588226,123,43.006970662845475
0.596140678504352,0.08746528969814679,37.32245935995872,25.130667111044747,124,43.79189679102411
1.529563266219373,0.05830446884128862,29.54538611442566,29.196928452895765,125,43.969621510108595
0.5320014169396191,0.09768564476743416,40.730091542033165,22.7812949973165,126,43.14634076833308
1.3188978262809332,0.06388584292582983,30.536348930254473,28.52635260235613,127,43.794527067483365
1.1037400338868555,0.06820208585005347,32.76640151711844,27.661093987878715,128,44.044294746437934
0.3879083607594546,0.10513547529719201,39.329433699737365,23.559591664125534,129,43.22430851399422
1.0047452363948286,0.07214819652866247,31.540707351791234,27.866022188590414,130,43.63637586448603
1.0780599280204903,0.06929109529821029,29.618630572115684,28.988839894398343,131,43.798155180456185
0.5905854022046083,0.08802699408786246,32.74117715215271,26.923250849048706,132,43.29383942512506
0.9819666099661978,0.07129573504464098,32.45119763264944,27.709432867830955,133,43.935031684155675
0.6420605294242191,0.08907269293026128,36.51734829468933,25.21774245853468,134,43.47641660587934
0.7087867758159385,0.14113975569990012,285.0872531091576,-99.80126191579798,135,42.74236463878081
0.3965914139452763,0.10357230658146996,37.09813582158927,24.647999267469192,136,43.19706717826382
0.6302895319743465,0.08621406156878492,33.51682323981769,26.621383941323682,137,43.37979556123253
0.7463317419724497,0.14071644389280155,284.46414827761754,-99.53521750562135,138,42.69685663318742
0.7278976996378546,0.08282826950092285,36.22310657249419,25.56993623593379,139,43.68148952218088
0.9152462705574154,0.07432460464509379,31.69439058052463,27.955168912445075,140,43.80236420270739
1.1134776973241438,0.06875146709696692,31.94347942602914,27.762197850063394,141,43.733937563077966
1.0378882926949229,0.07147349984843428,33.53284506372061,27.214926220484074,142,43.981348752344374
0.47973981205431154,0.10209790828943038,45.04355065252608,20.67031227517142,143,43.19208760143446
0.40251928328142234,0.10176360280252164,35.53006627440399,25.425263296652393,144,43.190296433854385
1.9755325251246665,0.05032966491511053,29.71152662931798,29.438975631104327,145,44.294738945763314
0.6784349866289027,0.08804185574286198,34.2722188362607,25.912153610652688,146,43.04826302878304
0.5391161876654718,0.12898938335456578,157.8769670182736,-35.649850024328295,147,43.28863348480851
1.4793918131850607,0.05990542287573798,29.83159133928456,28.855297437693135,148,43.77109310733542
2.7690863497185023,0.039513619115911024,29.896336249186714,29.708411305011897,149,44.65657942960525
0.8245602368105919,0.07854461708103747,34.44081059051339,26.41792783159381,150,43.638333126850505
0.4420321936898395,0.1164519122175564,81.53495197675619,2.730904837925665,151,43.49838082630376
0.4817814587875648,0.09562004558510619,35.772148720360626,25.594677048644396,152,43.48075140882471
0.9451640909297752,0.07401099000059067,31.8402099269089,27.789980878804503,153,43.710085842258955
0.8139237461083885,0.07838161562111533,31.640151008790575,27.582655161069393,154,43.40273066546468
1.3436392645924333,0.06346090025302241,30.495293932736853,28.493185837334988,155,43.74083280370341
1.069442795351492,0.06910395967467671,30.039086306901424,28.67387890198775,156,43.69342205543846
0.4318781140562689,0.11971209428751962,83.69970660352007,1.2625927693990848,157,43.11244607115912
1.1160605909112316,0.0673974582849125,29.397279716585246,28.90925304882303,158,43.607892907115655
1.0047140856687728,0.07110495506142414,33.18592485808822,27.254978371178677,159,43.84794080022279
0.7960985074240278,0.07858805451134714,32.836612331845984,27.294985468573763,160,43.713291634496755
0.32351248409695116,0.11323244696798518,44.67558502799762,20.856743787068936,161,43.19453630106774
0.33817990395649294,0.11332564465420589,49.851040863257964,18.32637838823133,162,43.251898819860315
0.4434527066610137,0.10030685908645964,37.57557527066947,24.23902978368379,163,43.02681741901853
0.8262092270028265,0.07749903075669214,33.25014619070578,27.225510721874222,164,43.85058381722711
0.7116560761564921,0.13949968356134032,285.8282867895262,-99.99414993397747,165,42.91999346078563
0.5300670481545093,0.09548394361663184,37.414565867653586,24.351737775930125,166,43.05902070975692
0.7742904370306604,0.07936190375196549,31.49026077920343,27.747860086383813,167,43.49299047598553
0.8445455378128447,0.07862498169329818,34.41303071799332,26.35537823342194,168,43.5618935924186
0.5346758221158611,0.09494873740199408,36.137370528293054,25.145406323576612,169,43.21409158772314
1.4393699659395507,0.06066024024604819,29.531360174040287,28.918937268905893,170,43.684617355926036
0.75550373849287,0.08288341202073728,31.626722326141742,27.22178179067884,171,43.03514295374971
0.3521461683032896,0.13156260165962316,108.6513451344327,-11.076692445014002,172,43.24898012220235
0.4998299602415168,0.09713701481029852,39.972545145993244,23.279905904977777,173,43.2661784779744
1.355168897649849,0.06119479027074839,32.012100899051596,28.18654831048121,174,44.19259876000701
0.5308007348921623,0.09285879875609046,38.641812071842345,24.33745126531933,175,43.6583573012405
1.2460303986949166,0.0648133237755897,30.48727413443767,28.333780611098867,176,43.5774176783177
1.781741352578121,0.05205154480393958,29.543365722266532,29.733198101836287,177,44.50488096296955
0.6695341663070822,0.08469950257457019,36.196780137058504,25.823902910209178,178,43.922292978738426
0.6805300511049456,0.08611085988664868,37.554298295110556,24.86923761736592,179,43.646386764921196
1.423780640572325,0.061248847609184934,28.743782715587418,29.227662950195334,180,43.599554307989045
1.0015149775326515,0.0709951425381943,28.800163482358982,29.10336073989025,181,43.50344248106974
1.9076757449983492,0.052490705869990266,30.33107936541568,28.882403544276332,182,44.047943226984174
0.4037687629840421,0.10334722539404226,40.107131280214645,23.170161119920643,183,43.223726760027965
0.43767041257233397,0.10417290425495557,41.309432320432556,22.279093800628175,184,42.93380996084446
0.7399915357288241,0.0832978375601415,36.79870815106202,25.19631132041745,185,43.59566539594846
0.7223105470697916,0.0873259722160704,40.35863050272437,23.26177692510216,186,43.441092176464345
1.2714795468103912,0.0632947401574152,30.347592426218743,28.782126462770577,187,43.95592267587995
0.33018882518680315,0.12195222572607739,67.32760172093617,9.483402450960073,188,43.14720331142816
0.4558128539907749,0.10324057565216949,43.588023995878395,21.10081060678843,189,42.89482260472762
1.346737160092806,0.06306122387754945,29.518822666072918,29.001457642146562,190,43.76086897518302
0.5528953706648577,0.09139236394497358,39.97416061552758,24.149589161389425,191,44.13666946915322
0.6590942924175311,0.08489733824615933,32.977812791697346,27.15665249891291,192,43.64555889476158
0.7377011965956737,0.08134907445841393,29.34632495674896,28.558372867015073,193,43.23153534538955
0.39198698289078043,0.10492184019745909,44.68781932348357,20.977941096188417,194,43.32185075793021
1.2976456936108502,0.06399042487394889,29.881824891877407,28.94716944448018,195,43.88808189041889
0.8356734148109115,0.07832411891687503,33.31805313513974,26.82764384211411,196,43.48667040968398
0.550789728938075,0.09319171948194686,37.00992237621361,24.81831815451219,197,43.323279342618996
0.510566862611707,0.09510383337293347,31.51014964977301,27.1094311238382,198,42.864505948724705
1.8391042656214414,0.052402670038609885,29.656158222769356,29.491444785349106,199,44.319523896733784
0.3551695036022885,0.10764458904754386,40.107636588483885,23.025947997618424,200,43.079766291860366
1.6180540172053486,0.05710543378602406,31.027435616157806,28.458650363343704,201,43.97236817142261
0.592509417604622,0.08962067107014765,38.25820895380191,24.746543261190386,202,43.875647738091345
0.5265797357987244,0.09379375384511823,34.23404325128829,26.072946751779636,203,43.18996837742378
1.2647507595873957,0.06434798757161934,31.793697269636304,28.105957004415643,204,44.0028056392338
1.2079510541881788,0.067209835646276,30.591292754282005,28.104591607578367,205,43.40023798471937
0.48798112380904846,0.09778709374686836,34.56705749172488,25.580120087626515,206,42.86364883348895
0.39993411976750903,0.10525510531857686,39.17864926134898,23.434842352951218,207,43.024166983625705
0.9716415411589904,0.07446391922128519,32.88635710542365,27.1250483600935,208,43.56822691280533
0.9457885005562823,0.07378956198050436,32.38615386319272,27.349188401942502,209,43.542265333538865
0.7817266501072908,0.08157036084924726,33.676364477587455,26.646533847978578,210,43.48471608677231
1.1134031899326176,0.07059691207405201,32.35872847454245,27.245920306806923,211,43.42528454407815
1.3611251592479048,0.06255749290306878,30.454430184644544,28.48133664316073,212,43.708551735483
0.9316089406666473,0.07325346957532587,30.674286831339025,28.47468853575126,213,43.81183195142077
0.5491806249397826,0.09238098987384706,37.3968812837341,24.839345081178394,214,43.537785723045445
0.6953894059768558,0.08348383268819319,33.47420055620486,26.852899486645118,215,43.589999764747546
1.154290117097379,0.06748671338793195,31.50130957298815,28.05366973067239,216,43.804324517166464
0.48802553750155486,0.09862709288651228,37.77959702266468,24.159185372205602,217,43.04898388353794
0.6700709580437629,0.08673054403593013,37.43420125660293,25.011850692129123,218,43.72895132043059
1.060245133845579,0.06950944678005054,30.465244915881904,28.484485858657564,219,43.71710831659851
0.3165657188826067,0.1146275463699372,43.92630554518454,20.954963075970355,220,42.91811584856262
0.8300396066985062,0.07966798645100685,32.73454969343484,27.083982401667374,221,43.45125724838479
0.516693332748924,0.10291591612558594,60.22136579323502,13.451035428433773,222,43.56171832505129
0.7896952564870583,0.08223293138741088,34.884411440941015,26.00499871985905,223,43.44720444032956
0.5383013526022213,0.09298724157431616,36.05199160809279,25.32102927081211,224,43.34702507485851
0.7847427197307713,0.08023050701091668,34.17395441465364,26.62911034209761,225,43.71608754942443
0.9927783053711042,0.12779267983904166,286.6489647428514,-100,226,43.32448237142569
0.41879623913427827,0.10162082544529133,42.276867097611614,22.38886731590464,227,43.52730086471045
0.8818762072109043,0.07476399559882874,31.28712258918644,28.11002488802904,228,43.75358618262226
0.5772317543452193,0.09012559217771043,34.093540956325675,26.38918472741264,229,43.43595520557548
0.500796368350646,0.09585398922519058,32.07301194049816,26.945706469791897,230,42.98221244004098
1.0182596399982693,0.07268498959004221,31.107169771506396,27.942046294824728,231,43.495631180577924
0.46175918570726654,0.10119636483023509,39.35719192571411,23.502943272007787,232,43.18153923486484
0.5538747288149097,0.09346951830081704,36.919695842112276,24.725878873346492,233,43.185726794402626
0.5163008680552233,0.09872086580933573,40.77880899994964,22.791113105863086,234,43.180517605837906
0.8015879386961335,0.07971394052112499,32.954116988849485,27.04327969317928,235,43.520338187604025
0.853726538444063,0.07717559372550677,31.413889558709855,27.77121122017542,236,43.478155999530344
0.35526339827502007,0.12561773480887872,77.17947245747821,4.319230113221335,237,42.90896634196044
0.5169013995212585,0.09896827781128074,49.08175787551183,18.90863587942485,238,43.44951481718077
0.9791065748513313,0.1296360697770208,286.2710449011317,-99.74179742805926,239,43.39372502250659
0.513165403875209,0.10354157980092343,50.72411569035756,17.977279398215572,240,43.339337243394354
0.6351048982180664,0.09040914822689908,38.5591161857881,24.082081739446487,241,43.361639832340536
0.46688327712323563,0.09921048527246772,39.70992458417208,23.363501672500867,242,43.2184639645869
1.1249817890007503,0.0674548698252708,30.49864709483401,28.47408188599378,243,43.72340543341078
0.8719175668882758,0.0769929580133494,31.552013309443396,27.66467307250258,244,43.44067972722428
0.6050458983923725,0.0894752778196062,36.07557836180422,25.310112091327923,245,43.34790127223003
0.5077366170077324,0.09384358886304701,32.79314183510748,26.76023540402927,246,43.156806321583005
0.8646547263273466,0.07727196385203221,31.334971684589384,27.621488808899194,247,43.28897465119388
0.7605156387109182,0.08214286943043508,34.53109540106353,26.19881219116076,248,43.464359891692524
2.2458513061736087,0.0460492933003299,31.00318111504481,29.09714390858095,249,44.59873446610335
1.2350743647899478,0.06529449106896301,28.229880690774014,29.327828164951207,250,43.44276851033821
1.4313432057729978,0.06054556696427246,29.012356618823443,29.26637211378409,251,43.77255042319581
1.0441304597814531,0.0708114884814607,32.53764715601034,27.671356660744927,252,43.940180238750095
0.8057451545604896,0.0793790568763978,31.2939561011237,27.944673770097044,253,43.591651820658896
0.9831737153519275,0.07116351984040989,30.11038106523412,28.582116833041514,254,43.63730736565857
0.6129794971592415,0.09126454228110856,38.90406447671672,23.79106535457348,255,43.24309759293184
0.41392032892763947,0.10067180743837191,36.48098577217568,25.008794855054614,256,43.24928774114245
0.6023474285607617,0.0885010648132362,32.73727305469465,26.99438304037493,257,43.363019567722255
0.48154127268967906,0.09882502330476386,39.42941553784135,23.276759434420185,258,42.99146720334086
1.1750593406820709,0.06686883716174605,30.398510982702447,28.61685158506762,259,43.816107076418845
0.5522436657898232,0.09451205902464117,39.197187733949136,23.70910400761794,260,43.307697874592506
0.6174280587171983,0.0869975392626697,32.97749719876316,26.766453202061168,261,43.25520180144275
1.1737030431120403,0.06778467008138497,36.21057216477639,26.521333506027577,262,44.62661958841577
0.9701381337989013,0.07244656910363485,30.396694594954997,28.41578756542168,263,43.61413486289918
1.406780368385247,0.0597794948034944,32.66096827014019,27.911729112532715,264,44.242213247602805
0.4737582122138916,0.09784381398295265,37.77855434288905,24.542763550781782,265,43.432040722226304
1.008670667674147,0.07272471478014532,33.085400666301396,27.292826526147397,266,43.8355268592981
0.9432781977272359,0.07482697420563882,31.640650551279382,27.79356560964927,267,43.61389088528896
0.6729769532627954,0.0851638438844505,32.9934612902668,26.93515875869037,268,43.431889403823774
0.28394613311108097,0.1307899632897788,76.63809652522683,4.623018517756791,269,42.942066780370205
0.41489320749092495,0.10292697301718041,39.10836811249439,23.613929248688933,270,43.16811330493613
0.6300157308441675,0.08828228211148118,31.54785990501556,27.151705742734332,271,42.925635695242114
0.6997556145522406,0.08486250375259623,35.35227144706448,25.93185750441844,272,43.60799322795068
1.9444171502253196,0.05002040821203144,30.049634102844422,29.543935041439166,273,44.568752092861374
0.648573973696689,0.08703502646341131,35.04296246061844,26.09102624153048,274,43.6125074718397
0.3588635397209798,0.11425539917593314,51.74529367251838,17.197484984608497,275,43.07013182086769
1.0293649282822057,0.0723124255369235,31.3424874704364,27.88714076946872,276,43.55838450468692
1.4669588418283777,0.060666763655274056,28.880102985363973,29.250661877151483,277,43.69071336983347
0.38151501228184004,0.10663535621177077,40.00680297885636,23.120797176242046,278,43.12419866567023
1.3205891369916247,0.06438427776603066,30.591652955046513,28.354028387412075,279,43.649854864935335
0.9263985863840324,0.07493914716578436,34.84138698919682,26.550289237393475,280,43.97098273199188
0.8728965872077311,0.13190391220499106,286.1956960222555,-99.97387511504208,281,43.123972896085675
0.8819147975717269,0.13316639460994692,286.0017846648713,-99.9960227754294,282,43.00486955700626
1.192813973844411,0.06575074585723273,31.251460991889,28.436932414525195,283,44.0626629104697
0.29688501973769693,0.11691128233277091,43.80897453144455,20.938592647748568,284,42.843079913470845
1.0800835514212108,0.07014021867160412,30.496254795093627,28.375252187716065,285,43.62337958526288
1.5767726788305347,0.05911301022444217,31.74205203688328,27.904318990044708,286,43.77534500848635
0.5794679651301091,0.09062581519855568,33.97057803646416,26.281550112463798,287,43.26683913069588
0.6221695821234571,0.09077066410829256,38.80731073248682,23.95013957706388,288,43.35379494330729
1.2976658186977446,0.11832762496990867,287.7473616397898,-99.99890392593122,289,43.874776893963684
0.34413509575082185,0.11535835278866811,53.31370065766777,16.449756932534132,290,43.10660726136802
0.43020138760767623,0.10270570584391561,42.22212518889334,22.150728163209816,291,43.261790757656485
0.8008313316497193,0.07970315047134288,33.15809741690936,26.931581250668017,292,43.510629959122696
2.2788971206444546,0.04582910801622953,28.462757053883873,29.82192460930204,293,44.053303136243976
0.9244372203219527,0.07514037442202703,33.0067114822381,26.947979058469908,294,43.45133479958896
0.5515385638407738,0.09207869231252971,38.671518845981964,24.220911333300936,295,43.55667075629192
0.4118240942843876,0.11000044752241789,51.24501688240572,17.431691484495616,296,43.05419992569848
0.8653558367159826,0.0771879199494174,32.504549848864265,27.310990784885593,297,43.563265709317726
0.5939738579930921,0.09133115349593661,33.6159458464722,26.276304561062833,298,43.08427748429894
0.4332415796324254,0.09864299057273261,36.1385778058817,25.484062373754835,299,43.553351276695686
0.4015017532743545,0.10642678881372895,41.77149403955651,22.050130338350883,300,42.93587735812913
0.5351191623902426,0.09125940264678725,31.313149067891928,27.548186170905957,301,43.20476070485192
0.9238498748145119,0.07435880094652934,31.241879753740076,27.95517529869844,302,43.576115175568475
0.39591804932261176,0.10071868704959953,33.62291486289368,26.250951839300825,303,43.062409270747665
0.873753558194172,0.13287273059271223,286.0779532198502,-99.99592438932333,304,43.043052220601766
1.139090689482725,0.06859440720843772,33.38210816827609,27.1852095342709,305,43.87626361840894
0.8180436275787542,0.0791414573142261,31.800860893989967,27.46802129761118,306,43.36845174460616
0.9611618725195118,0.07296742220600057,30.84251754260072,28.01575237027273,307,43.43701114157309
1.372953039796767,0.11799623525349748,286.90483501861956,-99.8995847287657,308,43.55283278054408
0.6771956768768246,0.08476724573545497,34.18062591328919,26.54846812225125,309,43.638781078895846
1.4102096295897015,0.06206843063462938,29.36814608737409,29.218760829062315,310,43.90283387274936
0.5661361469733046,0.1060131720635185,71.08104149163458,7.811091969395324,311,43.35161271521261
0.6480784333365859,0.08621054823424573,31.982249663651462,27.276500520303042,312,43.267625352128775
0.3926209700536898,0.10394860253154567,36.34706370186172,24.832689592007,313,43.00622144293786
0.4604228767735445,0.10102296665556836,37.911450985504864,24.26016710923246,314,43.21589260198489
0.47869357368027615,0.09815565754138168,41.301575582914005,22.79324191539634,315,43.44402970685334
0.420397014750729,0.10703233064661011,50.89999774931445,17.990293815024064,316,43.440292689681286
0.5919445672728152,0.09724253484105379,50.42695958787782,18.274495397877406,317,43.48797519181632
0.8862624960995605,0.07536799777598478,32.74221331708973,27.427573631089956,318,43.79868028963482
0.7144842122537448,0.08267428502181517,31.512262670230466,27.71715907222943,319,43.47329040734466
0.7769238238573012,0.07928064775068394,32.44725863565385,27.426233507131997,320,43.64986282495892
0.38125499660196754,0.11030959221305676,51.74873276195481,17.390118384373544,321,43.26448476535095
1.384687017016603,0.06163169071310912,30.97428531971854,28.4932952446327,322,43.98043790449197
1.1947899402042919,0.06567675370384281,29.711135217320663,29.052808622820567,323,43.9083762314809
1.459404118237604,0.05959936955758021,28.736659644380133,29.27247997948764,324,43.640809801677705
0.6095239710423,0.11037849539376388,84.1800462681511,1.1525042180076954,325,43.24252735208324
1.7711214990837032,0.054235640908140585,29.24809361681728,29.228992011235107,326,43.85303881964374
0.6579447802032737,0.08518796830538197,31.967185954597454,27.42433138874464,327,43.40792436604337
0.9895240340092548,0.07302444081529841,30.667327896448093,28.388650116071098,328,43.72231406429515
2.741099262492515,0.040808980312380096,28.99481040186337,29.92529630998557,329,44.42270151091725
0.5209135615463336,0.09785880329795645,40.288717324587026,22.904439605945647,330,43.04879826823916
0.6424533786533932,0.08594669234452236,32.26169520640539,27.325895424153888,331,43.45674302735658
1.4932060255694075,0.05977828832933199,29.33604871873364,29.122208440976447,332,43.79023280034327
1.6799661721953436,0.056528942168493676,29.925674571642553,29.07260807592196,333,44.035445361743236
0.7072933880191985,0.08291214786962978,32.96018041979609,26.938692724142385,334,43.41878293404043
0.7149262559660753,0.08457668112140693,33.9322158701489,26.240461918687302,335,43.20656985376175
0.4764440496420616,0.09944114961826055,42.4556414277094,22.274367734777478,336,43.50218844863218
0.8633270954446274,0.07667325052039897,33.84463821952666,26.955657478411236,337,43.87797658817456
0.6552182249104193,0.08647662355504931,36.497569023148436,25.230523180257055,338,43.47930769183127
1.105354492331302,0.0676425425912038,30.259813234948783,28.519444511670926,339,43.649351129145316
1.2023747699719913,0.06638242330776996,32.04014862400569,28.040514022813085,340,44.06058833481593
1.1465630764719956,0.06692732122557517,31.770655409203037,28.359844259618637,341,44.245171964220155
0.33957523318035493,0.11655087192317481,57.90710383671114,14.218849020285631,342,43.172400938641204
1.1422290728492692,0.06815376395918249,29.518344816810778,28.63144215026494,343,43.39061455867033
0.7682717728791533,0.08125443169707376,33.10544422494175,26.610811632114615,344,43.16353374458549
0.9791185141371612,0.12955947359215628,286.105864360611,-99.95886189905616,345,43.094070281249344
0.5424086643484584,0.09432640567823204,35.366249655812915,25.43804257428552,346,43.12116740219198
0.610420991153913,0.09016047391962194,37.52163911938667,24.720767857197796,347,43.48158741689113
0.9977816829952275,0.07509089387967098,33.168112146905166,26.969957564659552,348,43.55401363811214
0.4571574614350986,0.10787010894871182,54.371962561122025,16.074335734907947,349,43.26031701546896
1.0900887094440832,0.06865509370941249,30.114662491012407,28.725108443382904,350,43.782439688889106
0.3357768103819113,0.11119588385207413,41.470724438658124,22.1736731025082,351,42.909035321837266
2.3584997795005394,0.04629059907276501,29.079791732376687,29.62728209299401,352,44.167177959182354
0.7832881801478342,0.1354660006647754,285.6430762534557,-99.98105620370396,353,42.8404819230239
0.7676564020170585,0.08036175855706555,30.741812895840994,27.954671428889203,354,43.3255778768097
0.6294680389826881,0.09093721782213103,38.37118911166146,24.005353973575076,355,43.1909485294058
1.5141664407429838,0.05999474791783457,29.738391834266405,29.041746967285555,356,43.91094288441876
0.4109217378421612,0.1071017892280861,46.262477019788186,20.034134113895167,357,43.16537262378926
1.022108530806588,0.07214201089902332,30.63526490440673,28.331434579907096,358,43.64906703211046
0.7256594471518039,0.1371742420057654,286.1918824109975,-99.92522900594808,359,43.170712199550664
0.6443356200748823,0.08858214557039737,37.36540292313207,24.69757892728679,360,43.380280388852825
0.3371107720378567,0.11268413882743748,46.9938353198991,19.474747968871988,361,42.97166562882154
1.0718542875816073,0.07104577091321128,28.69473255391762,29.048164637415002,362,43.395530914373815
0.8731997370865093,0.07593785009211569,31.13476940996345,28.2457644923562,363,43.81314919733793
1.0102013498674143,0.07236357482788389,32.81957114088986,27.483855727943293,364,43.893641298388225
0.3753631288217397,0.1044120478663951,38.262221954088,24.02005437329591,365,43.15116535033991
0.7366883208014312,0.0831232499585719,31.735449368155287,27.16622694270497,366,43.03395162678261
1.0102193272242348,0.07353948868519189,29.788938404024965,28.496199067931045,367,43.390668269943525
0.37886687131111096,0.10709570273449774,39.88052826800356,23.11443497557693,368,43.054699109578706
0.7262613592478199,0.08341577472915648,35.97091107359837,25.838677935661728,369,43.824133472460915
1.5204876417981772,0.05787690623251623,31.168076279010027,28.510381366731316,370,44.09441950623633
0.8924973734967485,0.07686776481601383,31.04894261616187,27.92030014253682,371,43.44477145061776
0.7538744938117496,0.135010545987634,286.7303908882502,-99.98657123353959,372,43.378624210585514
0.7733302376463057,0.07993931960839515,30.41504317788794,28.106551425695507,373,43.314073014639476
0.5149979071404867,0.09431445413236357,34.34560838200691,25.908966941166145,374,43.0817711321696
0.2986305943043674,0.12002896661194022,54.029514325081124,15.852251221643522,375,42.86700838418408
1.2415847198129075,0.06603158814186057,29.400924865200587,28.98527109217909,376,43.68573352477938
1.5061912451425161,0.05830244262294114,30.548426108746998,28.538192534603496,377,43.81240558897699
0.868439241172262,0.07805326469542619,32.63794840307836,26.920374608009816,378,43.239348809549
1.356231633788613,0.0625012303478964,28.759423445142613,29.23721383265477,379,43.616925555226075
2.023945209166058,0.05147882487239504,31.085403604673544,28.685022894185487,380,44.22772469652226
0.8972275503161186,0.07706039140985915,34.95393483567966,26.038297358486542,381,43.515264776326376
0.6242083261676677,0.0890053296040791,34.44301381498967,25.934647124712445,382,43.15615403220728
1.5592972437942951,0.05914672514872432,28.67498675656457,29.2447930641333,383,43.58228644241559
1.6395962166278963,0.055881791055955185,31.72107953867069,28.32575635107305,384,44.18629612040839
0.9842811763661072,0.0737417405761097,31.89826015515769,27.57046432963469,385,43.51959440721353
0.48068259634157795,0.0978651180195666,40.980203912157975,22.909041049224697,386,43.399143005303685
0.9226680804518566,0.0749756083938448,32.857567643887364,27.143784186602893,387,43.572568008546575
0.6361026480632481,0.08656295366688921,34.13359819759453,26.216344191475176,388,43.28314329027244
1.081701975704856,0.07066046890744242,31.46411512980135,27.64571915013512,389,43.37777671503579
0.5832462854771865,0.09278670457435695,35.73267883028823,25.261404802238044,390,43.12774421738216
0.9998429725956547,0.07256253513942913,31.135981961153973,28.061250631241,391,43.62924161181799
1.2202046111203773,0.0648925767035025,29.07083242321298,28.94183308236626,392,43.47724929397275
0.8820029812057643,0.13300482879614586,286.15266015680993,-99.96054881403201,393,43.115781264372956
1.0905331200946116,0.07084133328886266,30.502666038834345,28.004999721356,394,43.256332740773175
0.8804634387378011,0.07792440395361158,32.324636952965015,27.387270417617362,395,43.54958889409987
0.9560558987899054,0.07466792183765565,32.53185848139993,27.311270918180483,396,43.577200158880444
0.36826194298302894,0.10882086122702013,40.76945908056289,22.641602613076984,397,43.026332153358425
1.9599440225260685,0.05132597582603926,31.241101834977265,28.66279339310917,398,44.2833443105978
0.5229971707119826,0.09701605263679522,39.27942622211989,23.395751941441112,399,43.03546505250105
1.2095931556353294,0.06601219082144232,31.60970385167033,28.151303428283512,400,43.95615535411868
0.36649003422685933,0.1076606904451803,40.67742171904562,22.745104323965812,401,43.083815183488625
0.43429646184571563,0.10260167633399796,42.375940807372835,22.228279156562905,402,43.41624956024933
0.4503970762290428,0.10060601599038686,39.249505800324805,23.486230380968962,403,43.11098328113137
0.6275402342318923,0.08929677257306644,39.41158781450534,23.866456872983054,404,43.57225078023572
1.493318866251028,0.06085109044928967,29.88267622067784,28.793319988371415,405,43.734658098710334
0.8050461408812778,0.08053638852364418,34.12297163792735,26.37490566557941,406,43.43639148454308
1.0345163724054043,0.07189249394997099,30.287836052568732,28.326667767455874,407,43.47058579374024
0.64891369883754,0.0838350206301558,31.991356356203493,27.77115080156299,408,43.76682897966474
0.6628838074798268,0.08813748639708457,35.09903661648854,25.638464393689237,409,43.18798270193351
0.9204658092266484,0.07574668238261455,30.88323516597585,27.927666097774498,410,43.36928368076242
0.9150708139250618,0.07474205797378072,32.273967482948585,27.145501561249223,411,43.282485302723515
0.7686385847534064,0.07802745858803974,31.099853738236988,28.03292613373871,412,43.582853002857206
1.0308295001161887,0.07071812593258958,31.031745862620046,28.25860531783532,413,43.77447824914534
0.8383432049438087,0.07628976751048105,30.76990114449142,28.0335748048503,414,43.41852537709601
1.1424005403558144,0.06894241381922474,31.447030827005776,28.121219665218714,415,43.8447350787216
0.7232699516488034,0.13922617861550546,283.97542149206583,-98.88703971771584,416,43.10067102831708
0.7782794099816371,0.0809857899025271,34.04994268581052,26.512363666312428,417,43.537335009217685
1.0438651102294065,0.07110986882850438,29.092857954949253,28.894266576694996,418,43.44069555416962
0.9392848110788118,0.07540800929956616,30.7071763746604,28.0516120811232,419,43.4052002684534
0.8344537122446198,0.07781459504070877,32.30014495058756,27.188386895020216,420,43.338459370314
0.9660113369270601,0.07365725812994926,32.84369190329026,27.1943622925514,421,43.61620824419653
1.4050641129520423,0.06120703887425604,31.36802104222128,28.322136759075114,422,44.00614728018576
0.7091754205615339,0.08597741762991745,36.71705210232921,25.22697413237271,423,43.58550018353732
1.153927283476182,0.06936140731660265,36.200304738039044,25.909915082074008,424,44.01006745109353
0.4176622880245839,0.10357006042316556,42.274233240083255,22.115176070244537,425,43.25229269028617
1.3584038312602813,0.060783565565201474,31.115733611342446,28.691270431091,426,44.24913723676222
0.7242447415355151,0.08369853784978866,31.732341251152175,27.335340955206902,427,43.20151158078299
0.8215920551705457,0.08061498635274629,35.76965238191938,25.51527755309125,428,43.40010374405094
0.8881990122646964,0.07541342012307826,30.864870097818205,28.021158385353843,429,43.45359343426294
0.6049877817064011,0.08997952637488366,34.36284969990104,25.977448212523353,430,43.15887306247387
1.924576398806904,0.049608214238992754,31.163724042617446,29.169208039272238,431,44.75107006058096
0.9509799442818961,0.07583910919616646,32.68912568055107,27.081783975262084,432,43.42634681553762
0.46899327277781916,0.10068977482801036,43.984021143769944,21.389131601083065,433,43.38114217296804
1.0814075128928413,0.07107817119263744,30.929487207166062,27.874182030642984,434,43.338925634226015
1.4311744224584755,0.06013117222702598,28.53163364949715,29.553713829282955,435,43.81953065403153
0.8269263078471089,0.08244493231021545,41.81569384407701,22.983854996364812,436,43.891701918403314
0.5476402075355017,0.09250964719627773,34.36776474520218,26.03551462871088,437,43.219397001311975
0.6116391570823326,0.08718252837299455,34.75356197011374,26.073926376436958,438,43.450707361493826
0.7981187291090925,0.08033225393457827,36.32253035390685,25.553952347542346,439,43.71521752449577
0.6460119401751968,0.08745710595693336,33.9859711014551,26.25713814724652,440,43.25012369797407
1.1663912757400487,0.0666858307992705,30.082627393667142,28.630112701853907,441,43.67142639868748
1.1065283221389697,0.06977884569071285,33.41701218263576,27.066911846971543,442,43.77541793828942
1.2214665844389558,0.06737652380216248,33.406773174991564,26.98649383972749,443,43.68988042722327
0.5258961410357152,0.14793173467827864,285.39307301558694,-99.96605307442618,444,42.73048343336728
0.42165100069609535,0.10128775855836744,42.7143961970712,22.404898208423546,445,43.76209630695915
1.9398431617307625,0.05017140535340121,28.97062716710884,29.483103242592176,446,43.968416826146594
1.3884782420018034,0.06131608709245652,31.487833187905608,28.295777519180515,447,44.03969411313332
0.6251458257086201,0.0876221430892134,33.34849887898986,26.465525108200943,448,43.13977454769587
0.8477465400925152,0.07858872571485165,32.46040605172162,27.244669506317564,449,43.474872532178374
0.7648359327301053,0.079669297799971,30.404122063109973,28.194792930255623,450,43.396853961810606
1.1343233965793593,0.07118461265714825,33.10438078942862,27.00627922645193,451,43.55846962116624
1.1374126219459504,0.06540956728718471,32.60516663349924,27.762021479335868,452,44.06460479608549
1.2120209935906887,0.0661119074761449,30.02820838069755,28.607885151920613,453,43.62198934226939
1.5336493308449544,0.05823115344059182,30.749302058365203,28.668528861751142,454,44.04317989093374
2.155008882810132,0.04697222837397996,30.024467825617105,29.625437653436755,455,44.63767156624531
0.3482507444504853,0.11207852670121703,42.68447201192702,21.534502059992334,456,42.87673806595585
0.6049396310827597,0.09030895162643772,36.78800780179566,24.908026098684246,457,43.302029999582075
0.5609500797777061,0.09285352231989291,33.72008733236366,26.148349489344152,458,43.00839315552598
1.6001065221628314,0.05674363867983591,27.805669981937033,29.694199668170334,459,43.59703465913885
0.7385128186965783,0.0832051679549772,35.5524980895018,25.807255827579795,460,43.58350487233069
0.9983016922356907,0.07059839067357472,30.483413529916447,28.60717248585142,461,43.848879250809645
1.6719930986183305,0.055427697585514385,29.79153266837421,28.960194750184996,462,43.8559610843721
0.7155937642329897,0.08393886221968007,33.0672883046829,26.663677436271833,463,43.19732158861328
1.183128059739254,0.06634268935315578,29.636850845110448,28.890900153695245,464,43.70932557625047
1.2419641719331458,0.06589095448246862,30.014245676467876,28.52480272512287,465,43.53192556335681
2.603045570395003,0.041217001411512064,30.4043811388788,29.79679870341644,466,44.99898927285584
0.5104136343841399,0.09588337322722529,35.35339417182745,25.483474178184995,467,43.16017126409872
0.7307855378127797,0.08214400013768058,33.727103785902216,26.83104062853409,468,43.6945925214852
1.3884153927974814,0.06159015063293955,30.711640051873335,28.454241373802525,469,43.81006139973919
0.7842793742091153,0.07959389539814123,31.15635580989987,27.72146481284642,470,43.29964271779636
0.9613792475675628,0.0748183310238926,31.443226786595314,27.63101986226648,471,43.352633255564136
0.9175843182916877,0.07434682724284228,32.33745628648307,27.518355458939002,472,43.687083602180536
0.9730770533460684,0.07308664997883199,31.914973210354038,27.70769023853839,473,43.66517684371541
0.9823617030939452,0.0724725861134811,32.401570346487524,27.709483988726863,474,43.910269161970625
0.49219269284738687,0.09638661491798088,37.00128695489549,24.66453511104061,475,43.16517858848836
0.30211170422715655,0.12222007133198047,60.239869951184936,12.906495288737712,476,43.02643026433018
1.0251604748292806,0.07174657562221204,32.02817227791891,27.715135457558397,477,43.72922159651785
0.3271540285875667,0.1162035886819977,52.7680044704536,16.73219340707168,478,43.11619564229848
0.39523791079703224,0.10505166043020897,40.40034990675149,23.150226643054,479,43.35040159642975
0.4571034485273487,0.09744994260249148,35.07295385303186,25.676429667658272,480,43.2129065941742
0.7439373096580341,0.08166235868769575,35.69582464455016,25.744505414352606,481,43.59241773662768
0.6152781528805494,0.09249598637989596,40.322488726094114,23.11513059191538,482,43.276374954962435
0.9550535555591667,0.07263037219314569,29.854239649097124,28.728638150329292,483,43.65575797487786
0.6967414043238874,0.08374586470314235,31.416368594316626,27.74507289217207,484,43.45325718933039
0.3540089579671841,0.11110140844744748,44.29652647374614,20.773240391504356,485,42.92150362837742
1.1859667739266644,0.06585508480315946,34.41634702505018,27.05896455531654,486,44.26713806784163
0.5490153774474281,0.0926416543455441,34.62598507134387,25.76472212465849,487,43.07771466033043
0.7501269259492666,0.08183864848346024,33.539902866568795,26.752804831257823,488,43.522756264542224
0.7558791630951041,0.08167839863196927,35.39074065998002,25.904054640933094,489,43.5994249709231
1.132117000099914,0.06775861716826766,30.120484971341483,28.53035607489149,490,43.59059856056223
0.8818731740749433,0.07380432720181508,31.869438895417154,27.75383860746878,491,43.68855805517735
1.2477210617606609,0.06560686848870338,32.43169242125909,27.72782290943394,492,43.94366912006349
0.9875332183730285,0.073428263712211575,36.109671622188124,25.932600326597743,493,43.9874361376918
1.0104654747539472,0.07142352435840084,29.555379465023684,28.861054972714996,494,43.63874470522684
0.4128867214136949,0.1018376313928035,33.57467597203553,26.169348504079338,495,42.9566864900971
0.5076718328554388,0.09616446170823836,37.64948679246924,24.469190767113624,496,43.29393416334824
1.1940218662759585,0.0674318052134165,33.01650783486795,27.25866092973567,497,43.766914847169645
1.1017829409345277,0.0700509160538061,32.43975402209752,27.533296589201342,498,43.7531736002501
0.7128550900024471,0.0848476074693152,33.445290700951816,26.68134488469487,499,43.40399023517078
0.4664487714029267,0.10072511675086654,35.08246153549315,25.245938365438473,500,42.787169133185046
0.4529191595770359,0.10124213655092044,37.66304888813307,24.221696972501597,501,43.053221416568135
0.7861717164162535,0.08052866771953379,34.42469178857947,26.25588586457007,502,43.46823175885981
0.7327164231052669,0.08281451894103559,32.42950615412938,27.226530197753117,503,43.441283274817806
1.194728148300044,0.06514492930257937,32.8933493758582,27.76306036765887,504,44.20973505558797
1.2948371433692663,0.06326210396817794,29.727814761503943,28.850675200047426,505,43.7145825807994
1.4211000544114556,0.06205330858776497,30.681214046103676,28.47579920076149,506,43.81640622381333
0.6430402743680843,0.09041580828790007,39.65692130039908,23.44459064925942,507,43.273051299458956
0.6068962667920417,0.08997492732854054,38.19116537318197,24.25456957614568,508,43.350152262736664
0.8754872133079524,0.07683468557233863,32.706734125352256,27.063214236657554,509,43.416581299333686
3.2273685723618324,0.03666382072826967,26.791491688480008,30.526541671121276,510,43.922287515361276
1.118613448589419,0.06808859097585289,30.896313685541447,28.234798328040778,511,43.6829551708115
0.9220465840299105,0.07522098600667076,33.78186097577112,26.844097134467166,512,43.735027622352725
0.8834881114299585,0.07580296687761616,29.842006631827218,28.439718776823575,513,43.360722092737184
0.345609433410146,0.11824498161710603,56.33117370025633,14.771223170480752,514,42.93681002060892
1.3385818609140867,0.06307735972943725,30.162777564376533,28.784702463899272,515,43.866091246087535
0.7950767332493557,0.08008694799740343,32.65902460398695,27.129148515514732,516,43.4586608175082
1.0095343277514366,0.07302560569053854,31.596020846344306,27.644522512851562,517,43.44253293602372
0.8414005709368801,0.07728340226397426,30.577303473144667,28.100707144175544,518,43.38935888074788
1.6478009155472362,0.057360210135417804,29.442686125132155,29.121424136802318,519,43.842767199368396
0.7445099564686033,0.0839309706622228,29.863543025056668,27.974303951256644,520,42.90607546378498
1.338644509455702,0.06286170866963019,29.888872649227594,28.74202855899998,521,43.68646488361378
0.6374497307019616,0.08984144333600126,42.52908421487485,22.481276980339356,522,43.74581908777678
0.5189582337573526,0.09644341227948164,37.83336260088108,24.071253712025854,523,42.987935012466394
1.3061484676202795,0.06272133766276834,30.51159113369432,28.568141480475617,524,43.82393704732278
1.2436255771283613,0.06183765040607909,30.428274541297178,29.123052461785402,525,44.33718973243399
0.4789910551085809,0.09989490881339477,40.21163195122151,23.05979099046695,526,43.1656069660777
0.30884614980750985,0.1107481927577523,39.5642696345216,23.469775467043593,527,43.251910284304394
0.4814918659420057,0.10466472314563305,51.00600367170467,17.72900785798238,528,43.23200969383471
0.8207075416464982,0.1334506577113035,286.5091645617676,-99.99972136845592,529,43.25486091242787
1.6238860120214273,0.057882005669678674,30.42466665306241,28.567278625247994,530,43.7796119517792
1.0589729433403372,0.1262130381878676,286.8584377771315,-99.98856484729698,531,43.44065404126876
0.6683847325173118,0.08840132095678198,39.17252878243285,24.000771242227305,532,43.58703563344373
0.8624829019813831,0.07580798039185742,29.09679421103224,28.9419332521482,533,43.49033035766432
0.4578262520704956,0.09848024766953006,36.721844029440895,24.988152632310882,534,43.34907464703133
1.2721772743261728,0.0647617322550142,30.943031586092317,28.53063588010869,535,44.00215167315485
1.1139309490891747,0.07052989556632262,31.81410853787709,27.66970994667625,536,43.576764215614794
0.7937171272008919,0.08085232053782707,34.72355264832719,26.172653951204683,537,43.53443027536828
2.086078256257311,0.04995943626938032,29.697842498752056,28.989484732463488,538,43.838405981839514
0.9873306826642227,0.12933011319027457,286.0777049758666,-99.99225486039046,539,43.04659762754284
0.3995935763283413,0.11821028395785962,74.34159692106651,6.1129728405088395,540,43.283771301042094
0.5233032042995345,0.09393977719485255,34.32118757588159,25.952766735158924,541,43.113360523099715
0.7461587148611238,0.08043156396223519,31.146745038305365,27.86659176724558,542,43.439964286398265
0.3996797862974051,0.10538893894648091,43.94417588281303,21.38377991616971,543,43.35586785757623
1.0184772704667489,0.07160218491717735,29.342463698450914,28.945893683729185,544,43.617125532954645
0.8101979488873915,0.0805168609342231,37.80788429920627,24.87587425665184,545,43.77981640625498
0.8731425199542938,0.07814176382476426,36.60310389432529,25.435539621627555,546,43.7370915687902
0.7922926504777217,0.07984517499517098,34.862960016194904,26.173196440306974,547,43.604676448404426
0.7380987922216605,0.08061982934573421,33.00202540519649,27.149239674774787,548,43.650252377373036
0.3672640407535506,0.12688867856565664,98.88989798232457,-5.94437525883984,549,43.500573732322444
0.36983814468944004,0.11119235643108155,49.78573965584922,18.43892171439782,550,43.331791542322435
0.6499100765439907,0.1418085137266612,285.7589505567243,-99.9699721022551,551,42.90950317610705
0.7603043533434429,0.08169510022922534,29.6616291128661,28.270786739557238,552,43.101601295990285
0.3512734703739909,0.10812455324785789,40.618829389372536,22.685320029892573,553,42.99473472457884
0.5376862680847295,0.09349693945943575,33.90868115747499,26.18655283296735,554,43.140893411704845
0.36806609978779853,0.10839769128476082,40.51504682203069,22.71288334935331,555,42.970406760368654
0.4755665556031535,0.09611007042969258,35.06893117051619,25.690927040763135,556,43.22539262602123
0.428181486633134,0.09953132598000293,33.999388361301634,25.86177192721485,557,42.86146610786567
0.7760835151249046,0.08281081104850743,33.56426083310826,26.424192302132266,558,43.206322718686394
1.353915900454705,0.06083482282845039,30.698212313765243,29.01639425705014,559,44.365500413932764
1.0141225438112151,0.07137864726452045,29.79897128517029,28.67143186837671,560,43.570917510961856
0.6861734469492514,0.08557278413593472,36.43310779590785,25.433333094749983,561,43.64988699270391
0.5429910511476903,0.09483068020923022,34.91124132536628,25.47952370501939,562,42.93514436770253
0.4930329623105421,0.0957497950174876,34.48376424669187,25.7490312442716,563,42.99091336761754
0.5686756739673335,0.09668934353377796,42.60648055377633,21.806495000665997,564,43.109735277554165
1.2376630263420785,0.06550939849480872,31.650150247235914,28.16755391261735,565,43.99262903623531
0.9694356118083249,0.0740974879994642,32.14650411894448,27.39835957240003,566,43.471611631872264
1.2392626600766212,0.06574374750381769,30.935712928407803,28.17754773010146,567,43.64540419430536
0.8791197121199604,0.07771585179213779,30.785059616759998,27.762711294375073,568,43.15524110275507
1.5360841169336967,0.05961524896962998,30.186203046857205,28.6306336710261,569,43.723735194454704
0.7807182143188958,0.08100759023656313,30.40145845181752,28.10035707546136,570,43.30108630137012
0.8024118325296956,0.1343525045775583,284.597696201881,-98.90388467962613,571,43.39496342131436
1.0635098093817752,0.06931256978540717,31.8619886466705,28.131391817214123,572,44.06238614054937
0.44527855282252593,0.09998277446706376,38.59358391225379,23.990273959496495,573,43.28706591562339
0.57323056507844,0.08894048547433538,33.55564376658654,26.717272219118037,574,43.49509410241131
0.8809636302490289,0.13234869211774714,286.3505697196946,-99.99553324366178,575,43.17975161618551
0.7215338239365587,0.08368345094354558,33.52054932037049,26.740362219208947,576,43.50063687939419
0.8095041889356385,0.13418044355603254,286.3695484448604,-99.97190326368383,577,43.21287095874638
0.5660094649663217,0.09148940290748891,34.43249148400776,25.806436577382264,578,43.02268231938615
1.6087499201335553,0.05796073872356869,28.466774493770334,29.42749900718789,579,43.660886254073056
0.6147513851457722,0.08966794239211785,35.324401648010536,25.59086410719599,580,43.25306493120126
1.288709798645636,0.06289118025846513,29.629895361190332,28.95497403817109,581,43.769921718766255
0.7012398628425627,0.08455978690127998,32.173576273910186,27.20091740023056,582,43.28770553718565
0.431712474110754,0.10151544714079776,41.60646714837584,22.667813536791616,583,43.47104711097954
0.9173438104257444,0.0752977535584039,29.281876691244484,28.83341338001131,584,43.474351725633554
0.8554191259005071,0.0779188358734956,32.275620953042015,27.340574923025805,585,43.47838539954681
0.6890620206190448,0.08675326944220078,37.66111021215962,24.723072129280215,586,43.553627235360025
0.8441864207694423,0.07737335784308576,29.77125410087588,28.52341716282003,587,43.40904421325797
1.3910487762212054,0.06226714875714285,30.751698905384863,28.345833553750587,588,43.721683006443016
0.5951108796883938,0.08884390773510115,33.31969108851612,26.585582098099465,589,43.24542764235753
0.6674894949593718,0.08839625253541879,36.78255307300671,24.811498670553178,590,43.20277520705653
1.4653737232456283,0.06057517687206941,33.881280115530934,27.16857709399993,591,44.10921715176539
0.7270264421727818,0.08212003203598028,31.75187685226171,27.397768108998484,592,43.273706535129335
0.45425552793966073,0.09821543512702295,36.69364774469833,24.94414249488377,593,43.29096636723294
1.2107624294507808,0.06672386634293394,28.92370960229514,28.785534943104647,594,43.24738974425222
0.7595941743964008,0.08317859167113481,34.83504409467768,25.86968005754145,595,43.28720210488029
1.1575788926707176,0.06861615050745803,31.560524966813695,28.08151096551794,596,43.86177344892479
0.6270920325471603,0.08671519511440241,31.213070618358397,27.665021542309912,597,43.27155685148911
0.6199463325611406,0.087536155515686,32.78778219619908,26.904137812362947,598,43.29802891046249
1.5510344128292746,0.05881638376994337,29.14821964716648,29.076810027230888,599,43.65091985081413
0.8054000036130217,0.0817944631079121,34.90846459365872,26.009117597461845,600,43.463349894291206
0.4823713395120724,0.09483928525442553,35.87346308513364,25.47054310655394,601,43.407274649120765
1.4753331889979788,0.06042161224971797,28.88273348340466,29.236165552864982,602,43.677532294567314
0.4059266933666712,0.1097601590600151,56.35125558891164,15.018263943173705,603,43.19389173762953
0.5532272617908658,0.09742537778296101,43.35659907574731,21.48460831088546,604,43.16290784875912
1.0121950550686805,0.07179786447829407,31.9616236002648,27.734887244531865,605,43.71569904466426
0.7725037601577708,0.07944637109771664,32.22921151887358,27.678299912415262,606,43.792905671852054
0.9552230307939841,0.0736936035428079,30.459603575101006,28.238342486916412,607,43.468144274466916
0.9491149453114489,0.07582214090691984,33.09126367772184,26.938983447893463,608,43.484615286754384
1.23715392575605,0.06610908891904249,31.64711023738686,28.072847851547472,609,43.8964029702409
0.9579202509814764,0.0743067300303431,31.178354037463798,27.94333423576683,610,43.53251125449873
0.6690643671091075,0.08707344510822139,36.81151226652342,25.127231465458042,611,43.53298759871976
0.818722393181164,0.08135580886678093,34.53816291291065,26.07856528896759,612,43.347646745422914
2.1284659607352205,0.04837777973517122,29.771826336668415,29.28027752695153,613,44.166190695285735
1.2588486471922367,0.06606086400494493,30.991766798719286,27.928774512141967,614,43.42465791150161
1.3861607417388773,0.06449214075914143,30.819675713556087,28.196602682349475,615,43.60644053912752
0.9279901961180284,0.07666777949396367,31.676324159536367,27.76855940670101,616,43.60672148646919
0.9612429602469806,0.07363847880806156,31.3752907473868,27.97575850980977,617,43.663403883503165
0.4242212136016234,0.1003848952744954,37.17078182180333,24.96395970193438,618,43.54935061283605
0.6822134306239349,0.08574427455139208,32.92290070697444,26.67021796520087,619,43.131668318688085
0.6421124321688209,0.08776265835263784,32.561395426085106,27.164157860501,620,43.44485557354355
1.5125387230027945,0.05906790335540476,30.174891942203118,28.781603679268777,621,43.869049650370336
0.9356328560654164,0.07513787414739245,30.058548426750743,28.374641574736344,622,43.40391578811172
1.1917626630173574,0.06633662292921683,31.608663214730377,27.97504869553359,623,43.77938030289878
0.3626883678601472,0.10654033611636207,40.09068570747019,23.24625105915278,624,43.291593912887876
1.2613337146843417,0.06509168352227114,30.67736719291699,28.202599432994905,625,43.541283029453396
0.46727321995189347,0.10528621468246606,58.84147360149902,14.309245483409242,626,43.72998228415875
0.45435121296362424,0.10401409198863706,48.65520691571746,19.16530216186929,627,43.49290561972802
0.4853301796394817,0.1072047786928875,64.03299565161151,11.515533906910727,628,43.53203173271648
0.7402329537082487,0.08120424211106156,32.71204129957137,27.315411289155964,629,43.67143193894165
3.0692213691117094,0.037319635935829334,27.37905960662881,30.24677669106948,630,43.936306494383885
0.9980074324718167,0.07248585406770887,31.308080313157525,27.768420690218417,631,43.42246084679718
0.4522958370218197,0.09610042507294862,33.26239111531838,26.615510794192037,632,43.24670635185123
0.41308243808479406,0.1099412555719335,54.39041136967005,16.037145074436317,633,43.23235075927134
1.0547687617013026,0.12582318433949552,287.0318005977325,-99.95658083517071,634,43.559319463695545
0.48686307311634225,0.09661228992400495,37.68992323821955,24.559656251863046,635,43.40461787097282
0.5562002233070604,0.09388014631716629,36.71329334648108,24.76632423265209,636,43.12297090589263
0.8799692299309858,0.07512200101870586,28.46002685854562,29.194550495237866,637,43.42456392451068
2.243927160629154,0.04642758162658225,31.169278427669187,28.752441734295278,638,44.337080948129874
1.2861965403545255,0.06207291770399637,30.532935503937477,28.744051959878437,639,44.010519711847174
0.5191720680905592,0.09454009288999472,31.50206122547815,27.307392867795688,640,43.05842348053476
0.8264503930135558,0.08069039183551731,34.550570160672294,26.029712872563678,641,43.304997952899825
0.4460656478703743,0.10118919987076923,37.86122456036409,24.19807758589687,642,43.128689866078915
0.9379407503712135,0.07365346086221748,31.738489763977267,27.747940802214373,643,43.61718568420301
0.8719920756915143,0.07840400881124328,34.2185876674439,26.21022574099289,644,43.31951957471484
0.9512460026944006,0.07426441293671203,32.312599256418736,27.72793830975427,645,43.88423793796363
1.6485894545004938,0.05538130646511558,30.63056984499056,28.805046273782523,646,44.1203311962778
1.0808860968864187,0.0704051563992865,30.622995254717136,28.318511874875423,647,43.63000950223399
0.7432950020630641,0.08306344820807775,33.228854924600576,26.57926499067587,648,43.19369245297616
0.8445322589045601,0.07910339627196138,34.470602056264944,26.264367060703268,649,43.49966808883574
0.3401747333974692,0.10844323021192805,37.10637513360963,24.378244421645878,650,42.9314319884507
1.0746910763966318,0.06905319580094327,30.87740971070921,28.14217747797544,651,43.580882333330045
0.8815378351754066,0.07738082839575232,31.076772987665272,27.893926332745583,652,43.43231282657822
0.7851537964694292,0.07984873589137992,30.95051216529433,27.694779175537775,653,43.17003525818494
0.3301029734917226,0.11923460797203297,64.0855233684405,11.273392774467059,654,43.31615445868731
0.4013878876808077,0.11388587159096605,58.11024456461192,14.129406384751487,655,43.18452866705745
1.0307525455550028,0.0708695436947964,31.398493845795024,27.888942723937614,656,43.588189646835126
0.4508259495147363,0.11046727744823878,59.117383293573056,13.539241898355282,657,43.097933545141814
1.0626879033943517,0.0724180731249903,29.819429015959177,28.460194769883085,658,43.369909277862675
0.9564951339448424,0.12964088308204802,286.1117459791318,-99.98025346762205,659,43.07561952194385
0.4281419909999541,0.10289547018062987,45.33091859038479,20.859483964831092,660,43.52494326002349
0.4139867721716549,0.12171066829987923,93.71211787472586,-3.4724129610732875,661,43.38364597628964
0.3621000359929046,0.10760761715424798,39.56126353890068,23.40165346224918,662,43.182285231699524
0.8385614115055822,0.07730924449246054,32.328245078399256,27.3739198508942,663,43.53804239009383
0.8748086004838846,0.07669427501266649,34.92291610162935,26.395717553789567,664,43.85717560460424
1.124224884231061,0.06871392264614073,31.26337693886754,28.020386121183858,665,43.65207459061763
0.9167449568826889,0.07404522435021307,32.0425528592657,27.760476724682434,666,43.78175315431528
1.4105223648168221,0.06147866099218048,34.44418360562591,27.13311796795984,667,44.355209770772795
0.8339681743716654,0.07965559901368746,33.53665406516958,26.613594993231924,668,43.38192202581671
0.5515390391679104,0.09190390936098591,33.63674420400853,26.368389109605737,669,43.186761211610005
2.238913672778289,0.04670264732325657,29.87251145002237,29.51952193722846,670,44.45577766223965
0.7598329619660639,0.08110486806620637,31.982097580535186,27.295302889596055,671,43.28635167986365
0.8427584510782486,0.07857097205464039,36.00637431072741,25.86506391782623,672,43.86825107318994
0.6598838692750848,0.08927968961039519,35.78963161946152,25.11108056682015,673,43.00589637655091
2.046435008576155,0.04953069238264232,27.54765907042444,30.055563380254263,674,43.829392915466485
0.8020131835281282,0.07774392821470526,32.11825732908131,27.52805383075606,675,43.587182495296716
0.6957995821935248,0.0876107673866756,38.209229728706156,24.3250655415233,676,43.42968040587638
1.0694355462193184,0.06850793109318713,30.87229516840278,28.357494931759575,677,43.79364251596097
1.3931360975625087,0.0616988379452798,29.538953923882946,28.877235125472133,678,43.646712087413604
0.5196860259246,0.09864297868418409,44.890056262590264,20.905562131713005,679,43.35059026300814
0.5687037526356385,0.09294030038889145,35.15242466685783,25.515146673399144,680,43.09135900682806
1.9417365619135134,0.050542472888148664,29.65829192605548,29.53631463966561,681,44.36546060269335
1.2725663018297018,0.06429159278559538,31.46503087593678,28.07154948155091,682,43.8040649195193
0.5827938583817088,0.09203957176508666,37.68966193742048,24.510999860560947,683,43.355830829271184
1.3176678448971963,0.06161808576087503,31.916635355304383,28.580599344435527,684,44.538917022087716
0.5860127287010847,0.09189210698343749,35.82350095128598,25.278208474070258,685,43.189958949713244
1.7856474135710088,0.05472500270102281,29.529893058567176,29.107667057277787,686,43.87261358656137
1.1826248385764284,0.06690709866451944,30.00317468834479,28.651934466525816,687,43.65352181069821
0.42194291682864815,0.10456197846281842,41.779671153493936,22.256725464395807,688,43.146561041142775
1.0931903296349854,0.0679896268235893,33.194240765723166,27.788331486268603,689,44.385451869130186
0.5954397629445429,0.09008832095893358,35.843522560408566,25.52717420857938,690,43.44893548878366
0.768769061124336,0.08280081391786509,32.74182595407757,26.74733311909191,691,43.11824609613069
1.0293061465604023,0.07354736558403181,32.98076845814384,26.936187273963686,692,43.4265715030356
1.7320512212791799,0.0532745056420818,29.527832880002364,29.681527912630923,693,44.44544435263211
1.4462976751990346,0.059619256778534926,31.0553542746351,28.517506915181436,694,44.04518405249898
0.534864977888101,0.0944785991279678,40.73725627031366,23.037440357706096,695,43.40606849286293
0.8417555137011163,0.0767429602566178,31.203774101278807,27.927701743341803,696,43.529588793981205
0.350611209568052,0.11115949508770985,47.70399841524539,19.688265720913577,697,43.540264928536274
0.6618121496111935,0.08703593574124593,33.70547333962592,26.56729346165746,698,43.42003013147042
0.6228539851402698,0.08700267785113984,33.035696822011,26.989044315572354,699,43.50689272657785
1.833795948326716,0.05229247497434076,30.668330380482594,28.783022322187033,700,44.11718751242833
0.9667875900407695,0.07454954583016572,30.863478591873097,27.986936446618717,701,43.418675742555266
0.6797270327065994,0.08389465880369211,30.59220340775343,27.903979598041865,702,43.20008130191858
0.681046891409656,0.08485087712101415,33.93334285198087,26.431625471900244,703,43.398296897890674
0.46026066136369675,0.09867300186066176,36.52827145498922,24.828487836152796,704,43.09262356364741
0.5717524469523843,0.09373292679703042,37.66662851431584,24.42814245586744,705,43.26145671302536
0.5587035262681166,0.09626924912186474,38.3055876925149,23.948179659159862,706,43.100973505417315
1.6855083739374588,0.05516599108531465,30.128841820341353,28.955697368057915,707,44.020118278228594
0.9824046370259892,0.07353433729897194,35.25435403612473,26.42406804026655,708,44.05124505832892
1.6081324294280144,0.055502376548584045,28.85811899289055,29.433007646456087,709,43.86206714290136
0.8574130545961097,0.07784886762694634,32.94280960693091,26.799963690168344,710,43.2713684936338
0.32014304704436974,0.11555153844293332,50.83362489251362,17.807099283439907,711,43.22391172969672
0.7755998263610255,0.07801415417149805,30.639135281456117,28.529249008137704,712,43.848816648865764
1.3004533208681148,0.06472610584746746,29.27317890889388,28.887704610339163,713,43.524294064786105
1.040155789085839,0.071135197457459165,32.78199483326362,27.440991730002306,714,43.831989146634115
1.269886829157202,0.06316841974695545,28.650858050277574,29.351751928203946,715,43.677180953342734
0.5254489786445093,0.09917146478783523,42.68250853006821,21.81966586483785,716,43.160920129871954
0.8681252446655864,0.07532958536590362,36.29018106361261,26.324343482869676,717,44.46943401467598
1.0251177443432484,0.07337107254799678,31.660393611638938,27.617196898479826,718,43.447393704299294
0.43847959370667383,0.11039197558454424,57.99814282997802,14.376153824257536,719,43.37522523924655
0.7328426897797161,0.0813787851717173,35.00890085005992,26.15310500350783,720,43.65755542853779
0.6819572129389696,0.08518268521562145,34.51793435020519,26.29613138945705,721,43.55509856455964
0.9562767275216928,0.13052558975706188,286.509151723873,-99.98139797757818,722,43.27317788435832
1.0462883193486308,0.07139637123156514,34.66726232759354,26.438277573973735,723,43.7719087377705
0.42485875495992964,0.11003699667235228,55.87877670589947,15.362574639461892,724,43.301962992411624
1.1352300696910296,0.06764957929998278,30.504742854490306,28.58721011655468,725,43.83958154379983
1.197710933453368,0.06609075345001308,31.417897905823082,27.997134129970565,726,43.7060830828821
0.6919733742864512,0.08681718770746484,39.31430743196191,23.920636378333516,727,43.577790094314466
0.6463239765448487,0.08901146520896301,35.29280973861352,25.57986053305536,728,43.22626540236212
1.2847875067706362,0.06501787296047702,29.1547924620889,28.738235505336746,729,43.31563173638119
1.1229622346696115,0.06890101538364884,31.701043171924177,27.82318479804367,730,43.673706384005754
0.5263083191484772,0.09436151314718268,37.06168791696197,24.65314961384861,731,43.1839935723296
1.0881588307112637,0.06815496282381397,30.38644061978378,28.837962515469897,732,44.03118282536179
0.7546438670730551,0.1383760512299523,286.0378480343409,-99.97523100820062,733,43.04369300896984
4.43262461247205,0.024062662422576816,30.48423313722557,30.33534723402657,734,45.57746380263936
1.007149545801974,0.07292246202545076,30.23772737995372,28.186452505128507,735,43.30531619510537
0.5340808001824996,0.09796562852184881,43.12909431034103,21.55715255554822,736,43.12169971071874
0.6367246632397291,0.11358035057262596,112.6593693387609,-12.83976874074563,737,43.489915928634815
0.5054149543660726,0.1073886667320756,66.31305079297485,10.422594082510324,738,43.57911947899775
0.8996453618963821,0.07647141079518789,34.169692197229054,26.77808426182208,739,43.86293036043661
1.280675120035244,0.06496641968145703,31.183503380231926,28.399157260977475,740,43.99090895109344
0.7304900447052267,0.08129592578573168,34.241396688962105,26.62715131146276,741,43.74784965594381
0.4186210431122683,0.10173299842980657,38.20229375596239,24.31661378020099,742,43.41776065818218
1.5549824124139526,0.05819204896611942,28.45236040563861,29.635291216231778,743,43.861471419051085
1.489983619607595,0.060343722342236804,27.782928128145944,29.774950433035556,744,43.666414497108526
0.5709997573794264,0.092152624792729,40.13896064196417,23.481403285172906,745,43.55088360615499
0.668332566677201,0.08675842224595923,34.74667447238153,26.177206974124516,746,43.55054421031528
0.6707217571665338,0.08852530823489985,37.210026845073386,24.61314737455556,747,43.21816079709225
0.6575197338110134,0.09129854729949431,39.46021947846458,23.532143338677802,748,43.26225307791009
0.7909061687303394,0.13442742769197527,286.24465037307954,-99.82896430239362,749,43.29336088414615
0.42654008404232474,0.10311168282770723,41.66011758330833,22.3682102999453,750,43.198269091599464
1.4407587407715954,0.05903234640303984,28.756083480189105,29.402408448701078,751,43.780450188795626
0.5648698179244044,0.08998789030150296,31.479742315063035,27.355565655779845,752,43.095436813311366
1.381889593601504,0.06298855593890759,30.217824649299953,28.717747691036237,753,43.826660015686215
1.843698599249141,0.05292162937106026,29.23254328917824,29.43548729746043,754,44.051758942049545
0.6391823474627158,0.08688152697635934,31.780517574370013,27.207179091096112,755,43.09743787828112
0.723945189085393,0.0845095086960143,35.03901573519313,25.87760914569014,756,43.3971170132867
1.1990202976041435,0.06518278259851554,30.483408916934152,28.53891528611788,757,43.78061974458495
0.9875805024189824,0.12828164814248091,286.41089815943093,-99.97117700334806,758,43.234272076367404
1.0051199220782274,0.0742945073742343,33.95476940977364,26.636093172947295,759,43.613477877834114
1.3100148081663898,0.06274626653405858,28.65065076442829,29.186453208930658,760,43.511778591144804
0.6128943404310699,0.09215217419375145,38.85666577434007,23.780015662666344,761,43.20834854983638
0.8968991633578428,0.07698665804899475,30.373166645210436,28.235426774672092,762,43.42201009727731
0.5310959495050631,0.0932029571433014,35.35862457305667,25.55384791933826,763,43.2331602058666
0.5387068759091093,0.09253644044043381,37.95384479707383,24.660423959432805,764,43.63734635796972
0.5683224218056802,0.09074306673337318,31.124872497202475,27.46077646732621,765,43.02321271592744
0.6038724751211959,0.09351891056724163,38.597646311778966,23.917576503618662,766,43.21639965950814
1.1679919627679085,0.06707147738606609,33.54250768449094,27.101274201838645,767,43.87252804408412
0.9962502371688753,0.07072154036421455,30.55733811453128,28.633924346111684,768,43.91259340337732
1.0299095374728569,0.07140728098086967,35.00844313161234,26.778080897824807,769,44.28230246363098
0.8356110506033408,0.08085753396318379,33.9535608944721,26.48678014450132,770,43.46356059173737
1.639776683087564,0.05508009199430915,30.821746546622983,29.145784634856025,771,44.556657908167516
0.5625152995221308,0.09200550631801978,38.16093238848862,24.317716311147482,772,43.39818250539179
0.49740196915409984,0.10259258844117712,52.04607841825823,17.272355234951277,773,43.295394444080394
0.5700794343725003,0.09006596332672373,33.23961044100404,26.54138530989195,774,43.16119053039397
0.4064617377395146,0.10448982959561676,37.93262153729545,23.94408994813671,775,42.91040071678444
1.8563751859872952,0.05244787701118134,29.726228157838896,29.241572452615095,776,44.10468653153454
1.5195715710549098,0.05814587197858402,31.284218936425876,28.445328817105768,777,44.087438285318704
0.5283905470483646,0.0918664800678079,31.520714504590998,27.37779692483067,778,43.13815417712617
0.683429673759401,0.0868436266598493,32.59014121715523,26.779612076025,779,43.074682684602614
1.4676931056087559,0.05924302667862736,29.724795060970255,29.046953796060265,780,43.90935132654539
0.641173434157431,0.08667730082743925,35.30447349454898,25.980393793975104,781,43.6326305412496
1.5154335158339538,0.058184039227411014,30.506166381792923,28.98039164253846,782,44.233474833434926
0.5222652915640078,0.09450949123091702,37.78453394465049,24.381014766676934,783,43.27328173900218
1.259629258140291,0.06456786819473116,30.39838916922619,28.501721304097654,784,43.700915888710746
0.9641318364166515,0.07092293253825055,32.36751191368323,28.203565903715344,785,44.38732186055696
1.4636445540273142,0.05859464188307422,29.9414524104683,29.030883739268187,786,44.001609944502334
0.9251415433987934,0.07450042515774868,31.433841565534884,27.78783621438087,787,43.50475699714831
0.7600650934956924,0.08057929584774996,36.204419482743184,25.991742218192147,788,44.09395195956374
1.1521882630278721,0.06585194314422019,31.363408779073044,28.439033566427977,789,44.1207379559645
0.538162807475627,0.09458126354950148,43.60445617964674,22.16400127509695,790,43.96622936492032
0.4709720899458057,0.09947286292012218,37.655044945465974,24.47667373132199,791,43.304196204054975
0.9971322715994551,0.07457807363786056,36.93984940227383,25.45481194472201,792,43.92473664585893
0.6057278770276041,0.09011146727347373,33.94353166981755,26.098226605403436,793,43.06999244031221
0.7125214738530447,0.08497502545197824,36.88561175263146,25.053017441912328,794,43.49582331822806
0.45674422630270706,0.10014886247508421,39.06430579939398,23.546083425731933,795,43.07823632542892
0.9610190136296963,0.07391480577523749,30.188587487774832,28.216275270606484,796,43.3105690144939
1.8397190967057224,0.052460575214103064,28.178253275279705,29.710394547424567,797,43.79952118506442
0.8728451838720384,0.07572799978267722,31.09755580054371,28.343496747533937,798,43.89227464780579
0.5761259004842028,0.14622022896660578,285.9144134780296,-99.98555079387009,799,42.971655945144704
1.2952870749535714,0.06368410154270328,29.030014432361533,29.17721391512484,800,43.69222113130561
1.206559268594551,0.06695039668348356,29.767586401968554,28.857213433049477,801,43.74100663403375
0.6948549154752092,0.08526225298457173,34.81099070144283,26.120435734521166,802,43.52593108524258
0.5927621137406759,0.09217900627804541,39.18688603699088,23.88560173852869,803,43.47904475702413
0.809205936196676,0.07997333034650937,33.19693735224062,26.927345083954464,804,43.52581376007477
0.5584421323505058,0.09433753394969681,39.32870162806647,23.561399874449847,805,43.22575068848308
0.7906659644604797,0.07982517748162095,32.075616516234646,27.575033817249732,806,43.612842075367055
0.5898659100576039,0.09076842583430932,31.65826402329737,27.04875227496001,807,42.87788428660869
0.415457366538712,0.1011574119369834,34.48314811781261,25.621520249090487,808,42.86309430799679
0.5941759641543788,0.09167305356106296,37.49888523801304,24.617035021216445,809,43.36647764022297
0.8678009351326015,0.07704719909579212,31.450514601753266,27.514494530902276,810,43.23975183177891
0.7771069367970176,0.07888100291235052,30.33438354990428,28.254337730331336,811,43.42152950528347
1.0152805750694938,0.07382362683839519,33.50466537428901,26.79259112807914,812,43.54492381522364
0.7562857473733895,0.0831221934460951,34.07222409587236,26.153838570191457,813,43.18995061812764
0.5688428362066162,0.09187230902540777,33.85025692788287,26.247402895792355,814,43.17253135973379
0.4117501692569982,0.10195018040550459,36.93982862835032,24.61329807856813,815,43.08321239274329
1.1956606976598658,0.06646145702566,31.903777809137793,27.80827097204573,816,43.76015987661462
0.7099789564622832,0.08163985918331992,33.53911706302855,27.06611048848573,817,43.835669020000005
0.48410991507507256,0.10343440420259914,47.957586762783,19.24356789169741,818,43.22236127308891
0.9606244445551089,0.07431728226316447,34.477353699083075,26.532659901042365,819,43.7713367505839
1.1201986319757993,0.06818141818519213,30.46397787180076,28.39857608462541,820,43.63056502052579
1.0412414014604638,0.07183039792863162,33.49185985616009,26.809102229533668,821,43.55503215761371
0.7426914598802439,0.13848286885785763,286.00526832565737,-99.983759165399,822,43.01887499742969
2.1559565977288306,0.047520619717401034,28.535616944777487,29.65726424650346,823,43.9250727188922
0.6751541387114857,0.1255429798826378,189.4292461582464,-51.239873267719226,824,43.474749811403974
0.8048795609604783,0.13394088754303912,286.5951594391682,-99.99776666383674,825,43.29981305574735
0.40379211527564585,0.1118246971644335,54.31131953989188,15.80376921527153,826,42.95942898521747
0.34514894761197035,0.11270263619834475,49.66713399559959,18.38051697292395,827,43.21408397072375
0.7721900815521496,0.13692699071831033,284.924607523955,-99.42963114178318,828,43.03267262019432
0.9206860582564788,0.1294542291271954,286.5731255860533,-99.92781706755953,829,43.35874572546713
1.000986592476149,0.07361266384561913,34.48171781851478,26.64152723740268,830,43.88238614666007
0.6005087731393002,0.08882977833999217,34.950661307943314,26.042963401348597,831,43.518294055320254
0.6521509977768007,0.08721025545863136,36.535144909817696,25.35503938904173,832,43.62261184395058
0.9144301177740402,0.07776309739027874,38.1410639782984,24.68168664990637,833,43.75221863905557
0.5777524851858024,0.09002989778153035,35.11494736429741,25.961836907291282,834,43.51931058943998
2.2056260674842645,0.04690975029385693,28.509483547861127,30.140202356694335,835,44.3949441306249
1.389574674951265,0.0623241687582824,31.444660183984894,27.996966253254485,836,43.71929634524693
0.46879862192981875,0.0950817814664839,32.93011703270832,26.978779947506702,837,43.44383846386086
0.7627107938281621,0.11417946904580747,136.96995876147125,-24.97127097571749,838,43.513708405018136
1.1103185903645025,0.06818570315476301,31.631649591981166,27.721717004344406,839,43.53754180033499
0.4810984655168125,0.1000303380968606,41.530058515400754,22.45000446658781,840,43.21503372428819
0.6084892502792176,0.08827045068888457,34.99783794646277,25.98651468795286,841,43.485433661184246
0.7936371296161003,0.0786819450404428,32.052326086169494,27.395991212132103,842,43.42215425521685
0.4519256592704217,0.10295440615870631,46.18732381905558,20.17546886487455,843,43.26913077440234
0.7573971334868241,0.13466159249690937,286.06617256395873,-99.89134734433593,844,43.14173893764344
0.5173984547141005,0.0963672517080387,35.53880286099196,25.293118346219725,845,43.0625197767157
1.906414328838611,0.05218784918400331,28.276213570126863,30.0415214967698,846,44.17962828183323
1.891309705623022,0.052408109845298353,28.626806391903592,29.32477737820955,847,43.638180574161346
0.8203894881589818,0.08031620854941834,33.85020725338876,26.5418205546697,848,43.46692418136408
0.6738681872309715,0.08833594237935939,38.4676522524172,24.12006391499922,849,43.35389004120782
1.0723049338760469,0.06872246803552018,31.277171212601342,28.288730519533413,850,43.92731612583408
1.4060905923554483,0.06276097653807346,29.956496082931114,28.55616597372063,851,43.53441401518619
0.6111237428800709,0.09026886133167425,35.64980967130927,25.330585150478832,852,43.15548998613347
1.454546644738798,0.059458163043366784,29.975269842276234,28.83156796893076,853,43.81920289006888
0.9783503471642262,0.07211291196030188,28.30937276019787,29.158854859230683,854,43.313541239329616
0.4977450720686476,0.09681322619654105,36.37723208076333,25.031825601809008,855,43.22044164219067
1.021254774976131,0.06970755008127208,33.84988352784225,27.455801938971405,856,44.38074370289253
1.1674612583036585,0.06784341277157521,32.203562690513685,27.74858420810883,857,43.85036555336568
0.4364317914490059,0.10219300706982298,38.45199221890998,23.753247212641572,858,42.979243322096565
0.7780961056687531,0.0806100053997434,33.72564457613538,26.79232332475532,859,43.655145612823006
1.0085578626274245,0.07157795125296836,31.000359248761896,27.809144414170873,860,43.30932403855182
1.0438248861399715,0.07066953505571427,31.390555213995185,27.88322844677279,861,43.57850605377038
0.4796633263729423,0.15190532870084203,285.5022836976263,-99.98931776052405,862,42.7618240882891
1.1034614289599893,0.06818440583466247,31.199165910317774,28.244505135258372,863,43.84408809041726
0.42055115236439417,0.09968703723608821,33.7586902407743,26.163761085893878,864,43.043106206281024
1.1858865862866075,0.06757103086870726,30.217036722887322,28.35455601534225,865,43.46307437678591
0.699922082836104,0.08408029743114649,34.01419328398995,26.537155434122894,866,43.54425207611787
1.157502182238498,0.0679849278701866,30.215931036048243,28.490880039294073,867,43.59884555731819
0.9315398717398974,0.07497079376218405,32.03598581538819,27.572138620649913,868,43.590131528344
0.5867784746132227,0.09259578204607646,38.698342127483365,24.04902668071841,869,43.39819774446009
1.114357351979714,0.06958058722650928,31.81663145075303,27.51157502099887,870,43.41989074637539
0.4973135892186807,0.12786377622531087,137.06872833010303,-25.197362922068702,871,43.33700124298281
0.8727904437280037,0.07765020233991432,35.35009724848666,26.020470671142522,872,43.69551929538585
1.0472790977239774,0.07037324157563357,29.49469153214836,28.69085441060023,873,43.438200176674414
1.197193751115346,0.0663735669071506,30.36710943627497,28.36218317893446,874,43.545737897071945
0.8061070507890823,0.07851412837005504,33.36987314224391,26.94478680916893,875,43.62972338029088
0.9518936157857631,0.07381305644815711,29.923664542283277,28.59407736882392,876,43.55590963996556
0.7230656878987027,0.08350311089285004,34.22383928654068,26.487326203385656,877,43.599245846656
0.6123834092560013,0.0906960285145374,38.23552600448699,24.36907361907224,878,43.48683662131573
0.36775585195535904,0.10937186057838293,44.69488008746517,20.772940754624237,879,43.12038079835682
0.7250846228771157,0.08248292316152629,30.44823941028327,27.89804509507707,880,43.122164800218705
0.7622888639999345,0.08257927821391071,35.54657567513465,25.664704797867138,881,43.43799263543446
1.1081008913302872,0.06922634436843604,30.90880627491207,28.066722846186554,882,43.52112598364259
0.9300855754476305,0.0754529734359899,30.69168296589219,28.10707121655406,883,43.45291269950016
1.0437927289159499,0.07033489927281406,32.492502663265995,27.55318923184053,884,43.799440563473524
2.3652394845499845,0.04531791508657181,29.444705368341136,29.700148039381393,885,44.42250072355196
0.6622125181746296,0.08796266771918336,33.6536841882626,26.23084256950431,886,43.05768466363561
3.073249647299821,0.03669476569662238,29.104851553658342,30.237442747888306,887,44.78986852471748
1.6793785117349802,0.055581992799587004,29.677310372815146,29.14765244740491,888,43.98630763381248
0.5093764617114156,0.09300334207480161,34.42491921787517,26.26487620700144,889,43.47733581593903
0.9339937870601317,0.0757398829751732,31.39834349902715,27.465011900087077,890,43.16418364960065
0.4577404985665011,0.09905817909264182,35.35140000826044,25.646396147915468,891,43.32209615204569
1.0389601784396594,0.07032448264338433,31.80838158874962,27.97319628618973,892,43.87738708056454
0.5460328341777176,0.09144544533189393,34.10102246429273,26.304961550797522,893,43.35547278294389
1.3270713659468967,0.06340664497505381,29.919318517955748,28.637616889919265,894,43.59727614889714
1.4144308137669517,0.06202024635243646,29.98064130209068,28.706894068943804,895,43.69721471998915
0.39962535721902115,0.11318055500552801,58.09871219787824,13.951982123900766,896,43.00133822283989
0.8032711565980972,0.07939953659557372,32.05404804701235,27.396229800695707,897,43.42325382420188
0.6609073899339867,0.08463703457286327,32.650589990168996,27.25766337791053,898,43.58295837299502
0.5798753963874135,0.09378859966392655,42.277334592082305,22.39939814693465,899,43.53806544297581
0.7030413983342368,0.08703997826557126,35.6954647045869,25.261208985918074,900,43.10894133821152
0.6401058056105653,0.08790060049020058,36.229729547704174,25.580558291340584,901,43.69542306519267
1.3558288714856315,0.061957283463705395,32.32229049517881,28.133946898292372,902,44.29509214588178
0.9818145510578878,0.073272387459898225,30.75303076410423,28.192419787891744,903,43.568935169943856
1.5551088111294558,0.0570048677987717,29.377864826694044,29.405495032900696,904,44.09442744624772
0.6256060384228538,0.08844500073322044,34.10200017027623,26.379945491270476,905,43.43094557640859
1.206423815224457,0.0648014601585886,28.94075991180465,29.314687412940096,906,43.78506736884242
0.6918930727931346,0.0826587413390927,33.320638303534295,27.08512564075756,907,43.74544479252471
0.6817061642630364,0.08515395917366213,35.86799763268851,25.538813871067887,908,43.472812687412144
1.279674639227587,0.06319704553951459,28.416100085279545,29.705615044910207,909,43.91366508754998
0.6148785974397918,0.08940946624737463,33.99629318079829,26.255757325338557,910,43.2539039157377
0.9074766969835311,0.07596013448942308,31.86905956634357,27.66623448931102,911,43.600764272482806
1.246547136440882,0.06418958845692611,32.319520376985025,28.016848717966834,912,44.17660890645935
1.3461873196500784,0.059834825163379346,30.237114121563447,29.14707421044711,913,44.265631271228834
0.648222936669525,0.08726405265142549,36.063823833456304,25.51514322336101,914,43.547055140089164
0.486726689453005,0.09792155647675335,37.08961542482001,24.45767279956664,915,43.00248051197664
1.9800721964133752,0.04965224504219682,30.737706454943407,29.304819888296628,916,44.67367311576833
0.5382174218362105,0.09431977089499037,35.321573292302595,25.532271213211235,917,43.19305785936253
0.4351864486653152,0.10332297483073984,40.962118849164476,22.712622112636755,918,43.19368153721899
0.43525660885140777,0.10052063540812835,37.89800667583915,24.112066082498885,919,43.06106942041846
0.8980122078783755,0.07627262669305668,31.47941954846804,27.66012343099939,920,43.39983320523341
0.9817604827214742,0.12816422435610486,287.08612162368615,-99.99897257847935,921,43.54408823336372
0.6034433005458485,0.09486814209308407,41.960291370527266,22.145270601735973,922,43.12541628699961
0.5962280448929727,0.09110986688427249,37.71316777837237,24.566043318778863,923,43.42262720796505
0.8319426647676625,0.07965957688960865,33.3227478036936,26.88721266655717,924,43.54858656840397
0.37898312996463157,0.11599983558279306,65.05411479228859,10.767644839562605,925,43.2947022357069
1.3538517981266867,0.06172807177066046,32.580296372059266,27.72919976713582,926,44.01934795316545
0.5611871657017943,0.0942136813127399,38.365394023657714,24.034862662802574,927,43.21755967463143
0.41950414305111733,0.10974229410007061,55.12429257084272,15.780604812950292,928,43.34275109837165
1.241655035193673,0.06523870973134087,32.17035612897842,28.05126223838299,929,44.1364403028722
1.0139735650543216,0.07255127368695978,32.82859647256722,27.361722808985864,930,43.776021045269474
0.5404186104435355,0.09596721504026992,39.90973494131782,23.21237299053829,931,43.1672404611972
0.5001615669509323,0.09754689465183401,37.84786787965612,24.25830315482755,932,43.18223709465561
1.168208403639538,0.06707059082002609,31.6483250478179,28.134235492211687,933,43.95839801612064
0.2833727377381003,0.12839633012503174,69.64703674467239,8.11142144437435,934,42.934939816710546
0.6497945892368362,0.14023296150978018,286.57973860737485,-99.9972493688011,935,43.29261993488632
0.5782373805927876,0.0924147050218509,35.945367048600545,25.287600001378344,936,43.26028352567862
0.9740370385834184,0.0742657122114921,32.21979609786717,27.58151699472387,937,43.69141504365746
0.465846230629419,0.09775891918921716,35.99048597669027,25.338207179654976,938,43.33345016800011
0.2994053415663947,0.12488402288215095,67.7278557492232,9.186212050974493,939,43.050139925586095
0.8419594592653318,0.07742274005416706,34.99939312835413,26.332758505034587,940,43.83245506921165
0.602427548243967,0.0884519260208067,34.868509962210396,26.219242546467317,941,43.65349752757251
0.4557732883809906,0.10069944438712085,38.10427453001603,23.780178136454108,942,42.832315401462125
1.253722693328031,0.06614594567318208,29.269138132236105,29.085374095705568,943,43.71994316182362
0.3388611346431849,0.11511280484621852,55.49325630315,15.327236001122268,944,43.07386415269727
0.8337033516531611,0.07924076514267332,32.76612134672302,27.18596751019335,945,43.56902818355486
0.6686880773760524,0.0850431595324379,33.4920904970321,26.769946522526343,946,43.515991771042394
0.6046881823264111,0.09027147245171258,38.58441728712588,24.09302676499425,947,43.38523540855719
1.0095808304133396,0.07275091031875862,31.53130416605397,27.735120747102332,948,43.50077283012932
0.6799511645991806,0.0849535801840374,34.082374364861046,26.50384355233283,949,43.54503073476336
0.726790387222822,0.08620293177070891,42.13625921718086,22.414485444565624,950,43.48261505315605
0.3925061121918804,0.1095184469038579,48.236607519544904,18.725287120806946,951,42.8435908805794
0.8210696581552075,0.07908017865853763,33.478599395879975,26.87448963552482,952,43.61378933346481
2.369693536123212,0.04505545805822545,28.026467800952506,30.193605575190492,953,44.20683947566675
0.8444675236488686,0.07792463140966115,36.02332179679182,25.798924225489486,954,43.810585123885396
1.4928398998766896,0.05957159760296855,30.17995252421797,28.736973216216708,955,43.826949478325695
2.0464245047363048,0.049055109815581734,29.800505460768715,29.334129633111456,956,44.23438236349581
0.9574072699698147,0.07296820684943381,31.16731893162153,27.891208786353594,957,43.474868252164356
0.8683570389566254,0.13092272400262125,286.8667404742552,-99.99572439424135,958,43.437645842886255
0.6251929531473291,0.08465512373228726,34.339526666976795,26.593369804530454,959,43.76313313801885
1.3522432259908994,0.06160950134569325,30.756460729156686,28.517284641253983,960,43.89551500583232
0.37006967684653264,0.1139360465399598,54.40641144097152,15.865252814857419,961,43.068458535343176
1.244653973595557,0.06488597702051818,30.80333069801205,28.61351516331569,962,44.01518051232171
0.5562691025504665,0.09264828842484964,38.87204103199548,23.901135615671176,963,43.33715613166892
0.4125069252766881,0.1033366615020787,35.61211776220099,25.011891300172046,964,42.817950181272536
0.5713944128705982,0.09076459375414636,34.523768882113046,25.962758760597946,965,43.22464320165447
0.8516361335138104,0.07691892420428162,30.883049266836274,27.942624671432256,966,43.384149304850396
0.29280717505745846,0.11813411565477937,48.70438000755832,18.577208743350916,967,42.92939874713008
0.7439936788366637,0.08157627910216154,32.50653159367295,27.288828242971498,968,43.54209403980798
1.0936216244300498,0.0706537269857703,33.193036123642614,27.148100592744512,969,43.74461865456582
1.204687548994385,0.06767129261305382,31.657559820006266,27.775722228708133,970,43.60450213871127
0.6546370700878077,0.08609024618918523,32.45692445611704,27.260710347601513,971,43.489172575660035
0.9968723165775389,0.07226263753854621,31.813191314988618,27.785749736061547,972,43.692345393555854
0.643905883630453,0.08753564721270551,35.10991281544505,25.638577611262548,973,43.193534018985076
0.8514671805860604,0.1304186778289682,286.88949717932337,-99.9913794550039,974,43.45336913465779
0.49521390071516763,0.09667794988136148,33.03986161192052,26.437692773023567,975,42.95762357898383
0.6693130885629811,0.08489755956418785,31.573717207375015,27.6996056466834,976,43.48646425037091
1.8592364858278345,0.05147051815159787,30.09535860245507,29.174036607456124,977,44.22171590868366
0.8446704123981045,0.0784789450721865,33.15271295465073,26.7374857766054,978,43.313842253930765
0.5351362911333036,0.09644820085323122,44.37678970212651,21.23951725527373,979,43.42791210633698
0.798599798927641,0.07739981489142092,33.76744403710345,27.022611332715837,980,43.90633335126756
0.8423623310770055,0.1337908814351473,286.04242441394007,-99.9396722727528,981,43.08153993421723
0.588315292392819,0.09133310726939915,35.4092609508487,25.455679493813037,982,43.16030996923739
1.0068858986834859,0.07355417558934724,32.94653545557539,27.285065478045752,983,43.75833320583345
0.4015450388654602,0.10656752075994867,42.450604233187164,21.788793466832097,984,43.01409558342568
0.36712015249735963,0.1083522824299763,42.098927087353964,22.03923513323787,985,43.08869867691485
0.9712435052086652,0.07270949889783666,27.488852176044087,29.403412538078555,986,43.1478386261006
1.206371578771882,0.06479863635590309,29.417666978923616,29.10907771265444,987,43.81791120211625
0.5982232092030332,0.08670056201754368,30.34884977587896,28.11830995586389,988,43.29273484380337
0.8180274058288289,0.07820414668167963,32.11159427907285,27.46655346360791,989,43.52235060314433
0.5352907369171975,0.09426897320436445,37.44871092876124,24.611282248176312,990,43.33563771255693
0.4779909061733407,0.09624964776361329,33.84729750101392,26.138633973464398,991,43.06228272397136
0.6243617051817462,0.08734368985845226,31.977237112269055,27.293024549005256,992,43.281643105139786
0.7663115570691401,0.08123179358988694,34.76731075494367,26.21183251325403,993,43.59548789072586
1.836249999713937,0.0522695690162532,31.40366546280575,29.031745660757633,994,44.73357839216051
1.87806450034596,0.05088743502817691,29.45465205779417,29.473020199417004,995,44.20034622831409
0.7655557751059695,0.08194924282276567,34.5711195182211,26.156776645801795,996,43.442336404912346
1.4856775548025203,0.05949687647252282,30.22676713258184,28.72713584758981,997,43.84051941388073
1.1815068522214227,0.06604171751471834,31.800294015475565,27.866757560070926,998,43.76690456780871
1.331692893307111,0.06344751774139534,27.7186683254183,29.249224323346468,999,43.108558486055614
0.3662406271893714,0.10869952002313864,42.72821238912715,21.78900514186663,1000,43.15311133643021
