well,block,test_temperature,strain,evolution_history,mu,best_model,se,R2,n_obs
b5,1,42,40_D2,40 evolved,2.369139117363926,lagsat,0.04789075351522708,0.9919819152950367,51
b8,1,42,40_G9,40 evolved,5.5109331970711875,lagsat,0.04790730918876642,0.9981661897174342,63
b11,1,42,35_G11,35 evolved,3.833607898233264,lagsat,0.09568354015547083,0.9889566830819119,44
c2,1,42,35_G5,35 evolved,2.077237985706049,lagsat,0.08874295646487099,0.9649081980533497,42
c4,1,42,40_C7,40 evolved,2.865155582508619,lagsat,0.05771986494599917,0.9917527126518288,50
c5,1,42,35_G5,35 evolved,NA,lagsat,NA,NA,NA
c6,1,42,35_F4,35 evolved,3.7269094177078226,lagsat,0.13861888963638014,0.9744138020773065,41
c7,1,42,35_D4,35 evolved,2.7271209755580608,lagsat,0.11529138472770957,0.9692649882380359,42
c8,1,42,40_F2,40 evolved,2.911712445515431,lagsat,0.05836016639104836,0.982924899982245,79
c9,1,42,40_D4,40 evolved,3.9473614860532678,lagsat,0.041255768667163906,0.9956205290618341,79
c10,1,42,35_B8,35 evolved,3.4023124290505256,lagsat,0.11139524138045331,0.980179485222794,43
d2,1,42,40_B8,40 evolved,2.3212397124160176,lagsat,0.0348658926539358,0.9909345009673486,63
d4,1,42,40_F2,40 evolved,3.3937160414290735,lagsat,0.05374973910537225,0.9940620539421091,61
d5,1,42,40_C7,40 evolved,3.03401478897464,lagsat,0.05234169333164876,0.9931102485890725,50
d7,1,42,35_B6,35 evolved,2.746470477788269,lagsat,0.10873208181589444,0.9703845758046202,42
d10,1,42,40_B8,40 evolved,NA,lagsat,NA,NA,NA
e2,1,42,35_B8,35 evolved,2.2706914398045948,lagsat,0.09521263287927575,0.9654487799088182,41
e3,1,42,35_F4,35 evolved,3.6924173589925213,lagsat,0.13493723584036676,0.9751142867867753,41
e5,1,42,40_D4,40 evolved,2.5173146909731168,lagsat,0.03890474237099896,0.9930036675361127,60
e7,1,42,35_F4,35 evolved,3.9848165750296447,lagsat,0.12996742206103723,0.9789925010403713,42
e8,1,42,35_B8,35 evolved,3.435355851259918,lagsat,0.12910146621348878,0.9751580718231844,42
e9,1,42,40_D2,40 evolved,3.6954809710761576,lagsat,0.060775210250462446,0.9901065046569834,75
f2,1,42,35_G5,35 evolved,NA,lagsat,NA,NA,NA
f3,1,42,40_D4,40 evolved,5.168605933781151,lagsat,0.05344857315565769,0.9970620238509287,68
f4,1,42,35_D4,35 evolved,2.736665914856122,lagsat,0.11818626071923248,0.9701486783343489,42
f5,1,42,35_B6,35 evolved,2.324916459591308,lagsat,0.09843281629564726,0.9684937618770634,42
f6,1,42,40_B8,40 evolved,NA,lagsat,NA,NA,NA
f7,1,42,40_C7,40 evolved,3.1190291261751137,lagsat,0.045042992166356224,0.9954331646554017,52
f10,1,42,40_F2,40 evolved,2.9477400776672193,lagsat,0.06671389306093112,0.9834343454067013,66
g2,1,42,35_G11,35 evolved,2.331718072544525,lagsat,0.09704732246866607,0.965813052145925,41
g4,1,42,35_B6,35 evolved,2.6314378814634045,lagsat,0.0935987740448787,0.9731241212444417,42
g6,1,42,40_D2,40 evolved,2.779865713695553,lagsat,0.05522207828505571,0.9917644434750815,49
g7,1,42,40_G9,40 evolved,NA,lagsat,NA,NA,NA
g8,1,42,35_G11,35 evolved,3.1862843329430306,lagsat,0.12345701821812688,0.9726924154924615,42
g9,1,42,35_D4,35 evolved,2.66067093418047,lagsat,0.11326650223393903,0.9722918711969623,43
g10,1,42,40_G9,40 evolved,3.7901638762432412,lagsat,0.06304536378265,0.989308500620766,71
b5,1,41,40_D2,40 evolved,NA,lagsat,NA,NA,NA
b8,1,41,40_G9,40 evolved,8.39851904215066,lagsat,0.15757625237298778,0.9942223529469831,51
b11,1,41,35_G11,35 evolved,6.5332036513784475,lagsat,0.05447149186247184,0.9984265323590279,59
c2,1,41,35_G5,35 evolved,3.9012779039408083,lagsat,0.06322934244939744,0.9891489935544824,79
c4,1,41,40_C7,40 evolved,5.4907781158423266,lagsat,0.038465186302025875,0.9987193751268487,67
c5,1,41,35_G5,35 evolved,2.774894678209987,lagsat,0.06244614836906814,0.9703911856150033,90
c6,1,41,35_F4,35 evolved,3.3793230585289686,lagsat,0.05884110558101368,0.9857636009187198,84
c7,1,41,35_D4,35 evolved,4.0129041775727465,lagsat,0.05463083724796316,0.9924366174575776,78
c8,1,41,40_F2,40 evolved,6.987430128671708,lagsat,0.07410953911593368,0.9977287344476554,58
c9,1,41,40_D4,40 evolved,7.073873265390739,lagsat,0.07067184402004836,0.9979971182253894,57
c10,1,41,35_B8,35 evolved,5.3893467518945934,lagsat,0.05792202853676132,0.9970038826587776,66
d2,1,41,40_B8,40 evolved,6.272108117691455,lagsat,0.11312383436648016,0.9925073538956125,63
d4,1,41,40_F2,40 evolved,6.0450963233004735,lagsat,0.06603676123173317,0.9972087995800443,63
d5,1,41,40_C7,40 evolved,5.3061636061658906,lagsat,0.03527290085681421,0.9988422556811785,69
d7,1,41,35_B6,35 evolved,NA,lagsat,NA,NA,NA
d10,1,41,40_B8,40 evolved,7.075741452789938,lagsat,0.1358405091987789,0.9928756003118254,58
e2,1,41,35_B8,35 evolved,NA,lagsat,NA,NA,NA
e3,1,41,35_F4,35 evolved,2.700593090806997,lagsat,0.0716069572943282,0.9622178461841833,85
e5,1,41,40_D4,40 evolved,NA,lagsat,NA,NA,NA
e7,1,41,35_F4,35 evolved,NA,lagsat,NA,NA,NA
e8,1,41,35_B8,35 evolved,3.203142945018238,lagsat,0.05881333791330538,0.98251846762052,87
e9,1,41,40_D2,40 evolved,5.355729519499795,lagsat,0.03232655582164765,0.9990403529409168,67
f2,1,41,35_G5,35 evolved,3.0614280458994245,lagsat,0.10676229209863398,0.9591578143427556,67
f3,1,41,40_D4,40 evolved,5.572351068360123,lagsat,0.11701465382526118,0.9819516146790083,66
f4,1,41,35_D4,35 evolved,3.1414158626692754,lagsat,0.10491476680462673,0.9629825617128807,66
f5,1,41,35_B6,35 evolved,NA,lagsat,NA,NA,NA
f6,1,41,40_B8,40 evolved,NA,lagsat,NA,NA,NA
f7,1,41,40_C7,40 evolved,5.693573666925698,lagsat,0.11317142076651189,0.9904766443067474,67
f10,1,41,40_F2,40 evolved,7.770153176537084,lagsat,0.09413540960467773,0.9971148131703147,57
g2,1,41,35_G11,35 evolved,3.196029097860707,lagsat,0.1074321062229952,0.9666831952633451,62
g4,1,41,35_B6,35 evolved,3.2559765765287336,lagsat,0.08513011350665312,0.9846810578968016,55
g6,1,41,40_D2,40 evolved,NA,lagsat,NA,NA,NA
g7,1,41,40_G9,40 evolved,6.914225400465485,lagsat,0.06528128994242088,0.9981354964920421,58
g8,1,41,35_G11,35 evolved,NA,lagsat,NA,NA,NA
g9,1,41,35_D4,35 evolved,3.4354422725650906,lagsat,0.057077169174281926,0.986643304492814,85
g10,1,41,40_G9,40 evolved,7.314204957837156,lagsat,0.06945722268741679,0.9980357508791412,55
b5,1,35,40_D2,40 evolved,9.858614877301548,lagsat,0.14415727155493435,0.9967879548654249,46
b8,1,35,40_G9,40 evolved,NA,lagsat,NA,NA,NA
b11,1,35,35_G11,35 evolved,NA,lagsat,NA,NA,NA
c2,1,35,35_G5,35 evolved,NA,lagsat,NA,NA,NA
c4,1,35,40_C7,40 evolved,NA,lagsat,NA,NA,NA
c5,1,35,35_G5,35 evolved,NA,lagsat,NA,NA,NA
c6,1,35,35_F4,35 evolved,NA,lagsat,NA,NA,NA
c7,1,35,35_D4,35 evolved,NA,lagsat,NA,NA,NA
c8,1,35,40_F2,40 evolved,9.468986103622093,lagsat,0.14029837975063963,0.9965444683045147,47
c9,1,35,40_D4,40 evolved,NA,lagsat,NA,NA,NA
c10,1,35,35_B8,35 evolved,10.157265909664746,lagsat,0.15257094422706008,0.9964553861603203,45
d2,1,35,40_B8,40 evolved,9.3552809629886209,lagsat,0.1363370940758227,0.9964656253519186,47
d4,1,35,40_F2,40 evolved,10.019850970808333,lagsat,0.1507089279791584,0.9968289515850465,46
d5,1,35,40_C7,40 evolved,NA,lagsat,NA,NA,NA
d7,1,35,35_B6,35 evolved,NA,lagsat,NA,NA,NA
d10,1,35,40_B8,40 evolved,NA,lagsat,NA,NA,NA
e2,1,35,35_B8,35 evolved,NA,lagsat,NA,NA,NA
e3,1,35,35_F4,35 evolved,NA,lagsat,NA,NA,NA
e5,1,35,40_D4,40 evolved,NA,lagsat,NA,NA,NA
e7,1,35,35_F4,35 evolved,NA,lagsat,NA,NA,NA
e8,1,35,35_B8,35 evolved,NA,lagsat,NA,NA,NA
e9,1,35,40_D2,40 evolved,9.315466684935613,lagsat,0.1328870528666757,0.9968339312422623,47
f2,1,35,35_G5,35 evolved,NA,lagsat,NA,NA,NA
f3,1,35,40_D4,40 evolved,NA,lagsat,NA,NA,NA
f4,1,35,35_D4,35 evolved,NA,lagsat,NA,NA,NA
f5,1,35,35_B6,35 evolved,NA,lagsat,NA,NA,NA
f6,1,35,40_B8,40 evolved,NA,lagsat,NA,NA,NA
f7,1,35,40_C7,40 evolved,NA,lagsat,NA,NA,NA
f10,1,35,40_F2,40 evolved,NA,lagsat,NA,NA,NA
g2,1,35,35_G11,35 evolved,NA,lagsat,NA,NA,NA
g4,1,35,35_B6,35 evolved,NA,lagsat,NA,NA,NA
g6,1,35,40_D2,40 evolved,9.112084609961746,lagsat,0.12695372302313512,0.9968083961966948,48
g7,1,35,40_G9,40 evolved,NA,lagsat,NA,NA,NA
g8,1,35,35_G11,35 evolved,10.170047043839787,lagsat,0.15520810890516168,0.996346015233982,45
g9,1,35,35_D4,35 evolved,NA,lagsat,NA,NA,NA
g10,1,35,40_G9,40 evolved,NA,lagsat,NA,NA,NA
b5,1,25,40_D2,40 evolved,6.489543202020391,lagsat,0.097749228221062,0.9955170703514494,61
b8,1,25,40_G9,40 evolved,6.576588634867152,lagsat,0.10127361892831128,0.9950935815788206,60
b11,1,25,35_G11,35 evolved,3.7287033395708087,lagsat,0.1295921667090483,0.9017604563199819,97
c2,1,25,35_G5,35 evolved,6.731110326682042,lagsat,0.1103933709778314,0.9947721314344983,59
c4,1,25,40_C7,40 evolved,6.457072299907261,lagsat,0.09582124470255439,0.9955909905071151,61
c5,1,25,35_G5,35 evolved,6.751122045505217,lagsat,0.11103239113692831,0.9947580854962368,60
c6,1,25,35_F4,35 evolved,6.664486041413056,lagsat,0.10649475229597209,0.9948461807763369,60
c7,1,25,35_D4,35 evolved,6.740363444628263,lagsat,0.11195589818037861,0.9946582650513226,60
c8,1,25,40_F2,40 evolved,3.813898867147237,lagsat,0.1311729871947462,0.9155064558419092,97
c9,1,25,40_D4,40 evolved,6.62763680046263,lagsat,0.10437258004900922,0.9951941668135852,60
c10,1,25,35_B8,35 evolved,6.740989941064789,lagsat,0.11050082202967806,0.9947734283882184,59
d2,1,25,40_B8,40 evolved,6.483635472132457,lagsat,0.10407922262443862,0.994954560203547,60
d4,1,25,40_F2,40 evolved,6.486467898020685,lagsat,0.09815914220188353,0.9952898905126175,60
d5,1,25,40_C7,40 evolved,6.443744769853998,lagsat,0.09674463638176112,0.9954756564208647,61
d7,1,25,35_B6,35 evolved,3.720733632595855,lagsat,0.13258615853530129,0.9011704438855165,97
d10,1,25,40_B8,40 evolved,6.437964347378345,lagsat,0.1044061123457066,0.99490234913161,60
e2,1,25,35_B8,35 evolved,6.766037558317078,lagsat,0.11297319109005975,0.9946009867366127,59
e3,1,25,35_F4,35 evolved,6.678683406453822,lagsat,0.11136871809098109,0.9947353097193085,60
e5,1,25,40_D4,40 evolved,6.597713296246015,lagsat,0.10203881045561651,0.9953571329329893,61
e7,1,25,35_F4,35 evolved,3.769620238181413,lagsat,0.1313098898230755,0.9045995583731526,97
e8,1,25,35_B8,35 evolved,6.742676399529209,lagsat,0.11123888880132306,0.9947226894256105,59
e9,1,25,40_D2,40 evolved,6.388925969912976,lagsat,0.09841290826333193,0.9953021888648801,61
f2,1,25,35_G5,35 evolved,6.63627916550545,lagsat,0.10710930628482464,0.9947049342568839,59
f3,1,25,40_D4,40 evolved,6.573717412811424,lagsat,0.10196296286058106,0.9953399926135394,60
f4,1,25,35_D4,35 evolved,6.597222186977623,lagsat,0.10573005155763839,0.9948107643517663,59
f5,1,25,35_B6,35 evolved,6.599679429086025,lagsat,0.10798297506194676,0.9946342612980438,59
f6,1,25,40_B8,40 evolved,6.461783609122739,lagsat,0.10438078421266526,0.9949582189809915,60
f7,1,25,40_C7,40 evolved,6.473150753910335,lagsat,0.09616439094437534,0.9955699061550725,61
f10,1,25,40_F2,40 evolved,NA,lagsat,NA,NA,NA
g2,1,25,35_G11,35 evolved,6.7622577699978494,lagsat,0.11840728111564726,0.9944985818777272,58
g4,1,25,35_B6,35 evolved,6.737358518370678,lagsat,0.1141322759507958,0.9945285255511319,59
g6,1,25,40_D2,40 evolved,6.458379805000872,lagsat,0.0970613890372172,0.9955131011344343,60
g7,1,25,40_G9,40 evolved,6.538322925890345,lagsat,0.10091012135739898,0.9948688671419093,60
g8,1,25,35_G11,35 evolved,6.809762085923568,lagsat,0.11194123314784452,0.9947139531917092,59
g9,1,25,35_D4,35 evolved,6.7576342923150206,lagsat,0.11097243833162666,0.9947574314147147,59
g10,1,25,40_G9,40 evolved,6.5062025920753985,lagsat,0.09938658175495269,0.9949526820335016,60
b5,1,38,40_D2,40 evolved,NA,lagsat,NA,NA,NA
b8,1,38,40_G9,40 evolved,NA,lagsat,NA,NA,NA
b11,1,38,35_G11,35 evolved,NA,lagsat,NA,NA,NA
c2,1,38,35_G5,35 evolved,10.9255272708406,lagsat,0.14762320267528076,0.9973210282575442,45
c4,1,38,40_C7,40 evolved,NA,lagsat,NA,NA,NA
c5,1,38,35_G5,35 evolved,NA,lagsat,NA,NA,NA
c6,1,38,35_F4,35 evolved,NA,lagsat,NA,NA,NA
c7,1,38,35_D4,35 evolved,NA,lagsat,NA,NA,NA
c8,1,38,40_F2,40 evolved,NA,lagsat,NA,NA,NA
c9,1,38,40_D4,40 evolved,NA,lagsat,NA,NA,NA
c10,1,38,35_B8,35 evolved,NA,lagsat,NA,NA,NA
d2,1,38,40_B8,40 evolved,9.540149350154065,lagsat,0.11929145934164585,0.9973019635879758,48
d4,1,38,40_F2,40 evolved,9.966913125853564,lagsat,0.12650012263008933,0.9973146753955581,47
d5,1,38,40_C7,40 evolved,NA,lagsat,NA,NA,NA
d7,1,38,35_B6,35 evolved,NA,lagsat,NA,NA,NA
d10,1,38,40_B8,40 evolved,NA,lagsat,NA,NA,NA
e2,1,38,35_B8,35 evolved,NA,lagsat,NA,NA,NA
e3,1,38,35_F4,35 evolved,NA,lagsat,NA,NA,NA
e5,1,38,40_D4,40 evolved,11.322446218683572,lagsat,0.15129389666326967,0.9976280909521036,44
e7,1,38,35_F4,35 evolved,NA,lagsat,NA,NA,NA
e8,1,38,35_B8,35 evolved,NA,lagsat,NA,NA,NA
e9,1,38,40_D2,40 evolved,NA,lagsat,NA,NA,NA
f2,1,38,35_G5,35 evolved,NA,lagsat,NA,NA,NA
f3,1,38,40_D4,40 evolved,NA,lagsat,NA,NA,NA
f4,1,38,35_D4,35 evolved,NA,lagsat,NA,NA,NA
f5,1,38,35_B6,35 evolved,NA,lagsat,NA,NA,NA
f6,1,38,40_B8,40 evolved,9.961188062584979,lagsat,0.12005550458790515,0.9976279655425718,46
f7,1,38,40_C7,40 evolved,10.812232102956603,lagsat,0.144341544089191,0.9975818770917404,44
f10,1,38,40_F2,40 evolved,NA,lagsat,NA,NA,NA
g2,1,38,35_G11,35 evolved,NA,lagsat,NA,NA,NA
g4,1,38,35_B6,35 evolved,NA,lagsat,NA,NA,NA
g6,1,38,40_D2,40 evolved,NA,lagsat,NA,NA,NA
g7,1,38,40_G9,40 evolved,NA,lagsat,NA,NA,NA
g8,1,38,35_G11,35 evolved,NA,lagsat,NA,NA,NA
g9,1,38,35_D4,35 evolved,NA,lagsat,NA,NA,NA
g10,1,38,40_G9,40 evolved,NA,lagsat,NA,NA,NA
b2,2,42,35_E9,35 evolved,2.2893264623716307,lagsat,0.10812077981268414,0.9599648746005346,43
b3,2,42,40_E9,40 evolved,NA,lagsat,NA,NA,NA
b4,2,42,40_G11,40 evolved,3.1927215771875375,lagsat,0.04586080353240485,0.9908695196021415,84
b5,2,42,40_E11,40 evolved,2.789294583382972,lagsat,0.037587480307113466,0.9963426929657266,50
b8,2,42,35_B2,35 evolved,2.238183568007249,lagsat,0.09072075520621843,0.9722978722157858,44
b11,2,42,35_D8,35 evolved,2.8577593333525284,lagsat,0.09087729046641253,0.9810386157065625,44
c2,2,42,40_B2,40 evolved,4.533599145971226,lagsat,0.03381980639166506,0.9983807650188751,74
c3,2,42,40_G11,40 evolved,6.499972015055109,lagsat,0.06734071626777137,0.9978908954768032,59
c4,2,42,40_E11,40 evolved,NA,lagsat,NA,NA,NA
c5,2,42,40_E9,40 evolved,2.391578372333301,lagsat,0.0298676106516617,0.9965853882326187,55
c11,2,42,35_C7,35 evolved,3.747165050182847,lagsat,0.0920319243614734,0.981181020647116,45
d2,2,42,40_C9,40 evolved,NA,lagsat,NA,NA,NA
d3,2,42,35_D8,35 evolved,2.6296052547533764,lagsat,0.10798843560207595,0.9728920259831989,44
d4,2,42,35_D8,35 evolved,2.4641017075295064,lagsat,0.1017882894591287,0.9716800886542826,43
d5,2,42,40_E9,40 evolved,2.2228146388032983,lagsat,0.0329579952567598,0.9953564957673116,54
d6,2,42,35_G9,35 evolved,NA,lagsat,NA,NA,NA
d8,2,42,40_C9,40 evolved,2.475652035131906,lagsat,0.025872457963005115,0.9974493721345138,53
d9,2,42,40_C9,40 evolved,2.6555869502460885,lagsat,0.0332445346449849,0.9962633444791436,54
d10,2,42,35_E9,35 evolved,NA,lagsat,NA,NA,NA
d11,2,42,40_B2,40 evolved,3.736158199094465,lagsat,0.027048653261470254,0.9979258839152723,85
e3,2,42,35_C7,35 evolved,NA,lagsat,NA,NA,NA
e8,2,42,35_C7,35 evolved,3.0114891672194477,lagsat,0.10460214863565988,0.9750919989398624,42
e9,2,42,35_B2,35 evolved,NA,lagsat,NA,NA,NA
e11,2,42,40_E11,40 evolved,2.871241781640766,lagsat,0.03467152552936851,0.9971112203010268,51
f2,2,42,35_F6,35 evolved,1.6550901152245543,lagsat,0.07954011215475526,0.9574714238216963,44
f3,2,42,40_F4,40 evolved,NA,lagsat,NA,NA,NA
f4,2,42,40_G11,40 evolved,NA,lagsat,NA,NA,NA
f5,2,42,40_B2,40 evolved,2.554039405440839,lagsat,0.03217865896920886,0.9925416578574022,87
f7,2,42,40_F4,40 evolved,NA,lagsat,NA,NA,NA
f8,2,42,35_G9,35 evolved,1.6628021757865374,lagsat,0.07525358463783749,0.9637669430142479,43
f9,2,42,35_F6,35 evolved,1.4905662642373594,lagsat,0.05135425593843926,0.9637263858081297,45
f11,2,42,35_B2,35 evolved,2.0297293700532952,lagsat,0.08054736617796328,0.9707431774640299,44
g3,2,42,35_G9,35 evolved,1.6833591346979655,lagsat,0.07730427995897159,0.964356276832904,44
g5,2,42,40_F4,40 evolved,NA,lagsat,NA,NA,NA
g6,2,42,35_F6,35 evolved,1.5340632912057885,lagsat,0.06861886387126365,0.9585894787487472,43
g8,2,42,35_E9,35 evolved,NA,lagsat,NA,NA,NA
b2,2,41,35_E9,35 evolved,4.194238172898672,lagsat,0.05301213393018939,0.994209068229146,76
b3,2,41,40_E9,40 evolved,NA,lagsat,NA,NA,NA
b4,2,41,40_G11,40 evolved,7.260915979786271,lagsat,0.06749435860745738,0.998281503936741,56
b5,2,41,40_E11,40 evolved,6.528030206677207,lagsat,0.05410278538182784,0.998490192899693,59
b8,2,41,35_B2,35 evolved,5.717702879917897,lagsat,0.04806643221230003,0.9982686341194746,65
b11,2,41,35_D8,35 evolved,6.903266089433474,lagsat,0.05899020567959192,0.9985267258781348,57
c2,2,41,40_B2,40 evolved,6.546752154876815,lagsat,0.06126088227910695,0.9981229039869204,59
c3,2,41,40_G11,40 evolved,8.035739582802963,lagsat,0.08672771857553513,0.9980662350493545,51
c4,2,41,40_E11,40 evolved,6.553142507243445,lagsat,0.05830902074548436,0.9982399796989049,59
c5,2,41,40_E9,40 evolved,5.95793073167625,lagsat,0.048452923591478736,0.9983604028051142,63
c11,2,41,35_C7,35 evolved,6.376030373872774,lagsat,0.05497518066434242,0.9983026493877903,60
d2,2,41,40_C9,40 evolved,6.481385535252537,lagsat,0.0652669915067083,0.9976595854636701,59
d3,2,41,35_D8,35 evolved,4.089687410387843,lagsat,0.07837359453570014,0.9875815623950762,72
d4,2,41,35_D8,35 evolved,NA,lagsat,NA,NA,NA
d5,2,41,40_E9,40 evolved,5.748799687207924,lagsat,0.04451851736856018,0.9985113809691736,65
d6,2,41,35_G9,35 evolved,NA,lagsat,NA,NA,NA
d8,2,41,40_C9,40 evolved,6.8549260271223105,lagsat,0.06448183180512922,0.9982040550139961,57
d9,2,41,40_C9,40 evolved,6.966134158206665,lagsat,0.06372599670394526,0.9982504939421377,56
d10,2,41,35_E9,35 evolved,4.479319831290354,lagsat,0.051120437909949024,0.9957902352260483,74
d11,2,41,40_B2,40 evolved,7.05342391327631,lagsat,0.06626307666609828,0.9982962185822614,57
e3,2,41,35_C7,35 evolved,NA,lagsat,NA,NA,NA
e8,2,41,35_C7,35 evolved,3.857128152981619,lagsat,0.06903457866287922,0.9867690939417457,77
e9,2,41,35_B2,35 evolved,3.760599949581554,lagsat,0.061068495658926476,0.9887402527727959,80
e11,2,41,40_E11,40 evolved,7.400077630317644,lagsat,0.09017935062148007,0.9970885025907072,54
f2,2,41,35_F6,35 evolved,3.719818716786843,lagsat,0.11169512581456105,0.9756934826270414,59
f3,2,41,40_F4,40 evolved,5.83460656355973,lagsat,0.0910913695762347,0.9903336310905814,62
f4,2,41,40_G11,40 evolved,6.481877586942025,lagsat,0.059457528499320685,0.9980441781639686,60
f5,2,41,40_B2,40 evolved,5.994412451605413,lagsat,0.052835514091186815,0.9981308387651268,62
f7,2,41,40_F4,40 evolved,NA,lagsat,NA,NA,NA
f8,2,41,35_G9,35 evolved,NA,lagsat,NA,NA,NA
f9,2,41,35_F6,35 evolved,NA,lagsat,NA,NA,NA
f11,2,41,35_B2,35 evolved,NA,lagsat,NA,NA,NA
g3,2,41,35_G9,35 evolved,NA,lagsat,NA,NA,NA
g5,2,41,40_F4,40 evolved,6.719657304074171,lagsat,0.06415670563051874,0.9981091012106773,58
g6,2,41,35_F6,35 evolved,3.184551789009953,lagsat,0.09470209588070004,0.9650135520636992,73
g8,2,41,35_E9,35 evolved,2.9062411440726885,lagsat,0.06810075249911128,0.9702999201883237,86
b2,2,35,35_E9,35 evolved,NA,lagsat,NA,NA,NA
b3,2,35,40_E9,40 evolved,7.3759582659266645,lagsat,0.15392044559329404,0.9847404494465269,53
b4,2,35,40_G11,40 evolved,NA,lagsat,NA,NA,NA
b5,2,35,40_E11,40 evolved,7.976302896718076,lagsat,0.17751338844275247,0.9831654106168162,50
b8,2,35,35_B2,35 evolved,10.29809895719602,lagsat,0.16377757305797555,0.996278446655587,45
b11,2,35,35_D8,35 evolved,10.340426387330998,lagsat,0.16313981295827498,0.9962958781010226,44
c2,2,35,40_B2,40 evolved,9.749495211779168,lagsat,0.1344300514687555,0.9967997880750331,46
c3,2,35,40_G11,40 evolved,NA,lagsat,NA,NA,NA
c4,2,35,40_E11,40 evolved,NA,lagsat,NA,NA,NA
c5,2,35,40_E9,40 evolved,9.083460623192032,lagsat,0.1276744457716083,0.9967170501471418,48
c11,2,35,35_C7,35 evolved,NA,lagsat,NA,NA,NA
d2,2,35,40_C9,40 evolved,NA,lagsat,NA,NA,NA
d3,2,35,35_D8,35 evolved,NA,lagsat,NA,NA,NA
d4,2,35,35_D8,35 evolved,10.090905444523443,lagsat,0.16026855366509377,0.9963902234476639,44
d5,2,35,40_E9,40 evolved,9.203374242960443,lagsat,0.13423552062819788,0.99667616519771,48
d6,2,35,35_G9,35 evolved,NA,lagsat,NA,NA,NA
d8,2,35,40_C9,40 evolved,NA,lagsat,NA,NA,NA
d9,2,35,40_C9,40 evolved,NA,lagsat,NA,NA,NA
d10,2,35,35_E9,35 evolved,10.287124135880196,lagsat,0.15939101042903145,0.9964260894967286,45
d11,2,35,40_B2,40 evolved,10.0518150118089,lagsat,0.14074900382212024,0.9968713515305788,45
e3,2,35,35_C7,35 evolved,NA,lagsat,NA,NA,NA
e8,2,35,35_C7,35 evolved,10.074886898082232,lagsat,0.1493608869175059,0.9965312351521072,45
e9,2,35,35_B2,35 evolved,NA,lagsat,NA,NA,NA
e11,2,35,40_E11,40 evolved,10.37213564780499,lagsat,0.14968703614969245,0.9969480212644484,45
f2,2,35,35_F6,35 evolved,10.336959938068038,lagsat,0.15991322566539054,0.9964613775990933,44
f3,2,35,40_F4,40 evolved,9.280393168144982,lagsat,0.13348735842420897,0.9966133407540702,48
f4,2,35,40_G11,40 evolved,NA,lagsat,NA,NA,NA
f5,2,35,40_B2,40 evolved,NA,lagsat,NA,NA,NA
f7,2,35,40_F4,40 evolved,9.22462909096255,lagsat,0.12903249296435,0.9965075882164104,48
f8,2,35,35_G9,35 evolved,10.784532229618407,lagsat,0.17709614172592425,0.9962035846432973,43
f9,2,35,35_F6,35 evolved,NA,lagsat,NA,NA,NA
f11,2,35,35_B2,35 evolved,NA,lagsat,NA,NA,NA
g3,2,35,35_G9,35 evolved,NA,lagsat,NA,NA,NA
g5,2,35,40_F4,40 evolved,9.67221672930476,lagsat,0.13344298890950154,0.9969418501868748,46
g6,2,35,35_F6,35 evolved,NA,lagsat,NA,NA,NA
g8,2,35,35_E9,35 evolved,7.954566581009684,lagsat,0.18868410147065517,0.9817841166078581,50
b2,2,25,35_E9,35 evolved,3.746248103726005,lagsat,0.13043127890551384,0.907387447515848,97
b3,2,25,40_E9,40 evolved,6.393303750814247,lagsat,0.09493993078827447,0.9953796414612838,61
b4,2,25,40_G11,40 evolved,6.469172507817965,lagsat,0.09795107243511528,0.9952248483972534,60
b5,2,25,40_E11,40 evolved,3.759500119426067,lagsat,0.12879645370063728,0.9103305194324482,97
b8,2,25,35_B2,35 evolved,6.504901897221802,lagsat,0.10745961244145859,0.9947716601881823,60
b11,2,25,35_D8,35 evolved,6.5729899679115125,lagsat,0.1048883879201173,0.9950550363328677,60
c2,2,25,40_B2,40 evolved,5.9187791870478765,lagsat,0.08282840933181722,0.9956472005074212,63
c3,2,25,40_G11,40 evolved,6.401336592889754,lagsat,0.09778767019774867,0.9951715528104698,61
c4,2,25,40_E11,40 evolved,3.767170142717296,lagsat,0.13044046987589927,0.9080446418139543,97
c5,2,25,40_E9,40 evolved,6.3679743038725825,lagsat,0.09985523243635701,0.9952173063691624,60
c11,2,25,35_C7,35 evolved,6.667790645257781,lagsat,0.10653023223504642,0.9949353888997938,59
d2,2,25,40_C9,40 evolved,6.53675606778662,lagsat,0.10492619462065036,0.9948436980108591,60
d3,2,25,35_D8,35 evolved,6.545464464453492,lagsat,0.10168333013955226,0.9950327339811833,60
d4,2,25,35_D8,35 evolved,6.490018420712173,lagsat,0.10295956326580057,0.9948670378617854,60
d5,2,25,40_E9,40 evolved,6.304580949315091,lagsat,0.09860308463023335,0.9951977864357058,61
d6,2,25,35_G9,35 evolved,6.718283991327215,lagsat,0.11074565161349131,0.9947365739428372,59
d8,2,25,40_C9,40 evolved,3.7095196738880647,lagsat,0.12991023450337005,0.9061526483652826,97
d9,2,25,40_C9,40 evolved,3.7775003962945,lagsat,0.12885170106114213,0.9126529235935711,97
d10,2,25,35_E9,35 evolved,6.564567810184822,lagsat,0.10642175064293605,0.9948147041771002,60
d11,2,25,40_B2,40 evolved,3.7610283822400166,lagsat,0.11804342769498825,0.9245769460764885,97
e3,2,25,35_C7,35 evolved,6.695062561385624,lagsat,0.11043372001073735,0.9949117771794389,60
e8,2,25,35_C7,35 evolved,6.727169379284837,lagsat,0.11095337821154397,0.9948811399860205,59
e9,2,25,35_B2,35 evolved,6.549755165887039,lagsat,0.10506541074282648,0.9949571310841665,60
e11,2,25,40_E11,40 evolved,3.776383282406204,lagsat,0.13032859892117904,0.909102771086091,97
f2,2,25,35_F6,35 evolved,6.615583426663233,lagsat,0.10717642301476886,0.9947607249482712,60
f3,2,25,40_F4,40 evolved,NA,lagsat,NA,NA,NA
f4,2,25,40_G11,40 evolved,3.7122916143460185,lagsat,0.1279296504846847,0.9104196935732531,97
f5,2,25,40_B2,40 evolved,3.7488658021479,lagsat,0.11815395390345697,0.923951024167023,97
f7,2,25,40_F4,40 evolved,6.450656957438692,lagsat,0.09927031456330672,0.9951810261898207,61
f8,2,25,35_G9,35 evolved,6.8063081131288,lagsat,0.11187301927491491,0.9947405273271743,59
f9,2,25,35_F6,35 evolved,6.6985794000486365,lagsat,0.11042900548385311,0.9948118948578355,59
f11,2,25,35_B2,35 evolved,6.558597283792517,lagsat,0.10573925498672584,0.994921628769659,60
g3,2,25,35_G9,35 evolved,6.716223881149999,lagsat,0.10929474551032499,0.9945962159164965,59
g5,2,25,40_F4,40 evolved,6.416265240932104,lagsat,0.09698499412390271,0.9953385239179814,61
g6,2,25,35_F6,35 evolved,6.642008872074052,lagsat,0.10610924427469577,0.9948317696659047,59
g8,2,25,35_E9,35 evolved,3.800530670745823,lagsat,0.13146682162725878,0.9103192383612049,97
b2,2,38,35_E9,35 evolved,11.2260882038432,lagsat,0.13149027923695103,0.9981503836138659,44
b3,2,38,40_E9,40 evolved,9.739731543730409,lagsat,0.1246881028600738,0.9972550380637443,47
b4,2,38,40_G11,40 evolved,NA,lagsat,NA,NA,NA
b5,2,38,40_E11,40 evolved,NA,lagsat,NA,NA,NA
b8,2,38,35_B2,35 evolved,NA,lagsat,NA,NA,NA
b11,2,38,35_D8,35 evolved,NA,lagsat,NA,NA,NA
c2,2,38,40_B2,40 evolved,NA,lagsat,NA,NA,NA
c3,2,38,40_G11,40 evolved,NA,lagsat,NA,NA,NA
c4,2,38,40_E11,40 evolved,NA,lagsat,NA,NA,NA
c5,2,38,40_E9,40 evolved,10.43459502824509,lagsat,0.13896111164127561,0.9975126123560201,45
c11,2,38,35_C7,35 evolved,NA,lagsat,NA,NA,NA
d2,2,38,40_C9,40 evolved,NA,lagsat,NA,NA,NA
d3,2,38,35_D8,35 evolved,NA,lagsat,NA,NA,NA
d4,2,38,35_D8,35 evolved,NA,lagsat,NA,NA,NA
d5,2,38,40_E9,40 evolved,10.197692651976018,lagsat,0.11839912073666718,0.9980038134482763,46
d6,2,38,35_G9,35 evolved,NA,lagsat,NA,NA,NA
d8,2,38,40_C9,40 evolved,NA,lagsat,NA,NA,NA
d9,2,38,40_C9,40 evolved,NA,lagsat,NA,NA,NA
d10,2,38,35_E9,35 evolved,10.86629027874493,lagsat,0.14417390555165654,0.9972145333320528,44
d11,2,38,40_B2,40 evolved,9.993491458418358,lagsat,0.11842631826417163,0.9976761008483859,46
e3,2,38,35_C7,35 evolved,NA,lagsat,NA,NA,NA
e8,2,38,35_C7,35 evolved,NA,lagsat,NA,NA,NA
e9,2,38,35_B2,35 evolved,NA,lagsat,NA,NA,NA
e11,2,38,40_E11,40 evolved,NA,lagsat,NA,NA,NA
f2,2,38,35_F6,35 evolved,NA,lagsat,NA,NA,NA
f3,2,38,40_F4,40 evolved,NA,lagsat,NA,NA,NA
f4,2,38,40_G11,40 evolved,NA,lagsat,NA,NA,NA
f5,2,38,40_B2,40 evolved,9.85055767659633,lagsat,0.11775681037859453,0.9976484997545371,47
f7,2,38,40_F4,40 evolved,9.93863929133122,lagsat,0.12399935229359763,0.9973735214156652,47
f8,2,38,35_G9,35 evolved,NA,lagsat,NA,NA,NA
f9,2,38,35_F6,35 evolved,NA,lagsat,NA,NA,NA
f11,2,38,35_B2,35 evolved,NA,lagsat,NA,NA,NA
g3,2,38,35_G9,35 evolved,NA,lagsat,NA,NA,NA
g5,2,38,40_F4,40 evolved,9.737648030781735,lagsat,0.11889750490418911,0.9973157440973128,47
g6,2,38,35_F6,35 evolved,NA,lagsat,NA,NA,NA
g8,2,38,35_E9,35 evolved,NA,lagsat,NA,NA,NA
b2,3,42,40_B6,40 evolved,1.9715984908902826,lagsat,0.04710543150370407,0.9889379296210822,51
b4,3,42,35_E11,35 evolved,1.8794405888034909,lagsat,0.07449374718641663,0.9672105860570398,43
b5,3,42,35_D2,35 evolved,1.8434491886274433,lagsat,0.08139483045447773,0.9653141368583283,43
b8,3,42,35_E11,35 evolved,2.3496881242373666,lagsat,0.08919361781833589,0.9734338169122564,44
b9,3,42,40_C5,40 evolved,2.2952284022236173,lagsat,0.03304326935540663,0.9848546145190723,97
b10,3,42,40_F6,40 evolved,NA,lagsat,NA,NA,NA
b11,3,42,40_G5,40 evolved,NA,lagsat,NA,NA,NA
c2,3,42,35_E11,35 evolved,1.701259326262295,lagsat,0.08370265799855453,0.9591919954901732,42
c3,3,42,40_E7,40 evolved,2.029627010302584,lagsat,0.03508322851337381,0.9937110356678617,51
c4,3,42,35_C9,35 evolved,1.7159173687404379,lagsat,0.07556715668587109,0.9611936410798001,42
c5,3,42,35_D2,35 evolved,1.6568946817189851,lagsat,0.06963325278344092,0.9654651450824403,43
c7,3,42,40_D8,40 evolved,NA,lagsat,NA,NA,NA
c8,3,42,35_F2,35 evolved,1.9133085551261688,lagsat,0.06774926827516868,0.9622212902180433,44
d2,3,42,35_C9,35 evolved,1.6020665366450226,lagsat,0.07543894819980236,0.9579243669482517,42
d5,3,42,35_E7,35 evolved,1.5956016029799467,lagsat,0.06486339604431428,0.9672550564040998,43
d6,3,42,35_C9,35 evolved,1.648082891798463,lagsat,0.07189741000028574,0.9619798265498811,43
d7,3,42,40_D8,40 evolved,1.919505768033989,lagsat,0.027210622097837294,0.9929223151773535,56
d10,3,42,35_C5,35 evolved,NA,lagsat,NA,NA,NA
e2,3,42,40_B6,40 evolved,1.500354214041648,lagsat,0.038217235986963624,0.9854667280124937,49
e4,3,42,35_C5,35 evolved,2.714504325371782,lagsat,0.09784896460052904,0.9747954169889739,42
e5,3,42,40_G5,40 evolved,1.5975623710796985,lagsat,0.03231149835398817,0.9912080916197439,52
e11,3,42,40_E7,40 evolved,2.2895271955045384,lagsat,0.14003655597189157,0.9100319343074554,60
f2,3,42,40_F6,40 evolved,2.0067556896787573,lagsat,0.051698757584649424,0.9839318265793074,48
f3,3,42,35_E7,35 evolved,1.4771714376184402,lagsat,0.06472960143191202,0.9578461108010452,42
f4,3,42,40_C5,40 evolved,NA,lagsat,NA,NA,NA
f5,3,42,40_D8,40 evolved,NA,lagsat,NA,NA,NA
f7,3,42,35_D2,35 evolved,1.5739622413467456,lagsat,0.06231489974619738,0.9647359135464799,43
f8,3,42,40_G5,40 evolved,NA,lagsat,NA,NA,NA
f11,3,42,35_F2,35 evolved,2.095540507929475,lagsat,0.09432646705974868,0.9671351691332173,43
g2,3,42,40_E7,40 evolved,1.7151882481656178,lagsat,0.036171313893599996,0.9904689331793382,50
g3,3,42,35_E7,35 evolved,1.4617968917838282,lagsat,0.06158251837853868,0.9643765661989261,42
g4,3,42,40_C5,40 evolved,NA,lagsat,NA,NA,NA
g5,3,42,40_F6,40 evolved,1.9607867177520024,lagsat,0.05598846755390917,0.9836733649664264,47
g7,3,42,35_C5,35 evolved,3.0233587553506536,lagsat,0.10102487343361691,0.9791996024925388,42
g8,3,42,40_B6,40 evolved,1.9040366768781234,lagsat,0.039704345257342316,0.9908211893495432,51
g10,3,42,35_F2,35 evolved,NA,lagsat,NA,NA,NA
b2,3,41,40_B6,40 evolved,NA,lagsat,NA,NA,NA
b4,3,41,35_E11,35 evolved,NA,lagsat,NA,NA,NA
b5,3,41,35_D2,35 evolved,5.76154586103468,lagsat,0.05347485443439264,0.9980619727210288,61
b8,3,41,35_E11,35 evolved,6.888182923173643,lagsat,0.0735639653931963,0.9980489383302774,53
b9,3,41,40_C5,40 evolved,7.05918735536679,lagsat,0.07082551535143311,0.9980598289009722,56
b10,3,41,40_F6,40 evolved,7.429242181797127,lagsat,0.0708836873261477,0.9982184768025304,53
b11,3,41,40_G5,40 evolved,6.79263328282056,lagsat,0.07045318899674657,0.9978790614749214,57
c2,3,41,35_E11,35 evolved,5.524717659647862,lagsat,0.048882309827149806,0.9979293170415098,64
c3,3,41,40_E7,40 evolved,6.9146957006791085,lagsat,0.063874637767863,0.9981575173560487,56
c4,3,41,35_C9,35 evolved,6.2519195704324,lagsat,0.06157855120373164,0.998010618785814,57
c5,3,41,35_D2,35 evolved,4.03210695339072,lagsat,0.07105460022147848,0.989204289555058,72
c7,3,41,40_D8,40 evolved,6.713155503337143,lagsat,0.07279604083197314,0.9975924431044183,57
c8,3,41,35_F2,35 evolved,4.7392332009433975,lagsat,0.05479888938424894,0.9960608945234417,68
d2,3,41,35_C9,35 evolved,6.0326750203189325,lagsat,0.05552174066201461,0.9980073551625779,59
d5,3,41,35_E7,35 evolved,NA,lagsat,NA,NA,NA
d6,3,41,35_C9,35 evolved,3.696055079122937,lagsat,0.09846864504182942,0.9765549841250494,65
d7,3,41,40_D8,40 evolved,6.012934635272515,lagsat,0.0494527774828968,0.9983587723216953,61
d10,3,41,35_C5,35 evolved,3.5744680304896876,lagsat,0.04847397319067386,0.9917860337701705,81
e2,3,41,40_B6,40 evolved,6.646379595875824,lagsat,0.07063176153360999,0.9977513349824118,57
e4,3,41,35_C5,35 evolved,NA,lagsat,NA,NA,NA
e5,3,41,40_G5,40 evolved,NA,lagsat,NA,NA,NA
e11,3,41,40_E7,40 evolved,7.061155552673264,lagsat,0.06524180629385849,0.9982757071434348,55
f2,3,41,40_F6,40 evolved,8.178015417335008,lagsat,0.08998660915375921,0.9979705228975739,50
f3,3,41,35_E7,35 evolved,4.546935851329076,lagsat,0.1032728018348368,0.9848441238410551,66
f4,3,41,40_C5,40 evolved,6.183240011847027,lagsat,0.05828491176779009,0.9980003346414194,60
f5,3,41,40_D8,40 evolved,6.217489812374498,lagsat,0.054072971743588445,0.9983799318196099,59
f7,3,41,35_D2,35 evolved,3.7112463077908115,lagsat,0.07706016051692473,0.980415658776838,73
f8,3,41,40_G5,40 evolved,5.969693159651379,lagsat,0.1229512316890954,0.9902296573628978,62
f11,3,41,35_F2,35 evolved,4.7427265233886535,lagsat,0.04253418076722874,0.9976023763994221,70
g2,3,41,40_E7,40 evolved,8.501578176983617,lagsat,0.09621364330859648,0.9978784902075507,48
g3,3,41,35_E7,35 evolved,7.103885278315688,lagsat,0.07862492846759336,0.9977010937551273,55
g4,3,41,40_C5,40 evolved,7.380443199036649,lagsat,0.0797472768254874,0.9977131376177578,53
g5,3,41,40_F6,40 evolved,8.90617657323529,lagsat,0.2031386120619004,0.9926901410800925,48
g7,3,41,35_C5,35 evolved,6.861785182947267,lagsat,0.08181525367862376,0.9971606914215543,56
g8,3,41,40_B6,40 evolved,7.288558614685025,lagsat,0.08530220130279308,0.9975443713283512,53
g10,3,41,35_F2,35 evolved,6.929434034388102,lagsat,0.06866922974170331,0.9980369754898283,55
b2,3,35,40_B6,40 evolved,9.367235825869246,lagsat,0.1361275375605158,0.9965716024157321,48
b4,3,35,35_E11,35 evolved,NA,lagsat,NA,NA,NA
b5,3,35,35_D2,35 evolved,10.24443411784995,lagsat,0.15884166806460956,0.9960602453436939,45
b8,3,35,35_E11,35 evolved,10.428278639449472,lagsat,0.1671903368857689,0.9960733993344054,45
b9,3,35,40_C5,40 evolved,9.34563514240829,lagsat,0.1394840783866821,0.9963866833672627,48
b10,3,35,40_F6,40 evolved,NA,lagsat,NA,NA,NA
b11,3,35,40_G5,40 evolved,NA,lagsat,NA,NA,NA
c2,3,35,35_E11,35 evolved,10.40902855010082,lagsat,0.16774717211284135,0.9960326121704443,45
c3,3,35,40_E7,40 evolved,NA,lagsat,NA,NA,NA
c4,3,35,35_C9,35 evolved,NA,lagsat,NA,NA,NA
c5,3,35,35_D2,35 evolved,NA,lagsat,NA,NA,NA
c7,3,35,40_D8,40 evolved,NA,lagsat,NA,NA,NA
c8,3,35,35_F2,35 evolved,NA,lagsat,NA,NA,NA
d2,3,35,35_C9,35 evolved,NA,lagsat,NA,NA,NA
d5,3,35,35_E7,35 evolved,NA,lagsat,NA,NA,NA
d6,3,35,35_C9,35 evolved,NA,lagsat,NA,NA,NA
d7,3,35,40_D8,40 evolved,9.695849748753536,lagsat,0.14328419615477977,0.996517714156183,46
d10,3,35,35_C5,35 evolved,10.408341361889244,lagsat,0.16275702160565977,0.996217589679903,45
e2,3,35,40_B6,40 evolved,9.37788044687413,lagsat,0.1314665249356034,0.996784060456644,48
e4,3,35,35_C5,35 evolved,NA,lagsat,NA,NA,NA
e5,3,35,40_G5,40 evolved,NA,lagsat,NA,NA,NA
e11,3,35,40_E7,40 evolved,NA,lagsat,NA,NA,NA
f2,3,35,40_F6,40 evolved,11.537871637572357,lagsat,0.31445845890208945,0.9896414395146468,44
f3,3,35,35_E7,35 evolved,NA,lagsat,NA,NA,NA
f4,3,35,40_C5,40 evolved,9.274751485597026,lagsat,0.13768392323516468,0.9964587680388977,48
f5,3,35,40_D8,40 evolved,9.627828991629883,lagsat,0.2052899068534725,0.9930055024346915,48
f7,3,35,35_D2,35 evolved,10.464789506175434,lagsat,0.1652109244991578,0.9961851801043923,45
f8,3,35,40_G5,40 evolved,9.745285968419052,lagsat,0.1434360686041186,0.9966237822471282,47
f11,3,35,35_F2,35 evolved,NA,lagsat,NA,NA,NA
g2,3,35,40_E7,40 evolved,10.17211032697324,lagsat,0.153249984782625,0.9963602051188734,46
g3,3,35,35_E7,35 evolved,NA,lagsat,NA,NA,NA
g4,3,35,40_C5,40 evolved,9.424221457468695,lagsat,0.13790545084984746,0.9964703822235729,47
g5,3,35,40_F6,40 evolved,10.685046935988217,lagsat,0.17210392332529043,0.9963347908250115,45
g7,3,35,35_C5,35 evolved,8.334135966074959,lagsat,0.17994095299302124,0.9847842847007038,49
g8,3,35,40_B6,40 evolved,9.407276538829914,lagsat,0.1340901484991474,0.9966660638233069,47
g10,3,35,35_F2,35 evolved,10.268693542087311,lagsat,0.1546914319296171,0.9962383079150662,45
b2,3,25,40_B6,40 evolved,6.405214346610236,lagsat,0.09608872502690868,0.9956484273846862,61
b4,3,25,35_E11,35 evolved,6.698140537089163,lagsat,0.10697232803243241,0.9949132496587851,60
b5,3,25,35_D2,35 evolved,6.795055447253631,lagsat,0.11006653959276738,0.994733085249573,60
b8,3,25,35_E11,35 evolved,3.80925171492098,lagsat,0.1310706820221788,0.9063923076951486,97
b9,3,25,40_C5,40 evolved,6.387546688666472,lagsat,0.09438220409703013,0.9954706291607819,62
b10,3,25,40_F6,40 evolved,6.716287464259409,lagsat,0.1070569281817682,0.9949122427360667,59
b11,3,25,40_G5,40 evolved,6.483378048140374,lagsat,0.09720737628982287,0.9956600182966174,62
c2,3,25,35_E11,35 evolved,6.656210284218456,lagsat,0.10669518729478636,0.9949451158748702,60
c3,3,25,40_E7,40 evolved,6.670133931983403,lagsat,0.10530517523502092,0.9950764451154489,60
c4,3,25,35_C9,35 evolved,3.775925846818431,lagsat,0.1302725506477051,0.9094548824166597,97
c5,3,25,35_D2,35 evolved,6.720228531955755,lagsat,0.10783971181678802,0.9948286070119035,59
c7,3,25,40_D8,40 evolved,NA,lagsat,NA,NA,NA
c8,3,25,35_F2,35 evolved,6.63939450083672,lagsat,0.1054783836485005,0.9947088113034865,60
d2,3,25,35_C9,35 evolved,3.7669912808719213,lagsat,0.12824362035403916,0.9109800393895048,97
d5,3,25,35_E7,35 evolved,6.671569838927253,lagsat,0.10635371738137435,0.9949454155478912,60
d6,3,25,35_C9,35 evolved,3.830753859793048,lagsat,0.13281184201588875,0.9059101907199919,97
d7,3,25,40_D8,40 evolved,6.669711701199931,lagsat,0.10037097694626389,0.9954423076501799,60
d10,3,25,35_C5,35 evolved,6.6296861281325565,lagsat,0.10689671364282594,0.9949672894621531,60
e2,3,25,40_B6,40 evolved,6.394627354162611,lagsat,0.09317054330518976,0.995640559150579,62
e4,3,25,35_C5,35 evolved,3.8323043040782374,lagsat,0.13222418711911163,0.9120991659227662,97
e5,3,25,40_G5,40 evolved,6.423951901781535,lagsat,0.09201802727467871,0.9958421692413916,62
e11,3,25,40_E7,40 evolved,6.697710470333976,lagsat,0.10539285447892086,0.995095881241987,60
f2,3,25,40_F6,40 evolved,6.762124399652387,lagsat,0.11180818092543754,0.9947760484925287,59
f3,3,25,35_E7,35 evolved,3.7299248944934096,lagsat,0.12645062806490126,0.9140304551868004,97
f4,3,25,40_C5,40 evolved,6.377162440403696,lagsat,0.09311782386866974,0.9955742170014579,61
f5,3,25,40_D8,40 evolved,6.5806280030911015,lagsat,0.10020743146468813,0.9953664673993468,61
f7,3,25,35_D2,35 evolved,6.806782700496216,lagsat,0.10800121702189618,0.9949208390907082,59
f8,3,25,40_G5,40 evolved,6.457679367481956,lagsat,0.093899294856691,0.9956363219662399,62
f11,3,25,35_F2,35 evolved,6.7838613413632975,lagsat,0.11369838748395271,0.9947416158395199,59
g2,3,25,40_E7,40 evolved,3.82235681547321,lagsat,0.13295760801227238,0.9092957716561064,97
g3,3,25,35_E7,35 evolved,3.826099645782646,lagsat,0.13123372525425384,0.9113436796037129,97
g4,3,25,40_C5,40 evolved,6.4307640001078905,lagsat,0.09419265884665826,0.9955332231561902,61
g5,3,25,40_F6,40 evolved,3.7524410762766185,lagsat,0.13093919701381776,0.9015115189393246,97
g7,3,25,35_C5,35 evolved,3.8138105010807846,lagsat,0.1313467925599015,0.9083528376608468,97
g8,3,25,40_B6,40 evolved,6.566456985558137,lagsat,0.09729841159285885,0.9956251571424973,61
g10,3,25,35_F2,35 evolved,6.858604655776273,lagsat,0.11109773084915839,0.9949773737266927,59
b2,3,38,40_B6,40 evolved,NA,lagsat,NA,NA,NA
b4,3,38,35_E11,35 evolved,NA,lagsat,NA,NA,NA
b5,3,38,35_D2,35 evolved,NA,lagsat,NA,NA,NA
b8,3,38,35_E11,35 evolved,10.947609291864246,lagsat,0.14904298811075944,0.9973519982615657,44
b9,3,38,40_C5,40 evolved,NA,lagsat,NA,NA,NA
b10,3,38,40_F6,40 evolved,NA,lagsat,NA,NA,NA
b11,3,38,40_G5,40 evolved,NA,lagsat,NA,NA,NA
c2,3,38,35_E11,35 evolved,NA,lagsat,NA,NA,NA
c3,3,38,40_E7,40 evolved,NA,lagsat,NA,NA,NA
c4,3,38,35_C9,35 evolved,NA,lagsat,NA,NA,NA
c5,3,38,35_D2,35 evolved,NA,lagsat,NA,NA,NA
c7,3,38,40_D8,40 evolved,NA,lagsat,NA,NA,NA
c8,3,38,35_F2,35 evolved,NA,lagsat,NA,NA,NA
d2,3,38,35_C9,35 evolved,NA,lagsat,NA,NA,NA
d5,3,38,35_E7,35 evolved,NA,lagsat,NA,NA,NA
d6,3,38,35_C9,35 evolved,NA,lagsat,NA,NA,NA
d7,3,38,40_D8,40 evolved,10.324839664886838,lagsat,0.13506220875491043,0.9973729015898032,46
d10,3,38,35_C5,35 evolved,NA,lagsat,NA,NA,NA
e2,3,38,40_B6,40 evolved,NA,lagsat,NA,NA,NA
e4,3,38,35_C5,35 evolved,NA,lagsat,NA,NA,NA
e5,3,38,40_G5,40 evolved,NA,lagsat,NA,NA,NA
e11,3,38,40_E7,40 evolved,10.98188185200209,lagsat,0.14792051161717126,0.9974489400515333,45
f2,3,38,40_F6,40 evolved,NA,lagsat,NA,NA,NA
f3,3,38,35_E7,35 evolved,NA,lagsat,NA,NA,NA
f4,3,38,40_C5,40 evolved,NA,lagsat,NA,NA,NA
f5,3,38,40_D8,40 evolved,NA,lagsat,NA,NA,NA
f7,3,38,35_D2,35 evolved,NA,lagsat,NA,NA,NA
f8,3,38,40_G5,40 evolved,NA,lagsat,NA,NA,NA
f11,3,38,35_F2,35 evolved,NA,lagsat,NA,NA,NA
g2,3,38,40_E7,40 evolved,NA,lagsat,NA,NA,NA
g3,3,38,35_E7,35 evolved,11.1864011339577,lagsat,0.1460354018850294,0.9974906511279225,44
g4,3,38,40_C5,40 evolved,NA,lagsat,NA,NA,NA
g5,3,38,40_F6,40 evolved,NA,lagsat,NA,NA,NA
g7,3,38,35_C5,35 evolved,NA,lagsat,NA,NA,NA
g8,3,38,40_B6,40 evolved,NA,lagsat,NA,NA,NA
g10,3,38,35_F2,35 evolved,NA,lagsat,NA,NA,NA
