unique_id,well,test_temperature,treatment,mu,best_model,se,R2,n_obs
A10_25_water,A10,25,water,0.0027426825680769303,gr,0.003040498620066976,0.009266147757828636,89
A10_30_water,A10,30,water,0.03216210836083503,gr.sat,0.002349916246664235,0.818030041828672,65
A10_34_fRS585,A10,34,fRS585,9.008102721730511,gr.sat,0.21989273673624826,0.9828552070436665,41
A10_37_water,A10,37,water,1.0711175987568593,gr.lag,0.09883000549624982,0.8163208491470675,31
A10_40.5_water,A10,40.5,water,14.062046018975682,gr.lagsat,1.5177303341335329,0.9851940678492778,20
A10_40_water,A10,40,water,19.762980333729427,gr.lagsat,460965.178959383,0.9948834729955434,18
A10_41_water,A10,41,water,12.96545951807566,gr.lagsat,1.2266441451608587,0.9901009831793375,20
A10_42_water,A10,42,water,0.005903792571661164,gr.lagsat,0.008213711801246484,0.10526727793595825,34
A11_25_water,A11,25,water,0.04175866119139529,gr.lagsat,0.0182008033713264,0.16933679944698243,34
A11_30_water,A11,30,water,0.0311953849855232,gr.sat,0.0028159536342607155,0.7606642029099857,59
A11_34_fRS585,A11,34,fRS585,8.789357070480888,gr.sat,0.19052922965503236,0.9860840799470287,41
A11_37_water,A11,37,water,1.1355790000582973,gr.lag,0.09606524717866433,0.841653767546381,29
A11_40.5_water,A11,40.5,water,10.542744913791305,gr.lagsat,1.535891054704309,0.9834317434317762,21
A11_40_water,A11,40,water,1.0842645361440963,gr.sat,0.08981170086283823,0.8563647916738818,28
A11_41_water,A11,41,water,12.824451666006619,gr.lagsat,1.611273201494817,0.9846830426597349,20
A11_42_water,A11,42,water,0.07735426897642768,gr.lagsat,0.17495230449071064,0.22987733984284686,21
A12_25_water,A12,25,water,0.043503204026152834,gr,0.0040812441507159574,0.5663457750951209,89
A12_30_water,A12,30,water,0.04459257503271694,gr.lagsat,0.004441269039752238,0.8657376654626643,54
A12_34_fRS585,A12,34,fRS585,8.718535458282057,gr.sat,0.20606525592645442,0.9832491420734252,42
A12_37_water,A12,37,water,0.6645683837180983,gr.lag,0.05026343212154094,0.843946455059506,43
A12_40.5_water,A12,40.5,water,16.017644207794913,gr.lagsat,7.143953655314018,0.9911399797221128,20
A12_40_water,A12,40,water,16.153524429664127,gr.lagsat,267.0980117950318,0.9963063230380482,18
A12_41_water,A12,41,water,18.018197397587368,gr.lagsat,35052.9591544537,0.9931351336212696,20
A12_42_water,A12,42,water,0.10793237199134155,gr.lagsat,5.066434731792616,0.1410083386756703,20
A1_25_water,A1,25,water,-1.1653653901426526,gr.flr,0.2230983282770587,0.5624741666400193,21
A1_30_water,A1,30,water,0.03760088940211533,gr.lagsat,0.003712531876680431,0.7973555199910897,69
A1_34_fRS585,A1,34,fRS585,11.023354160452728,gr.lagsat,0.205213892686806,0.9950061060290668,39
A1_37_water,A1,37,water,10.254304265075836,gr.lagsat,1.301370299923871,0.9871478073973792,21
A1_40.5_water,A1,40.5,water,10.25159950528759,gr.lagsat,2.1500434221869114,0.9708262292090618,21
A1_40_water,A1,40,water,20.16617192455606,gr.lagsat,166356.33724927175,0.9987095636921255,18
A1_41_water,A1,41,water,21.07240056880335,gr.lagsat,252291.8995723377,0.9977388071123741,20
A1_42_water,A1,42,water,-0.007370669253563981,gr.flr,0.003128795438751204,0.15298988730944374,37
A2_30_water,A2,30,water,0.03251522917844474,gr.lagsat,0.0027460193579629975,0.878949271722532,59
A2_34_fRS585,A2,34,fRS585,9.143288821229405,gr.sat,0.19982528765108704,0.9861517483041181,40
A2_37_water,A2,37,water,2.0404949990205647,gr.lag,0.16440494834838354,0.8499701701194431,20
A2_40.5_water,A2,40.5,water,17.66207107093237,gr.lagsat,68652.98541606704,0.9887097900315452,20
A2_40_water,A2,40,water,0.5853634210480375,gr.lag,0.04231611363711053,0.8564536564203276,45
A2_41_water,A2,41,water,20.032761462391065,gr.lagsat,236252.88196326676,0.9959035899036418,20
A2_42_water,A2,42,water,-0.010777973699617749,gr.flr,0.0035323690485239033,0.24811708812122413,29
A3_25_water,A3,25,water,0.0674787206470305,gr.lagsat,0.012663611438526462,0.6086814748041235,54
A3_30_water,A3,30,water,0.03433716985376505,gr.lagsat,0.0020309501114838674,0.9200034994493359,64
A3_34_fRS585,A3,34,fRS585,10.831795766759901,gr.lagsat,0.18389457502983322,0.9959546255669159,39
A3_37_water,A3,37,water,0.8784529842597719,gr.lag,0.07567049139030992,0.8250356631885883,36
A3_40.5_water,A3,40.5,water,9.258426152394037,gr.lagsat,2.062753849511889,0.9662866557311627,21
A3_40_water,A3,40,water,12.768682727882284,gr.lagsat,2.3180759409369283,0.9680681386273912,19
A3_41_water,A3,41,water,19.464922076429456,gr.lagsat,245786.2795890336,0.9942606284136585,20
A3_42_water,A3,42,water,-4.491928625181852e-4,gr,5.671925995877724e-4,0.0065587813365467484,97
A4_25_water,A4,25,water,0.02299047838697301,gr,0.0033937391221189363,0.3453341568614303,89
A4_30_water,A4,30,water,0.019399661416878378,gr.sat,0.001283756956339794,0.8390321185287655,70
A4_34_fRS585,A4,34,fRS585,9.047159349515274,gr.sat,0.20739682896251424,0.9851600955433049,40
A4_37_water,A4,37,water,1.3704513976070618,gr.lag,0.10840523421073785,0.8531820920035499,25
A4_40.5_water,A4,40.5,water,12.250193390864977,gr.lagsat,1.6447556837037716,0.9822268264576983,20
A4_40_water,A4,40,water,16.15440021327312,gr.lagsat,15242.179786783949,0.9699348780854096,18
A4_41_water,A4,41,water,18.70381739121869,gr.lagsat,61769.720681458966,0.9945583795169475,20
A4_42_water,A4,42,water,-0.3184039729531423,gr.flr,0.0802354707731089,0.34088373029510644,12
A5_25_water,A5,25,water,0.01656949770130718,gr,0.004404334834074549,0.13991939856296087,89
A5_30_water,A5,30,water,0.019387976483377617,gr.sat,0.0011113277513701784,0.8689287421215404,74
A5_34_fRS585,A5,34,fRS585,9.002167781347566,gr.sat,0.19601978189461822,0.9864144090093483,40
A5_37_water,A5,37,water,18.149350460789634,gr.lagsat,6225.101483276602,0.9832585758736699,20
A5_40.5_water,A5,40.5,water,8.346686413556952,gr.lagsat,0.9267810482167235,0.9763063537725092,21
A5_40_water,A5,40,water,16.66000768670252,gr.lagsat,5019.214613352851,0.9954032151175123,18
A5_41_water,A5,41,water,12.517616043114435,gr.lagsat,1.43113317166668,0.9864288627701857,21
A5_42_water,A5,42,water,-0.011064963738208672,gr.flr,0.0015234873723641766,0.6094626625203794,46
A6_25_water,A6,25,water,0.001812822362176801,gr,0.0033231943151210567,0.0034087632455446215,89
A6_30_water,A6,30,water,0.037712654299535,gr.lagsat,0.007984849512682201,0.7186442857315717,41
A6_34_fRS585,A6,34,fRS585,11.315212829580366,gr.lagsat,0.16346473199202544,0.9971125880908107,38
A6_37_water,A6,37,water,0.913399887178961,gr.lag,0.06691284264568242,0.8605766207097558,33
A6_40.5_water,A6,40.5,water,14.17370211006717,gr.lagsat,1.740132328336958,0.9849172275829525,20
A6_40_water,A6,40,water,0.5271966437487918,gr.lag,0.047247356236534505,0.8014204290335741,46
A6_41_water,A6,41,water,13.001590510816689,gr.lagsat,1.272834571597944,0.9906942749548314,20
A6_42_water,A6,42,water,-0.011268756356469924,gr.flr,0.007038375459907727,0.08986640436938087,27
A7_25_water,A7,25,water,0.012572838782056206,gr,0.0034385704725116333,0.13320166415411006,89
A7_30_water,A7,30,water,0.01975454778845447,gr.sat,0.001844468422553481,0.7555789754737523,59
A7_34_fRS585,A7,34,fRS585,10.679954201600296,gr.lagsat,0.1795535415438428,0.9959524830130023,38
A7_37_water,A7,37,water,1.0553873788204078,gr.lag,0.09250595294319626,0.8237682924590364,31
A7_40.5_water,A7,40.5,water,12.851861954647125,gr.lagsat,1.3517436078662786,0.9879519432556151,20
A7_40_water,A7,40,water,21.484221608950225,gr.lagsat,5.125644191150826,0.8912542807751166,18
A7_41_water,A7,41,water,14.762703120165947,gr.lagsat,1.221734926716412,0.9906363971260095,20
A7_42_water,A7,42,water,-0.08556346250219303,gr.flr,0.03374917764176024,0.22164496749812024,15
A8_25_water,A8,25,water,-0.0279261233047918,gr,0.004600124398799608,0.29755883608034595,89
A8_30_water,A8,30,water,0.0542426861233244,gr.lagsat,0.007425411074797872,0.8552297022262072,42
A8_34_fRS585,A8,34,fRS585,8.922799707775997,gr.sat,0.19985642790187114,0.9859540649245917,40
A8_37_water,A8,37,water,0.9080519685938984,gr.lag,0.07441613890287543,0.8410410904075232,34
A8_40.5_water,A8,40.5,water,11.910917830938171,gr.lagsat,1.7733188092289716,0.9766287597885208,20
A8_40_water,A8,40,water,12.674869254376846,gr.lagsat,1.1490549389732718,0.9894197431668257,19
A8_41_water,A8,41,water,13.707699092474822,gr.lagsat,1.2534044200282914,0.9892298899353924,20
A8_42_water,A8,42,water,-0.004905928397964447,gr.flr,0.005356429537570801,0.02795541913384747,33
A9_25_water,A9,25,water,0.022224580941126598,gr,0.0030425096866349716,0.38015845359865186,89
A9_30_water,A9,30,water,0.08196935487806678,gr.lagsat,0.02629964355587477,0.7493439485387372,30
A9_34_fRS585,A9,34,fRS585,8.913922612282882,gr.sat,0.2063917779489728,0.9841802745782698,41
A9_37_water,A9,37,water,0.8516399562893036,gr.lag,0.06917011929904958,0.8383081096091378,36
A9_40.5_water,A9,40.5,water,19.358419553652134,gr.lagsat,350570.72815246176,0.9919795536657586,20
A9_40_water,A9,40,water,19.553396625281362,gr.lagsat,298553.7291877613,0.9909085626655654,18
A9_41_water,A9,41,water,13.778201729889012,gr.lagsat,1.262595394749673,0.9880355088430964,20
A9_42_water,A9,42,water,-0.022563557768261716,gr.flr,0.008884207737017596,0.1907206666507434,24
B10_25_fRS585,B10,25,fRS585,7.156545415699426,gr.lagsat,0.1336744912946911,0.9944325937387414,51
B10_30_water,B10,30,water,0.013797832596696643,gr.lagsat,0.006916299904506977,0.27578478668510975,46
B10_34_blank,B10,34,blank,2.5149431061136567,gr.lag,0.049291076794482636,0.9895620053332753,30
B10_37_NA,B10,37,NA,0.005187020803996835,gr.lag,0.0020043688969062124,0.15649135890498744,55
B10_40.5_fRS585,B10,40.5,fRS585,7.904556265344628,gr.lagsat,0.08576375995905579,0.9980387828426056,49
B10_40_NA,B10,40,NA,-0.010282403819572312,gr.flr,0.0036355055055993166,0.21541882470013263,43
B10_41_fRS585,B10,41,fRS585,7.13117551374766,gr.sat,0.1462399283064626,0.9863559871223996,49
B10_42_fRS585,B10,42,fRS585,1.5020453679587242,gr.lagsat,0.0458349151016579,0.983399375895644,50
B11_25_NA,B11,25,NA,0.05672776756661514,gr.sat,0.013079963786710124,0.41596424526574627,33
B11_30_water,B11,30,water,0.275290636768209,gr.lagsat,0.007208251781771083,0.96546177671964,93
B11_34_blank,B11,34,blank,0.028294312227961572,gr.lagsat,0.006882042619293355,0.672974883832385,38
B11_37_fRS585,B11,37,fRS585,8.012804476432093,gr.sat,0.19722986821852384,0.9807210409858746,48
B11_40.5_NA,B11,40.5,NA,-0.026468342818084058,gr.flr,0.007888961885289052,0.26407131102957937,42
B11_40_blank,B11,40,blank,0.05110768718708226,gr,0.03711356554226088,0.021331598970102283,89
B11_41_NA,B11,41,NA,-0.039441232026315116,gr.flr,0.013387078854114427,0.24155109875979042,24
B11_42_NA,B11,42,NA,0.042784028960277325,gr.lagsat,0.049690205742796055,0.3193608104972767,24
B12_25_water,B12,25,water,0.058897390868657626,gr.sat,0.017176577804611588,0.29679495894629937,38
B12_30_water,B12,30,water,0.023638369183938187,gr.sat,0.001644414380097527,0.8097285816206542,75
B12_34_blank,B12,34,blank,0.05792034556352068,gr.lagsat,0.22575374064384562,0.0953597893071827,21
B12_37_water,B12,37,water,1.2567136298246866,gr.lag,0.10541284170239851,0.8390493526364227,28
B12_40.5_water,B12,40.5,water,13.242328157613276,gr.lagsat,1.6323273549113495,0.986964717741978,20
B12_40_water,B12,40,water,11.75267257267783,gr.lagsat,1.150581179624188,0.9888260732198293,19
B12_41_water,B12,41,water,18.24723709723629,gr.lagsat,267375.6854846203,0.9925718434423669,20
B12_42_water,B12,42,water,0.02911570721491731,gr.lagsat,0.03283997786177361,0.31040522424779193,26
B1_25_water,B1,25,water,0.020053025710587043,gr,0.003838044310360192,0.23883560257307468,89
B1_30_water,B1,30,water,0.10851175266793335,gr.lagsat,0.09412739112553398,0.30610473837589103,28
B1_34_blank,B1,34,blank,0.06041977939330622,gr.lagsat,0.18914242528695213,0.10136426692712064,21
B1_37_water,B1,37,water,4.699448644476905,gr.lag,0.412316710077046,0.8543651611825077,16
B1_40.5_water,B1,40.5,water,0.5872612352056037,gr.lag,0.04922869564506246,0.8111326449824929,46
B1_40_water,B1,40,water,0.6777205544707569,gr.lag,0.048197037574667305,0.8674117089478225,42
B1_41_water,B1,41,water,12.50059456041791,gr.lagsat,1.6374237414225281,0.9822217801475879,21
B1_42_water,B1,42,water,0.02892948300367823,gr.lagsat,0.012545145853691217,0.4362177993738543,38
B2_25_NA,B2,25,NA,0.24645562306132646,gr.lagsat,0.08723106238307292,0.26912732133373296,18
B2_30_water,B2,30,water,0.04527205287377466,gr.lagsat,0.010556697566968304,0.6553081762991941,45
B2_34_blank,B2,34,blank,-0.034319980083780295,gr.flr,0.01340994951004323,0.21074401979397794,27
B2_37_NA,B2,37,NA,0.014359332046990903,gr.lag,0.004220770885262272,0.24990877604197836,49
B2_40.5_NA,B2,40.5,NA,0.03165587050946606,gr.lag,0.012306688593181197,0.17840960168246922,41
B2_40_NA,B2,40,NA,0.023696547440242098,gr.lag,0.006970487500632682,0.29743063004353953,38
B2_41_NA,B2,41,NA,-0.06355603105840767,gr.flr,0.01654260767334927,0.33799420682177794,28
B2_42_NA,B2,42,NA,0.030243666729460966,gr.lagsat,0.011178170132617501,0.5035438499875167,38
B3_25_NA,B3,25,NA,0.08217025343258329,gr.sat,0.021168693689693575,0.3694405104343086,32
B3_30_blank,B3,30,blank,-0.010416409217085608,gr,0.001077630971738941,0.49583951559695016,97
B3_34_blank,B3,34,blank,-0.03300097585408081,gr,0.001160549411172454,0.9028569157402291,89
B3_37_NA,B3,37,NA,0.01387509239455869,gr.lag,0.004082180977181742,0.2579711832635272,50
B3_40.5_NA,B3,40.5,NA,-0.035493388587603814,gr.flr,0.015402236206782827,0.1617757927967991,34
B3_40_fRS585,B3,40,fRS585,10.187285423974219,gr.lagsat,0.13982542583781576,0.9977765630297957,41
B3_41_NA,B3,41,NA,-0.04902845131402548,gr.flr,0.017933868341173217,0.21642563194513653,27
B3_42_NA,B3,42,NA,0.029019104960987113,gr.lagsat,0.011349555429205186,0.49912470289508004,38
B4_25_NA,B4,25,NA,0.06625484698290131,gr.sat,0.02080239045329424,0.28644121334048644,31
B4_30_water,B4,30,water,0.03647841228528041,gr.lag,0.0037242980986618808,0.694450211033651,66
B4_34_blank,B4,34,blank,0.04393101105678806,gr.lagsat,0.08076965557716126,0.10802293704279375,24
B4_37_fRS585,B4,37,fRS585,8.21402937951749,gr.sat,0.21136779179536044,0.9780585408675678,47
B4_40.5_NA,B4,40.5,NA,0.03258075517660143,gr.lag,0.00838411115921629,0.33116515138296343,44
B4_40_NA,B4,40,NA,0.045069223832351735,gr.lag,0.0014101672585975166,0.9455939770584628,83
B4_41_fRS585,B4,41,fRS585,6.654022452357693,gr.sat,0.1282337794560794,0.9876334031445915,51
B5_25_fRS585,B5,25,fRS585,7.1303718615427965,gr.lagsat,0.13273614240808956,0.9944816206832182,50
B5_30_water,B5,30,water,0.03273139321758771,gr.lagsat,0.007308800400639705,0.5991387233132103,53
B5_34_blank,B5,34,blank,-0.03837461736025666,gr.flr,0.007586504432457932,0.494183359196535,29
B5_37_NA,B5,37,NA,0.010914035342601077,gr.lag,0.003585504741419066,0.21647744259920354,51
B5_40.5_NA,B5,40.5,NA,-0.023948141808216163,gr.flr,0.004043846862977651,0.4618432913277677,65
B5_40_blank,B5,40,blank,0.0941854096236091,gr.lag,0.009544143646468887,0.7290499540048377,55
B5_41_NA,B5,41,NA,-0.05293845788393306,gr.flr,0.013350212495359958,0.36205064578848356,29
B5_42_NA,B5,42,NA,0.0493212352010904,gr.lagsat,0.0367214213264124,0.3991944076996411,28
B6_25_NA,B6,25,NA,0.00800616324078154,gr,0.0026115555136773604,0.09749467138372192,89
B6_30_blank,B6,30,blank,-0.03185345899734858,gr,5.869810831067288e-4,0.9687485841946292,97
B6_34_blank,B6,34,blank,-0.03735734499755774,gr.flr,0.009046606269022171,0.3911774114256058,28
B6_37_NA,B6,37,NA,0.009386233356776356,gr.lag,0.003332818076286295,0.191766704563069,51
B6_40.5_NA,B6,40.5,NA,0.02417304532395285,gr.lag,0.010469597510679928,0.15291773145835097,41
B6_40_NA,B6,40,NA,-0.05292432284587788,gr.flr,0.018752361847591263,0.25821918409806666,23
B6_41_NA,B6,41,NA,-0.05663790280093091,gr.flr,0.011893085536866403,0.4631372794940769,31
B6_42_NA,B6,42,NA,0.01857946937068354,gr.lagsat,0.007059381922075768,0.43989029676715463,42
B7_25_NA,B7,25,NA,0.014209604298434039,gr,0.0025397353181681372,0.26460070990593254,89
B7_30_water,B7,30,water,0.0359615977086015,gr.lagsat,0.006891409901341579,0.6976401278284734,49
B7_34_blank,B7,34,blank,-0.0138402879865715,gr.flr,0.008888880006106268,0.08194865519670669,27
B7_37_NA,B7,37,NA,0.007062421162998883,gr.lag,0.0036134094214776897,0.10095573079985698,49
B7_40.5_NA,B7,40.5,NA,-0.04527700065074793,gr.flr,0.010837026991743007,0.37506155519640516,40
B7_40_blank,B7,40,blank,-0.6417163768491976,gr.flr,0.10974084611444015,0.5089119785491003,11
B7_41_Blank,B7,41,Blank,-0.1448434223804342,gr.flr,0.004746871912063532,0.9676924562483672,36
B7_42_blank,B7,42,blank,-0.008175789940466135,gr,5.23841133371613e-4,0.7194250443540168,97
B8_20_fRS585,B8,20,fRS585,2.5887639847076347,gr.sat,0.2004665010250748,0.9786587393722757,7
B8_25_blank,B8,25,blank,0.0306417692016481,gr.sat,0.006196073196380894,0.40394564691269486,58
B8_30_water,B8,30,water,0.040298209489694425,gr.lagsat,0.005531663525231394,0.7876663067241507,53
B8_34_blank,B8,34,blank,3.1799648895073167,gr.lag,0.07569612162949006,0.9852572244294752,28
B8_37_blank,B8,37,blank,-0.015179334783626123,gr.flr,0.0033115900091331848,0.39997727740731204,39
B8_40.5_blank,B8,40.5,blank,-0.023301863039583124,gr.flr,0.004047111268130971,0.49024644340059276,52
B8_40_NA,B8,40,NA,-0.23066917260148478,gr.flr,0.07598630726032568,0.25228636697650053,13
B8_41_NA,B8,41,NA,0.010928742379110892,gr.lag,0.002587233281286208,0.3196497657717007,61
B8_42_NA,B8,42,NA,0.017614179685084018,gr.lagsat,0.006116102801082388,0.4958349913642144,42
B9_25_NA,B9,25,NA,0.051292456395005806,gr.lagsat,0.015690052061077504,0.28980934761205357,32
B9_30_fRS585,B9,30,fRS585,8.871005092792698,gr.lagsat,0.13299576038799316,0.9964766376296056,47
B9_34_blank,B9,34,blank,-0.007146616558910698,gr,0.004293684759649915,0.03086082611436891,89
B9_37_NA,B9,37,NA,-0.010544259705341199,gr.flr,0.005688615369192344,0.11029107220723855,35
B9_40.5_NA,B9,40.5,NA,-0.025180502548437563,gr.flr,0.006590271587943665,0.30771349907316703,45
B9_40_NA,B9,40,NA,-0.051134522791530974,gr.flr,0.017954495454468863,0.27390930599140106,21
B9_41_NA,B9,41,NA,-0.04095968956366071,gr.flr,0.013906657403734986,0.25486588441621527,27
B9_42_NA,B9,42,NA,0.015603794238325504,gr.lagsat,0.0074870729905443445,0.37924108678387736,36
C10_25_blank,C10,25,blank,0.12762891613751418,gr.sat,0.030588211235274176,0.41250371938901975,29
C10_30_blank,C10,30,blank,-0.042350644115406344,gr.flr,0.009415636743219104,0.4190056240907122,33
C10_34_water,C10,34,water,3.0660334942321668,gr.sat,0.30748463151755673,0.7953477080074641,14
C10_37_NA,C10,37,NA,0.027295690030984917,gr.lag,0.006829949197952607,0.31769032548178844,50
C10_40.5_NA,C10,40.5,NA,-0.05978713750814059,gr.flr,0.02233525841818574,0.20255630553939707,37
C10_40_NA,C10,40,NA,0.03577555168876145,gr.lag,0.011689381262454186,0.25350101060453023,39
C10_41_NA,C10,41,NA,-0.09392730328055243,gr.flr,0.026908916590658024,0.3157996054285428,29
C10_42_NA,C10,42,NA,0.04567113680125397,gr.lagsat,0.018457703888423903,0.4414196005712756,39
C11_20_fRS585,C11,20,fRS585,2.637718583476503,gr.sat,0.2030906888728155,0.978890420145995,7
C11_25_NA,C11,25,NA,0.1335134342667122,gr.sat,0.05140132047301581,0.21655341942455653,25
C11_30_water,C11,30,water,0.05377508612023719,gr.lagsat,0.012367209341977246,0.6198956416020301,49
C11_34_water,C11,34,water,0.2648960712163206,gr.sat,0.022755541978774056,0.811130640287897,46
C11_37_NA,C11,37,NA,0.02752887147085412,gr.lag,0.006858838321431482,0.3226390437772011,51
C11_40.5_NA,C11,40.5,NA,-0.05817074449917254,gr.flr,0.01852753391066354,0.24461047081037401,40
C11_40_NA,C11,40,NA,0.03788741858328388,gr.lag,0.01181748573377271,0.26824243574459405,39
C11_41_NA,C11,41,NA,-0.10775359457162978,gr.flr,0.028249923403261868,0.34788461592237996,29
C11_42_NA,C11,42,NA,0.04486257017569212,gr.lagsat,0.018177106568912228,0.4344120850382496,41
C12_25_water,C12,25,water,0.1478389407300147,gr.sat,0.0427554527528157,0.3053209075807135,31
C12_30_water,C12,30,water,0.034959112044493555,gr.lagsat,0.012398395735172093,0.4209433945302985,47
C12_34_water,C12,34,water,1.9181854107151382,gr.sat,0.20566219786987683,0.7795708300489339,17
C12_37_water,C12,37,water,1.9131542821012795,gr.lag,0.17195230836190886,0.8151116181421553,21
C12_40.5_water,C12,40.5,water,0.7423642106529599,gr.lag,0.061936876320005115,0.8179023292086619,45
C12_40_water,C12,40,water,14.552081721827731,gr.lagsat,2.1596069166242,0.988912850417294,19
C12_41_water,C12,41,water,0.5621326932442253,gr.lag,0.038686300212030955,0.8568978826750737,51
C12_42_water,C12,42,water,0.0491492785008337,gr.lagsat,0.020281621059269422,0.4441033654681269,37
C1_25_water,C1,25,water,0.02639209391893766,gr,0.004547461641557831,0.27910256829659075,89
C1_30_water,C1,30,water,0.031975132116980554,gr.lagsat,0.010211664740286779,0.4634445725276687,49
C1_34_water,C1,34,water,2.149313641219793,gr.sat,0.1659389543310879,0.8709517673056253,19
C1_37_water,C1,37,water,3.150866372466213,gr.lag,0.26248951816596944,0.8364721071630361,18
C1_40.5_water,C1,40.5,water,12.123308928734122,gr.lagsat,1.5694332562360092,0.9785985838397246,20
C1_40_water,C1,40,water,0.8838987911214904,gr.lag,0.057063930716043154,0.8924995785236136,40
C1_41_water,C1,41,water,0.6770721995296834,gr.lag,0.04665913658586984,0.8585742219573369,48
C1_42_water,C1,42,water,0.03186852160535381,gr.lagsat,0.012473826701481006,0.48558814652872895,39
C2_20_fRS585,C2,20,fRS585,2.660607961280089,gr.sat,0.19719466855246495,0.9803501749845553,7
C2_25_NA,C2,25,NA,0.07132637088978183,gr.sat,0.02689329433374383,0.22308759373828624,30
C2_30_water,C2,30,water,0.023547852189396434,gr.lagsat,0.010883962041513004,0.2846633297715795,48
C2_34_water,C2,34,water,2.746611442681313,gr.sat,0.20411166099552291,0.8815731341286069,15
C2_37_blank,C2,37,blank,-0.024247486884384172,gr.flr,0.006955302832605447,0.298295900529166,36
C2_40.5_NA,C2,40.5,NA,-0.048834234726924206,gr.flr,0.012264601058253338,0.34409976445409607,40
C2_40_blank,C2,40,blank,0.011061703909999714,gr,8.606412410448401e-4,0.6550303318275309,89
C2_41_NA,C2,41,NA,-0.06608504689935185,gr.flr,0.02224013360982,0.2575239419621055,28
C2_42_NA,C2,42,NA,0.03228885544957653,gr.lagsat,0.011442185955051679,0.5041450735499258,40
C3_25_fRS585,C3,25,fRS585,5.463313348887729,gr.sat,0.13672173616338856,0.9767286261701924,61
C3_30_water,C3,30,water,0.039874198790177444,gr.lagsat,0.012292231801827227,0.4939340131974531,46
C3_34_water,C3,34,water,3.109316681894857,gr.sat,0.25002459060056537,0.8463545814109059,13
C3_37_NA,C3,37,NA,0.022202773941033056,gr.lag,0.005137871520613977,0.35797272908336586,50
C3_40.5_NA,C3,40.5,NA,-0.05934458131910376,gr.flr,0.013328390193231253,0.401294034497771,39
C3_40_NA,C3,40,NA,0.030548165719856104,gr.lag,0.009246485550569172,0.2827598368374523,38
C3_41_NA,C3,41,NA,-0.07615170135832137,gr.flr,0.023146237913460346,0.2948298161765742,28
C3_42_NA,C3,42,NA,0.03084869184694338,gr.lagsat,0.01323251791321045,0.420534086080085,40
C4_25_NA,C4,25,NA,0.05675322233140692,gr.sat,0.012028539982973659,0.4231700924630931,46
C4_30_water,C4,30,water,0.04763380566310102,gr.lagsat,0.014245475207969593,0.5397214244554944,42
C4_34_water,C4,34,water,2.3011426250852596,gr.sat,0.16269650886672152,0.8918187700057185,17
C4_37_NA,C4,37,NA,0.01959962782145622,gr.lag,0.0051218439691990735,0.30467929040976316,51
C4_40.5_NA,C4,40.5,NA,-0.05067704868971954,gr.flr,0.01692492050336368,0.23562248481785952,36
C4_40_NA,C4,40,NA,0.03130398339507073,gr.lag,0.00931621881915322,0.2852339456484041,39
C4_41_Blank,C4,41,Blank,-0.058446332003849244,gr.flr,0.0032766091057236427,0.8921891425818488,60
C4_42_blank,C4,42,blank,-0.02525133935751985,gr.flr,0.004763924876728379,0.48002004017925226,41
C5_25_NA,C5,25,NA,0.0026302701338617855,gr,0.003672508766072432,0.005861418103444205,89
C5_30_water,C5,30,water,0.06259891635948046,gr.lagsat,0.0354243210273273,0.37021298473806763,33
C5_34_water,C5,34,water,4.311534077863136,gr.sat,0.422599520089869,0.7940106186616536,13
C5_37_NA,C5,37,NA,0.07528712424803745,gr.lagsat,0.03319766753419824,0.5134774466793874,30
C5_40.5_fRS585,C5,40.5,fRS585,3.4734285886088805,gr.lagsat,0.036022095474328476,0.9970470871728728,70
C5_40_NA,C5,40,NA,0.03106029958506243,gr.lag,0.009868376987156039,0.2643237504241519,39
C5_41_NA,C5,41,NA,-0.08717796513903577,gr.flr,0.02184620215744186,0.35610434161470683,29
C5_42_NA,C5,42,NA,0.05381631582579154,gr.lagsat,0.03231132121710986,0.3956585564155116,32
C6_25_NA,C6,25,NA,0.10020879053095325,gr.sat,0.03247363689971681,0.26044011910112885,30
C6_30_fRS585,C6,30,fRS585,6.85688049350835,gr.sat,0.16538924660408644,0.9792310197007523,54
C6_34_water,C6,34,water,1.6135429485449249,gr.sat,0.12290498294358693,0.8839948547627848,18
C6_37_NA,C6,37,NA,0.024821574321231034,gr.lag,0.00562150657770279,0.3610344171876092,52
C6_40.5_NA,C6,40.5,NA,-0.04982232576752154,gr.flr,0.018233143877118056,0.20660362686506406,37
C6_40_NA,C6,40,NA,0.04194316573233871,gr.lag,0.00926859267029386,0.40850024538900154,41
C6_41_NA,C6,41,NA,-0.07947538687725948,gr.flr,0.02398610243000851,0.2988672410724261,29
C6_42_NA,C6,42,NA,0.038283986523152895,gr.lagsat,0.014169393743459697,0.46171338606069956,42
C7_25_NA,C7,25,NA,0.10386311190324571,gr.sat,0.03431663210581729,0.25413105653577817,29
C7_30_water,C7,30,water,0.04108731606287405,gr.lagsat,0.014913924063124497,0.435472937192503,46
C7_34_water,C7,34,water,2.0430029271179704,gr.sat,0.18115933868454892,0.8286367408742272,15
C7_37_NA,C7,37,NA,0.02331169015665443,gr.lag,0.006371711281928682,0.2882474189620817,50
C7_40.5_NA,C7,40.5,NA,-0.07192998586885133,gr.flr,0.0166243055159018,0.3883065352418067,39
C7_40_NA,C7,40,NA,0.03608721439185025,gr.lag,0.009801592364675198,0.3222247327675981,40
C7_41_NA,C7,41,NA,0.020356927406792645,gr.lag,0.006375401328820639,0.2160840442319566,56
C7_42_NA,C7,42,NA,0.04008459140477101,gr.lagsat,0.013430043588040489,0.5116010503506503,41
C8_25_NA,C8,25,NA,0.1059053923827202,gr.sat,0.03648819642938482,0.24395290364515498,30
C8_30_water,C8,30,water,0.07373485497308496,gr.lagsat,0.0225107939967858,0.5412831275017322,41
C8_34_water,C8,34,water,4.302569358859261,gr.sat,0.3898957256075041,0.8222717375156599,13
C8_37_NA,C8,37,NA,0.027010868328761026,gr.lag,0.006280799547605841,0.35044919753102177,49
C8_40.5_NA,C8,40.5,NA,-0.06097571958734725,gr.flr,0.017826151010161526,0.27621017355764,37
C8_40_NA,C8,40,NA,0.03542992434530489,gr.lag,0.01026262197958969,0.2976556295612094,39
C8_41_NA,C8,41,NA,0.020810773336633438,gr.lag,0.006672715249333188,0.21364910219904965,56
C8_42_NA,C8,42,NA,0.04346375896404536,gr.lagsat,0.01527886564628979,0.4845773623296413,39
C9_25_NA,C9,25,NA,0.0946889273471591,gr.sat,0.05364832238305855,0.12005433679135968,25
C9_30_water,C9,30,water,0.06257574597097028,gr.lagsat,0.017507832922258257,0.5687952922657116,42
C9_34_water,C9,34,water,0.1220741840657137,gr.sat,0.02447310795148465,0.44194737562421027,46
C9_37_fRS585,C9,37,fRS585,8.45454987558043,gr.sat,0.27973619542313694,0.966303277233309,47
C9_40.5_blank,C9,40.5,blank,-0.036688276554580575,gr.flr,0.008414390793831054,0.379190621128474,43
C9_40_fRS585,C9,40,fRS585,7.46396513704184,gr.lagsat,0.08133430444807721,0.9982896825899487,48
C9_41_Blank,C9,41,Blank,-0.016811589809206492,gr,0.002571325555846411,0.3103287215786247,97
C9_42_blank,C9,42,blank,-0.021499668723563403,gr.flr,0.005450691651555207,0.33063333033747944,40
D10_25_NA,D10,25,NA,0.012732097592996825,gr,0.005088044834082214,0.06714201048854151,89
D10_30_water,D10,30,water,0.055280391013427105,gr.lagsat,0.02547198587118931,0.3346294776772605,41
D10_34_water,D10,34,water,0.18234614536538876,gr.lagsat,0.2806821088224608,0.16269962854508446,25
D10_37_blank,D10,37,blank,0.06411419800201802,gr.lagsat,0.03140809359113314,0.4818617726538478,30
D10_40.5_blank,D10,40.5,blank,-0.04379191350666356,gr.flr,0.013797498673469391,0.26248740754578104,37
D10_40_NA,D10,40,NA,0.04769271151320948,gr.lag,0.013637639613249316,0.3051944000739114,39
D10_41_NA,D10,41,NA,-0.11374930985764353,gr.flr,0.032122930428092056,0.32313733062958006,29
D10_42_NA,D10,42,NA,0.052266788481125856,gr.lagsat,0.019858265845088822,0.4642143538465383,41
D11_25_NA,D11,25,NA,0.12625461928788198,gr.sat,0.052767651881470944,0.19641635194495866,26
D11_30_water,D11,30,water,0.057899596572964174,gr.lagsat,0.022933151692446006,0.4233625495611556,42
D11_34_water,D11,34,water,0.03621279574901865,gr.sat,0.015562949846391764,0.13026811845027053,58
D11_37_NA,D11,37,NA,0.031747061708007306,gr.lag,0.007752245358156695,0.333336374426744,51
D11_40.5_fRS585,D11,40.5,fRS585,8.57369729695321,gr.lagsat,0.10242054413383739,0.9979507777027593,47
D11_40_NA,D11,40,NA,0.045001618481967195,gr.lag,0.013196067952286668,0.2962031524308253,39
D11_41_Blank,D11,41,Blank,-0.06569648782312715,gr.flr,0.007559473324922057,0.7025145405533129,45
D11_42_blank,D11,42,blank,-0.0212897203143858,gr.flr,0.007064776788347754,0.2244409636427076,39
D12_25_water,D12,25,water,0.021361283269097146,gr,0.006098237297926029,0.12360266489781013,89
D12_30_water,D12,30,water,0.17916851534050457,gr.lag,0.01581966504181171,0.7799566906032008,55
D12_34_water,D12,34,water,0.07265975210681845,gr.sat,0.01829117583472832,0.3276908550825621,46
D12_37_water,D12,37,water,1.4877432966790556,gr.lag,0.12909445459509966,0.8240923706934121,25
D12_40.5_water,D12,40.5,water,18.76907293980382,gr.lagsat,293428.2863755137,0.9843879077314993,20
D12_40_water,D12,40,water,0.7889215542495686,gr.lag,0.054745584605663915,0.8829585374318791,38
D12_41_water,D12,41,water,16.630277617669776,gr.lagsat,125075.77300591461,0.9807479902631494,20
D12_42_water,D12,42,water,0.07231010528621179,gr.lagsat,0.037086210017020796,0.4086396082539312,32
D1_25_water,D1,25,water,0.027482976455467992,gr,0.007072325376096189,0.14790180038476552,89
D1_30_water,D1,30,water,0.07436995450840285,gr.lagsat,0.03297291542711729,0.3804027957291184,39
D1_34_water,D1,34,water,0.07300355852776613,gr.sat,0.012913923767254996,0.4483135079502808,64
D1_37_water,D1,37,water,0.25027581225110934,gr.lagsat,0.07097858299599843,0.7199399234700343,30
D1_40.5_water,D1,40.5,water,7.993575320846687,gr.lagsat,1.3085743667834855,0.9516329532895542,22
D1_40_water,D1,40,water,1.0719610348533553,gr.lag,0.0767774695037242,0.8799983922246385,30
D1_41_water,D1,41,water,17.52614524581777,gr.lagsat,92684.45417256176,0.9721298734757503,20
D1_42_water,D1,42,water,0.07209935075956801,gr.lagsat,0.031710436289935834,0.4424215996812062,38
D2_25_NA,D2,25,NA,0.16368575622861636,gr.sat,0.0528856647390626,0.2611383572754178,26
D2_30_fRS585,D2,30,fRS585,9.229622927726092,gr.lagsat,0.14924620674031192,0.9964298676489741,47
D2_34_water,D2,34,water,0.08662834605588236,gr.sat,0.012991299201986656,0.526417714034102,63
D2_37_NA,D2,37,NA,0.15169320730770913,gr.lagsat,0.06594606796511096,0.5475518796902011,30
D2_40.5_fRS585,D2,40.5,fRS585,9.284729867688549,gr.lagsat,0.1127696742945854,0.9980457275764609,45
D2_40_NA,D2,40,NA,0.05631460765744306,gr.lag,0.015561524954345674,0.3168450680609003,40
D2_41_NA,D2,41,NA,-0.11968529087779366,gr.flr,0.042660475471492584,0.2353160196574221,28
D2_42_NA,D2,42,NA,0.0709641791037356,gr.lagsat,0.029898530011344595,0.42245586657677725,37
D3_25_NA,D3,25,NA,0.17281468637433678,gr.sat,0.056154506215370104,0.2681384742938866,26
D3_30_water,D3,30,water,0.06262295902823899,gr.lagsat,0.03753137197519878,0.30364912222795204,38
D3_34_water,D3,34,water,0.19801923214132236,gr.lagsat,0.10202259352150862,0.43994647894091554,31
D3_37_fRS585,D3,37,fRS585,8.119615247255483,gr.sat,0.20311658086512696,0.979572714548042,48
D3_40.5_NA,D3,40.5,NA,-0.10092923559463303,gr.flr,0.025402995416263934,0.3368983888689232,37
D3_40_fRS585,D3,40,fRS585,9.723998686128835,gr.lagsat,0.12629320168135177,0.9978994229489909,41
D3_41_fRS585,D3,41,fRS585,6.784756066443089,gr.lagsat,0.07819623395994606,0.9975238601514389,53
D3_42_fRS585,D3,42,fRS585,1.2510425622280084,gr.sat,0.08171490189619095,0.8706359488976689,49
D4_25_blank,D4,25,blank,0.09788537663520985,gr.sat,0.024879182661742716,0.3612344636644217,34
D4_30_blank,D4,30,blank,-0.05701477386772194,gr.flr,0.015613340400893978,0.31388459149949643,30
D4_34_water,D4,34,water,2.319224106620357,gr.sat,0.27043371514290826,0.7324626633346931,14
D4_37_NA,D4,37,NA,0.04222380755641378,gr.lag,0.008721253411051984,0.4009991685640323,51
D4_40.5_blank,D4,40.5,blank,-0.06499266533121166,gr.flr,0.011662845094573111,0.5126718043016302,40
D4_40_NA,D4,40,NA,0.0513060309469888,gr.lag,0.014867013443474544,0.2889209391990608,39
D4_41_NA,D4,41,NA,-0.12739109024908268,gr.flr,0.037829776497352204,0.28167331324553535,28
D4_42_NA,D4,42,NA,0.06424694763527622,gr.lagsat,0.02738654148428399,0.44233733685955057,39
D5_25_NA,D5,25,NA,0.15431565444437317,gr.sat,0.06343043762493689,0.20645627169295222,25
D5_30_water,D5,30,water,-0.12521755102597149,gr.flr,0.047111011028631244,0.21284006832932667,26
D5_34_water,D5,34,water,0.2204243032983591,gr.sat,0.012818882536539079,0.8755269373485707,65
D5_37_NA,D5,37,NA,0.04124046790571716,gr.lag,0.009016140574271988,0.3834099876107565,51
D5_40.5_NA,D5,40.5,NA,-0.08237502323377914,gr.flr,0.024045518486968943,0.2760825939105087,37
D5_40_NA,D5,40,NA,0.11441577165271345,gr.lag,0.004822859592621547,0.9364416430354531,62
D5_41_NA,D5,41,NA,-0.12658120791484248,gr.flr,0.036808616054630226,0.29298854711461286,28
D5_42_NA,D5,42,NA,0.0674201319517561,gr.lagsat,0.0290248378214702,0.44621489752055454,38
D6_20_fRS585,D6,20,fRS585,2.4982920312931145,gr.sat,0.2006969227182457,0.9728862216379062,7
D6_25_NA,D6,25,NA,0.12055496108532059,gr.sat,0.041150529261513503,0.2456981644495514,29
D6_30_water,D6,30,water,0.05763424053795576,gr.lagsat,0.03171304979315683,0.28439130676337365,38
D6_34_water,D6,34,water,0.019315469620446543,gr.sat,0.014031243144746271,0.04952068676252863,59
D6_37_NA,D6,37,NA,0.12795071737402,gr.lagsat,0.05336614224448502,0.5491472602042878,30
D6_40.5_NA,D6,40.5,NA,-0.09357604618336,gr.flr,0.03148763691253777,0.23899684307471136,34
D6_40_fRS585,D6,40,fRS585,5.415898903983518,gr.lagsat,0.04241680445907006,0.9986887939050815,58
D6_41_NA,D6,41,NA,-0.10185467542494664,gr.flr,0.03948685636573695,0.20656981212991432,28
D6_42_NA,D6,42,NA,0.06503787600757495,gr.lagsat,0.026307188211576786,0.45053472419170204,38
D7_25_NA,D7,25,NA,0.13443457820832444,gr.sat,0.03862059525287566,0.32671893129299934,30
D7_30_water,D7,30,water,0.0597721241349899,gr.lagsat,0.019103806537204556,0.511497949189536,43
D7_34_water,D7,34,water,0.19902566626583276,gr.lagsat,0.25864917540240817,0.21085500802905366,25
D7_37_fRS585,D7,37,fRS585,7.9274505522213,gr.sat,0.1981228464404888,0.9798054056985034,48
D7_40.5_NA,D7,40.5,NA,-0.07638836208718011,gr.flr,0.026035401250270863,0.23322979384863052,36
D7_40_NA,D7,40,NA,0.051084996436906865,gr.lag,0.013767844621699003,0.3222807433150574,39
D7_41_NA,D7,41,NA,0.031290204743065,gr.lag,0.009863822908919595,0.22661394502765875,53
D7_42_NA,D7,42,NA,0.058360453026066336,gr.lagsat,0.022285088176154783,0.4590554312098306,40
D8_25_fRS585,D8,25,fRS585,7.2581821933064115,gr.lagsat,0.13335842356567737,0.9944707481057148,50
D8_30_fRS585,D8,30,fRS585,9.092536452313068,gr.lagsat,0.1401512743282369,0.9964835694981595,47
D8_34_water,D8,34,water,0.15170092329840162,gr.lagsat,0.33807416624827596,0.10182839035512603,24
D8_37_NA,D8,37,NA,0.13737856437907345,gr.lagsat,0.0608252294679571,0.5342534194311956,29
D8_40.5_NA,D8,40.5,NA,-0.08629761655660023,gr.flr,0.025180280927624785,0.2931341231292133,37
D8_40_NA,D8,40,NA,0.05091351108328718,gr.lag,0.014547413707815924,0.2987736766667347,39
D8_41_fRS585,D8,41,fRS585,4.6103978304804505,gr.sat,0.07330485272782114,0.991002392891358,52
D8_42_fRS585,D8,42,fRS585,1.7664697542257437,gr.lagsat,0.05502754064136853,0.9831754340324798,49
D9_25_NA,D9,25,NA,0.155834033861104,gr.sat,0.058791129268684725,0.22068587556020325,25
D9_30_water,D9,30,water,0.16319744678624373,gr.lagsat,0.08887989033389423,0.4774917486970024,29
D9_34_water,D9,34,water,0.2029662508246373,gr.lagsat,0.2812092589885839,0.19391180997608726,24
D9_37_NA,D9,37,NA,0.13448786325422923,gr.lagsat,0.060353904035086114,0.532372724995566,29
D9_40.5_NA,D9,40.5,NA,0.059699039722690535,gr.lag,0.01741676405886758,0.2746934894567731,42
D9_40_NA,D9,40,NA,0.04886827698249091,gr.lag,0.013543558341813382,0.3121711963702942,39
D9_41_NA,D9,41,NA,-0.12606795699735132,gr.flr,0.034277682601603916,0.3171566063400698,28
D9_42_NA,D9,42,NA,0.05908611302955191,gr.lagsat,0.02478918219497247,0.4247935361775125,37
E10_25_NA,E10,25,NA,0.2051606663119308,gr.sat,0.06888404312199103,0.24869160870746454,25
E10_30_fRS585,E10,30,fRS585,8.920151269504744,gr.lagsat,0.13589176125473126,0.9963469399583395,47
E10_34_water,E10,34,water,0.2268361383459548,gr.lagsat,0.0899545743612948,0.5259144530636853,33
E10_37_NA,E10,37,NA,0.056228997820505874,gr.lag,0.011772531679204511,0.3992269070347282,51
E10_40.5_NA,E10,40.5,NA,-0.10288451479371544,gr.flr,0.03255792875281756,0.24569158767925292,37
E10_40_NA,E10,40,NA,0.07196537199077518,gr.lag,0.019784640505073676,0.306499550161606,39
E10_41_NA,E10,41,NA,-0.1629157406987324,gr.flr,0.04665093724186441,0.2945916582285488,28
E10_42_NA,E10,42,NA,0.08500096904870337,gr.lagsat,0.03783803913188949,0.41757490738860115,38
E11_25_NA,E11,25,NA,0.19347865090668126,gr.sat,0.06896528469755409,0.24983364684923692,26
E11_30_water,E11,30,water,0.10581196141250414,gr.lagsat,0.06504555383715988,0.31067701622564137,34
E11_34_water,E11,34,water,0.30803038230816365,gr.lagsat,0.250790123860492,0.3407790847866403,25
E11_37_fRS585,E11,37,fRS585,8.046793135586357,gr.sat,0.1962914531868929,0.9807250368520956,48
E11_40.5_NA,E11,40.5,NA,-0.11527292629111167,gr.flr,0.032537098403819006,0.2939078965397093,37
E11_40_fRS585,E11,40,fRS585,10.546084391055883,gr.lagsat,0.1478970119316308,0.9977535236781152,40
E11_41_NA,E11,41,NA,-0.16790903728270695,gr.flr,0.05183070306215637,0.2847171116453636,28
E11_42_NA,E11,42,NA,0.0880720047264187,gr.lagsat,0.037425105164406954,0.4319177730691357,38
E12_25_water,E12,25,water,0.22106776208826293,gr.sat,0.06990830444831456,0.2763324582719078,29
E12_30_water,E12,30,water,0.09664546628034473,gr.lagsat,0.03462893541182594,0.4903820937001435,39
E12_34_water,E12,34,water,11.566269178974508,gr.sat,159066.18603002996,0.5752188048248925,10
E12_37_water,E12,37,water,1.4739303806137058,gr.lag,0.13574430583997363,0.8043511070043714,25
E12_40.5_water,E12,40.5,water,6.30983367133072,gr.lagsat,0.8467226852850502,0.9529442876405111,22
E12_40_water,E12,40,water,0.7737463665457743,gr.lag,0.05675104876484304,0.8712183451903844,38
E12_41_water,E12,41,water,0.6951726166435108,gr.lag,0.05080565659725915,0.851390365508162,44
E12_42_water,E12,42,water,0.09220690877496136,gr.lagsat,0.03738881789771975,0.43698318841201,37
E1_25_water,E1,25,water,0.020842923197753042,gr,0.007290682410850598,0.08587508667115828,89
E1_30_water,E1,30,water,0.07524014730098919,gr.lagsat,0.036092328122696714,0.38164878192230045,38
E1_34_water,E1,34,water,0.04754814945093869,gr,0.008289940969550703,0.2743808720255164,89
E1_37_water,E1,37,water,0.24146791543669252,gr.lagsat,0.05775356868751077,0.7631997851746385,32
E1_40.5_water,E1,40.5,water,0.7156187299440526,gr.lag,0.05386252845473797,0.8511377481482847,41
E1_40_water,E1,40,water,1.346576969466399,gr.lag,0.10451635713248549,0.8622286968316039,25
E1_41_water,E1,41,water,0.8126666775674628,gr.lag,0.05656377923921444,0.8699408879830559,41
E1_42_water,E1,42,water,0.07252884340147338,gr.lagsat,0.029589489886022745,0.44957280087332074,38
E2_25_NA,E2,25,NA,0.16139038463473301,gr.sat,0.06640589468817949,0.19949746725532014,25
E2_30_water,E2,30,water,-0.11931242782162216,gr.flr,0.030397089457652064,0.36076241212976534,33
E2_34_water,E2,34,water,0.23408062832106555,gr.lagsat,0.2669131459127774,0.2850898223073447,25
E2_37_NA,E2,37,NA,0.1500729927073174,gr.lagsat,0.06226356681395736,0.563936150542129,31
E2_40.5_NA,E2,40.5,NA,0.09894172711000777,gr.lag,0.025236011624590094,0.32222611481601937,47
E2_40_NA,E2,40,NA,0.05874400265531307,gr.lag,0.016883460371933813,0.30182527365615675,40
E2_41_NA,E2,41,NA,-0.1321615614888414,gr.flr,0.04525921229087957,0.2522300424222125,28
E2_42_NA,E2,42,NA,0.08255089835792354,gr.lagsat,0.03548366927259954,0.4436552319101953,37
E3_25_NA,E3,25,NA,0.19464243737416498,gr.sat,0.06499392630535845,0.26406427407654876,26
E3_30_fRS585,E3,30,fRS585,6.883207853852084,gr.sat,0.16437560668071896,0.979560398377566,54
E3_34_water,E3,34,water,0.06103448736572124,gr.sat,0.01490526231835869,0.3200441588094657,56
E3_37_NA,E3,37,NA,0.03899833471041728,gr.lag,0.010773425738271693,0.2735232961363223,49
E3_40.5_NA,E3,40.5,NA,-0.09064073612041917,gr.flr,0.02924336523976796,0.2515002850728226,36
E3_40_NA,E3,40,NA,0.057032585921426314,gr.lag,0.016190665757655435,0.2892567948272037,40
E3_41_NA,E3,41,NA,-0.137976062621275,gr.flr,0.04175860249379788,0.29823875450095716,29
E3_42_NA,E3,42,NA,0.0766575251213724,gr.lagsat,0.031461877808759274,0.44576564686466646,39
E4_25_NA,E4,25,NA,0.18126119159340054,gr.sat,0.06996534453564479,0.2231094984574239,25
E4_30_water,E4,30,water,-0.1012275390056958,gr.flr,0.02901870679621359,0.30865423042616513,33
E4_34_water,E4,34,water,0.11179737815872953,gr.sat,0.019223482714555748,0.4934137068224398,54
E4_37_NA,E4,37,NA,0.05158223412660486,gr.lag,0.010721635116351626,0.40257978621850077,51
E4_40.5_NA,E4,40.5,NA,-0.08893436455854632,gr.flr,0.030883963699163176,0.21645164678987638,36
E4_40_blank,E4,40,blank,0.03561790240330003,gr.lag,0.011416695884555824,0.24865818926491068,39
E4_41_NA,E4,41,NA,-0.14255506957767028,gr.flr,0.042965078251706465,0.29844965127832934,29
E4_42_NA,E4,42,NA,0.08115816379737463,gr.lagsat,0.031854325782155385,0.4693005884309367,38
E5_25_NA,E5,25,NA,0.17782760889637828,gr.sat,0.07075676522747253,0.20810920629302465,25
E5_30_water,E5,30,water,-0.11129090713299426,gr.flr,0.03972444665518356,0.22995462108547704,30
E5_34_water,E5,34,water,0.22136282088089693,gr.lagsat,0.48897537713883427,0.11953718838197036,22
E5_37_NA,E5,37,NA,0.17267347270481115,gr.lagsat,0.0795058303487061,0.5548135206414708,30
E5_40.5_fRS585,E5,40.5,fRS585,3.9436769540668255,gr.lagsat,0.045053611928533674,0.9969221872541351,65
E5_40_NA,E5,40,NA,0.06602143036108479,gr.lag,0.01846722325454526,0.3056947367832148,39
E5_41_NA,E5,41,NA,-0.15268037732673312,gr.flr,0.045869512622627596,0.2877249257808726,28
E5_42_NA,E5,42,NA,0.08965073473243863,gr.lagsat,0.04034473916648016,0.4304894212968122,36
E6_25_fRS585,E6,25,fRS585,7.139997037731193,gr.lagsat,0.13378565134474033,0.9943788852830472,50
E6_30_water,E6,30,water,-0.16290114842823264,gr.flr,0.06259264040899501,0.2052004335885521,25
E6_34_water,E6,34,water,0.2370276687774685,gr.lagsat,0.23992082583694913,0.2617512336304393,26
E6_37_blank,E6,37,blank,0.03192945898990296,gr.lag,0.0071232492941808905,0.3693189338170344,49
E6_40.5_NA,E6,40.5,NA,-0.11030781844255672,gr.flr,0.0180343223826918,0.5313313305850649,44
E6_40_NA,E6,40,NA,0.06893372631504144,gr.lag,0.018164331682160036,0.3233527411629159,39
E6_41_Blank,E6,41,Blank,-0.20570782970117402,gr.flr,0.02487147329716225,0.7057331113846002,29
E6_42_blank,E6,42,blank,0.028029236174182372,gr.lagsat,0.0356843183246268,0.10108622382457577,34
E7_25_NA,E7,25,NA,0.008501599421039173,gr,0.005877839704561645,0.023481562625243035,89
E7_30_blank,E7,30,blank,-0.0874857050852978,gr.flr,0.009028099200645163,0.7519173114862872,43
E7_34_water,E7,34,water,0.30776225140978,gr.lagsat,0.3632724876532444,0.25935629548963224,23
E7_37_NA,E7,37,NA,0.17174740870846486,gr.lagsat,0.06162881092076746,0.5843302198500635,30
E7_40.5_NA,E7,40.5,NA,-0.11296181967186569,gr.flr,0.039361863766187735,0.23348288717890298,34
E7_40_NA,E7,40,NA,0.06905636604171782,gr.lag,0.018666357555741322,0.3163882247952823,39
E7_41_NA,E7,41,NA,-0.15134289708489485,gr.flr,0.04865626491686541,0.2687259344683981,28
E7_42_NA,E7,42,NA,0.08446941810100546,gr.lagsat,0.036153179986098606,0.42838113937122324,37
E8_25_NA,E8,25,NA,0.18799989259426367,gr.sat,0.0686845301985656,0.24000792676358595,26
E8_30_water,E8,30,water,0.07525330525655978,gr.lagsat,0.06250189532777548,0.20480974257349416,34
E8_34_water,E8,34,water,0.2193201077334661,gr.lagsat,0.4737033357718691,0.09739298937091256,22
E8_37_NA,E8,37,NA,0.05146291585434789,gr.lag,0.011954382234892265,0.34475917863835104,50
E8_40.5_fRS585,E8,40.5,fRS585,3.7922952357717845,gr.lagsat,0.04507802424472022,0.9966521585942529,67
E8_40_NA,E8,40,NA,0.06835658803180267,gr.lag,0.018851463988075565,0.3170808682767615,40
E8_41_NA,E8,41,NA,-0.1509182973311128,gr.flr,0.05059421559935065,0.2556253044102149,28
E8_42_NA,E8,42,NA,0.08208645166377329,gr.lagsat,0.03503335671323117,0.44673372863301386,39
E9_20_fRS585,E9,20,fRS585,2.6505109425933377,gr.sat,0.20247997606120607,0.9791623822195341,7
E9_25_blank,E9,25,blank,0.11212544950330455,gr.sat,0.02744862385711622,0.3879160360166315,35
E9_30_water,E9,30,water,0.20371580887205576,gr.lagsat,0.006327992188709696,0.9715851384292226,68
E9_34_water,E9,34,water,0.37080459486358686,gr.lagsat,1.034104921932759,0.15394716179375312,21
E9_37_NA,E9,37,NA,0.20022481352468127,gr.lagsat,0.08448704734481526,0.5655267585554202,29
E9_40.5_NA,E9,40.5,NA,-0.11162165022373609,gr.flr,0.03298942805099808,0.28280344037769134,37
E9_40_blank,E9,40,blank,0.043484149600940054,gr.lag,0.01219720357550342,0.312726230833547,40
E9_41_NA,E9,41,NA,-0.16196786984144212,gr.flr,0.049154996297193505,0.2894580342379065,28
E9_42_NA,E9,42,NA,0.08915623037928597,gr.lagsat,0.03662148337176482,0.4365732261056824,37
F10_25_water,F10,25,water,0.022805568195238865,gr,0.006672608251827979,0.11837384412360263,89
F10_30_water,F10,30,water,0.0939413171717149,gr.lagsat,0.054365580061802476,0.30624626068747285,39
F10_34_water,F10,34,water,0.4002487598373761,gr.lagsat,0.7211177489738485,0.179526915850849,21
F10_37_water,F10,37,water,0.21646952933471908,gr.lagsat,0.08736260054261201,0.574336044632279,29
F10_40.5_fRS585,F10,40.5,fRS585,6.106530458962372,gr.lagsat,0.13722217965012198,0.9903474395652974,57
F10_40_water,F10,40,water,0.0785181060059785,gr.lag,0.022020734888512205,0.30391295190445,39
F11_25_fRS585,F11,25,fRS585,7.035523954551692,gr.lagsat,0.13705499425265685,0.9942061764125206,51
F11_30_blank,F11,30,blank,-0.07345457236210334,gr.flr,0.020128769787772442,0.3125350290143515,30
F11_34_water,F11,34,water,0.20521098655739947,gr.lagsat,0.3442856731917204,0.1949735351134846,24
F11_37_NA,F11,37,NA,0.062488865733199714,gr.lag,0.012651396738690954,0.41955796706568194,51
F11_40.5_NA,F11,40.5,NA,-0.13625654197362566,gr.flr,0.03738601993874645,0.31928251653625417,35
F11_40_NA,F11,40,NA,0.07722445179880294,gr.lag,0.02137648855499004,0.3021852132379652,39
F11_41_NA,F11,41,NA,-0.17749667706006286,gr.flr,0.05379693223703687,0.30127998079800455,28
F11_42_NA,F11,42,NA,0.11060717153159874,gr.lagsat,0.05344783496830043,0.41288644307362665,35
F12_25_water,F12,25,water,0.03462551785156089,gr,0.008117924821918275,0.1729481725544102,89
F12_30_water,F12,30,water,0.08058976291417712,gr.lagsat,0.019845614779858113,0.585026036647188,48
F12_34_water,F12,34,water,0.21043563791429068,gr.lagsat,0.33994166073473153,0.18153546036724144,24
F12_37_water,F12,37,water,0.4137221736288938,gr.lag,0.06278748781151279,0.5829546397672055,38
F12_40.5_water,F12,40.5,water,17.058381683568467,gr.lagsat,2.589870535322444,0.9722040829173694,20
F12_40_water,F12,40,water,0.8852518616075695,gr.lag,0.0591466815531225,0.8892911192742201,36
F12_41_water,F12,41,water,0.7556639834502843,gr.lag,0.050994990690981394,0.8717102742771354,42
F12_42_water,F12,42,water,0.08992079438537243,gr.lagsat,0.038584420310630384,0.44071190716576925,38
F1_25_NA,F1,25,NA,0.03340921068762271,gr,0.00837935479343254,0.15449312634127044,89
F1_30_water,F1,30,water,0.07876247230458609,gr.lagsat,0.04396102908094924,0.27939380539512393,42
F1_34_water,F1,34,water,0.34477436986458476,gr.lagsat,0.5346348440876271,0.2882833868517033,22
F1_37_NA,F1,37,NA,0.1126777328262222,gr.lag,0.015008795731672363,0.6148418982536108,54
F1_40.5_NA,F1,40.5,NA,0.5501427257514098,gr.lag,0.05260165143251479,0.7743069425203575,40
F1_40_NA,F1,40,NA,16.187579382157466,gr.lagsat,53.997628851877145,0.920500586310641,18
F1_41_NA,F1,41,NA,0.9432267435678867,gr.lag,0.06906500532161848,0.8647818512268095,37
F1_42_NA,F1,42,NA,0.102924078323932,gr.lagsat,0.04197560507151034,0.42255655164316386,38
F2_25_NA,F2,25,NA,0.20775292922524133,gr.sat,0.08057156048572924,0.22190382203089465,25
F2_30_water,F2,30,water,0.0956965603819216,gr.lagsat,0.04941740982076945,0.31435886403565094,38
F2_34_water,F2,34,water,0.21339640057727796,gr.lagsat,0.2763293241402979,0.2733056261491297,24
F2_37_NA,F2,37,NA,0.2560341585100211,gr.lagsat,0.08665393279462866,0.612062805159709,29
F2_40.5_blank,F2,40.5,blank,-0.08430999207960403,gr.flr,0.027528235088534084,0.25064492657372384,37
F2_40_fRS585,F2,40,fRS585,7.591047348630274,gr.sat,0.21236362921283544,0.9753957892584826,47
F2_41_NA,F2,41,NA,-0.19293107881831353,gr.flr,0.056957505597170686,0.29670005659373055,28
F2_42_NA,F2,42,NA,0.11192742235759297,gr.lagsat,0.05134938153670967,0.42631121074791056,37
F3_25_blank,F3,25,blank,0.20816533025318903,gr.sat,0.055931703515855274,0.3525160001412768,26
F3_30_water,F3,30,water,0.2031833872325829,gr.lagsat,0.21869565242306185,0.2484720086924831,27
F3_34_water,F3,34,water,0.7833157404416184,gr.lagsat,2.259233858258537,0.13072161339985522,19
F3_37_blank,F3,37,blank,0.13550910969123706,gr.lagsat,0.058153341630742525,0.5196628771176796,29
F3_40.5_NA,F3,40.5,NA,0.09214955910222768,gr.lag,0.02665862813834951,0.27523325053802583,43
F3_40_NA,F3,40,NA,0.08401229194983863,gr.lag,0.022468024011324885,0.31667814523305704,39
F3_41_NA,F3,41,NA,-0.17882583162658233,gr.flr,0.05477368547462087,0.2757936194701289,28
F3_42_NA,F3,42,NA,0.09839589609629427,gr.lagsat,0.046010256262744124,0.40542712394859015,38
F4_25_NA,F4,25,NA,0.19980526671723864,gr.sat,0.07285691344484578,0.23234092802752793,26
F4_30_water,F4,30,water,0.10435751727603199,gr.lagsat,0.051757782548211215,0.38457136775832046,38
F4_34_water,F4,34,water,0.26979573050333405,gr.sat,0.1490549159234027,0.07044363668667075,69
F4_37_NA,F4,37,NA,0.23055325586469538,gr.lagsat,0.08424513181452052,0.5943820109752596,30
F4_40.5_NA,F4,40.5,NA,0.07660817697191168,gr.lag,0.026226318409080764,0.21425157293226138,44
F4_40_NA,F4,40,NA,0.07879439572466462,gr.lag,0.023374829806853657,0.2866970343014241,40
F4_41_Blank,F4,41,Blank,0.03874308919754352,gr,0.0023338346284582237,0.7436453770132525,97
F4_42_NA,F4,42,NA,-0.03096193036541351,gr.flr,0.016686961780696834,0.10737843391070356,38
F5_25_NA,F5,25,NA,0.20950662594057298,gr.sat,0.07409184933869999,0.2534532959625938,26
F5_30_fRS585,F5,30,fRS585,9.085136979174328,gr.lagsat,0.13765318707379104,0.9965417480431787,46
F5_34_water,F5,34,water,0.0035424000575239945,gr,0.006416702863422466,0.00349086766074036,89
F5_37_NA,F5,37,NA,0.20515980935882674,gr.lagsat,0.10634791049847547,0.5026418428146278,29
F5_40.5_NA,F5,40.5,NA,-0.09039996375135943,gr.flr,0.02280927881827435,0.31855846221370854,46
F5_40_NA,F5,40,NA,0.07623999710045447,gr.lag,0.021402830234846078,0.30286286683021246,40
F5_41_NA,F5,41,NA,-0.17898515987927296,gr.flr,0.047031233294382135,0.35246705018156754,29
F5_42_NA,F5,42,NA,0.09741416292136433,gr.lagsat,0.04217713087052105,0.43681418921623116,39
F6_25_NA,F6,25,NA,0.1830737391032885,gr.sat,0.05359161469671016,0.3226810036630646,30
F6_30_water,F6,30,water,0.09856120730076381,gr.lagsat,0.07109607870428675,0.25758770972599176,34
F6_34_water,F6,34,water,0.1933224211369334,gr.lagsat,0.3413787801359107,0.14366710288430806,23
F6_37_NA,F6,37,NA,0.22964963765817129,gr.lagsat,0.08237185516072179,0.6070846832582709,29
F6_40.5_blank,F6,40.5,blank,-0.08225939587621058,gr.flr,0.019172641279498526,0.38870301937045537,39
F6_40_NA,F6,40,NA,0.08025307945157596,gr.lag,0.022837190256051427,0.2944192881663782,39
F6_41_NA,F6,41,NA,-0.1869467908889354,gr.flr,0.06936190576366777,0.2149536179112287,26
F6_42_NA,F6,42,NA,0.09671478986864039,gr.lagsat,0.04259341573501928,0.417304113257674,38
F7_20_fRS585,F7,20,fRS585,2.6674710045232377,gr.sat,0.20536755191113512,0.9788738572711309,7
F7_25_NA,F7,25,NA,0.2230353440037203,gr.sat,0.09217815153955083,0.18887657886758913,23
F7_30_water,F7,30,water,0.13961765129027637,gr.lagsat,0.11903360692712102,0.25106031451015043,30
F7_34_water,F7,34,water,11.843972824762297,gr.sat,175572.92927911654,0.49442820217319683,10
F7_37_NA,F7,37,NA,0.22174257009794607,gr.lagsat,0.08849969558423211,0.5889343040625052,30
F7_40.5_NA,F7,40.5,NA,-0.12422277134422592,gr.flr,0.03831028885320118,0.2696879087257321,37
F7_40_blank,F7,40,blank,0.04491919301331209,gr.lag,0.014249823881227057,0.24966876228231338,40
F7_41_NA,F7,41,NA,-0.18401162431794554,gr.flr,0.05484104227111386,0.28436657731488046,28
F7_42_NA,F7,42,NA,0.11112461689223004,gr.lagsat,0.051239753925717224,0.4328145021050953,36
F8_25_NA,F8,25,NA,0.1994905220466169,gr.lagsat,0.07901931259449804,0.22461841773415603,25
F8_30_water,F8,30,water,0.11325347902318364,gr.lagsat,0.0463512877107543,0.4655002509732543,37
F8_34_water,F8,34,water,0.2483531455440028,gr.lagsat,0.4562055968890504,0.17843878592693752,23
F8_37_blank,F8,37,blank,0.13479180253400294,gr.lagsat,0.051742815265453074,0.5711589912505379,30
F8_40.5_NA,F8,40.5,NA,0.08140544461494714,gr.lag,0.025664433599345667,0.24832259962158398,43
F8_40_NA,F8,40,NA,0.07851683760447686,gr.lag,0.02204821635930073,0.3002927114814896,40
F8_41_NA,F8,41,NA,-0.16535955753854933,gr.flr,0.055764668735752636,0.25043950624808176,28
F8_42_NA,F8,42,NA,0.09577312858274557,gr.lagsat,0.03998096342554446,0.43003634798845447,38
F9_25_NA,F9,25,NA,0.1767308286992917,gr.sat,0.04064395476340864,0.400559763873476,33
F9_30_water,F9,30,water,0.12829495641019545,gr.lagsat,0.05652830227309319,0.42635952952110623,35
F9_34_water,F9,34,water,0.23652810710438726,gr.lagsat,0.34853282075862446,0.20080060326341298,24
F9_37_NA,F9,37,NA,0.20670879168145317,gr.lagsat,0.07873968093908154,0.5966870950183374,30
F9_40.5_NA,F9,40.5,NA,-0.10023705217223818,gr.flr,0.03713145456870315,0.20159467556293442,37
F9_40_NA,F9,40,NA,0.07927435803821521,gr.lag,0.022157707659382523,0.306368177051635,39
F9_41_fRS585,F9,41,fRS585,6.163355882737861,gr.sat,0.10631844395323956,0.989358363772378,53
F9_42_fRS585,F9,42,fRS585,3.0182598504701614,gr.lagsat,0.10376531027586652,0.9818814183935857,45
G10_20_fRS585,G10,20,fRS585,2.6307476688595037,gr.sat,0.2053442921433765,0.9783178294658891,7
G10_25_NA,G10,25,NA,0.21349985688625592,gr.sat,0.05587696082500404,0.35535003823636946,31
G10_30_water,G10,30,water,-0.2823445072847289,gr.flr,0.08364449955090764,0.29769757572706423,26
G10_34_water,G10,34,water,0.3121002980022157,gr.lagsat,0.26405037795759284,0.34706275543459997,25
G10_37_blank,G10,37,blank,0.1637713270071298,gr.lagsat,0.04297671051191119,0.7048782500721458,33
G10_40.5_NA,G10,40.5,NA,0.10151222940902267,gr.lag,0.030733391895136696,0.26556166861225894,43
G10_40_NA,G10,40,NA,0.09194061573862489,gr.lag,0.027686053292425485,0.2829568726088122,40
G10_41_NA,G10,41,NA,-0.20428881733530221,gr.flr,0.06689995812997161,0.25139955590316054,27
G10_42_NA,G10,42,NA,0.11659483867717951,gr.lagsat,0.050045461566191995,0.41879213125568393,38
G11_25_NA,G11,25,NA,0.19802230457477601,gr.sat,0.08891386081875877,0.17535155807659342,25
G11_30_water,G11,30,water,0.09606347430746137,gr.lagsat,0.035871227217087555,0.4176800413269486,46
G11_34_water,G11,34,water,0.34984509810196035,gr.lagsat,0.21662176030506738,0.46473633672263603,26
G11_37_NA,G11,37,NA,0.2714181243435178,gr.lagsat,0.09853603838426798,0.6023014471202331,29
G11_40.5_blank,G11,40.5,blank,-0.12949429406517515,gr.flr,0.03091053551205223,0.38917270704241547,34
G11_40_blank,G11,40,blank,0.05497861489164611,gr.lag,0.017230602965654648,0.2631902298520775,41
G11_41_fRS585,G11,41,fRS585,7.862603765765986,gr.sat,0.1688822186130214,0.9854629361011064,46
G11_42_fRS585,G11,42,fRS585,3.5997862631941655,gr.sat,0.06828527365207415,0.9861062949225475,62
G12_25_water,G12,25,water,0.3057690979373602,gr.sat,0.09871378645942594,0.26452600545819194,25
G12_30_water,G12,30,water,-0.20880975924358577,gr.flr,0.0841698695649154,0.18475610153043998,26
G12_34_water,G12,34,water,0.24734069232261552,gr.sat,0.013108425096229509,0.882881184937158,72
G12_37_water,G12,37,water,9.995854116247877,gr.lagsat,1.2784958514046367,0.9651183392949801,21
G12_40.5_water,G12,40.5,water,0.9020794741117474,gr.lag,0.06749481814024069,0.8510121305974141,39
G12_40_water,G12,40,water,1.085661470560878,gr.lag,0.08409536676623364,0.8636811129856932,31
G12_41_water,G12,41,water,20.173308963751897,gr.lagsat,610169.2819743695,0.9380716784797611,20
G12_42_water,G12,42,water,0.13831437602262078,gr.lagsat,0.06565912985087534,0.4221231003224989,36
G1_25_water,G1,25,water,0.1984932253371423,gr.sat,0.050738159857499555,0.356393951413979,34
G1_30_water,G1,30,water,0.09579460385343713,gr.lagsat,0.023002315041784942,0.5881432495149039,49
G1_34_water,G1,34,water,0.23295873175806894,gr.lagsat,0.25440252171439126,0.3010212457520901,23
G1_37_water,G1,37,water,0.3350728638969563,gr.lagsat,0.07815756998419099,0.7775945695387287,33
G1_40.5_water,G1,40.5,water,0.9284115498396818,gr.lag,0.08011066275729638,0.8222110729638782,33
G1_40_water,G1,40,water,8.196592224328459,gr.lagsat,1.4417586847190282,0.8028184878858784,14
G1_41_water,G1,41,water,0.8307311737059,gr.lag,0.08355552586098564,0.7722595648827818,37
G1_42_water,G1,42,water,0.10319316156850616,gr.lagsat,0.04606737698870383,0.4118680601015404,38
G2_25_fRS585,G2,25,fRS585,6.978653235755883,gr.lagsat,0.12992685978475033,0.9943367903640957,52
G2_30_water,G2,30,water,0.11707828072271784,gr.lagsat,0.03829902733776023,0.5176447421054942,42
G2_34_water,G2,34,water,0.08673845858782124,gr.sat,0.014603469125720163,0.48454498921310896,60
G2_37_fRS585,G2,37,fRS585,10.708683319186404,gr.lagsat,0.16593946298118936,0.9966144296186009,43
G2_40.5_NA,G2,40.5,NA,-0.12789306719368612,gr.flr,0.04517904812775323,0.21627296827281317,36
G2_40_NA,G2,40,NA,0.09017433318187415,gr.lag,0.024946795797343588,0.31225128413829906,40
G2_41_Blank,G2,41,Blank,0.029259036997673887,gr.lag,0.00966617042592343,0.21007701421282687,53
G2_42_blank,G2,42,blank,0.1518527226312685,gr.lagsat,0.26415750702108326,0.18130542462479837,25
G3_20_fRS585,G3,20,fRS585,2.6422360868122903,gr.sat,0.20220155291294487,0.9790892873709345,7
G3_25_NA,G3,25,NA,0.2102324184301476,gr.sat,0.08300484910388252,0.20396720823505965,25
G3_30_blank,G3,30,blank,-0.10921374131076504,gr.flr,0.02458524872178625,0.4269137745352599,30
G3_34_water,G3,34,water,0.3154218969530993,gr.lagsat,0.14988158269582832,0.5701697135058572,28
G3_37_NA,G3,37,NA,0.2530268437808329,gr.lagsat,0.09003984898299884,0.6152168614245057,30
G3_40.5_NA,G3,40.5,NA,0.1067892492950544,gr.lag,0.029917392085634924,0.2911623131990091,43
G3_40_NA,G3,40,NA,0.08806129634968629,gr.lag,0.02527273056547495,0.2999470128117462,40
G3_41_NA,G3,41,NA,-0.6154343811262697,gr.flr,0.12861594297471982,0.4704467185128913,25
G3_42_NA,G3,42,NA,0.1075407628603474,gr.lagsat,0.04882330589770283,0.4155427160404773,38
G4_25_NA,G4,25,NA,0.20477825042988898,gr.sat,0.0756725708902675,0.22436213124885618,26
G4_30_water,G4,30,water,0.2458871365050021,gr.lagsat,0.012705005371375085,0.942562624521425,63
G4_34_water,G4,34,water,0.2099555358905165,gr.sat,0.0273190539662767,0.6164163430298737,56
G4_37_NA,G4,37,NA,0.26180119773392935,gr.lagsat,0.09387564662676476,0.5919903970780754,29
G4_40.5_fRS585,G4,40.5,fRS585,8.49856183925378,gr.lagsat,0.10149554356381796,0.9980031350193398,48
G4_40_fRS585,G4,40,fRS585,10.436123843487243,gr.lagsat,0.1448362492927566,0.9977969103429223,40
G4_41_fRS585,G4,41,fRS585,9.166336687424412,gr.lagsat,0.1005830764204543,0.9981134395584834,44
G4_42_fRS585,G4,42,fRS585,2.992685891287493,gr.lagsat,0.08821547810068288,0.9866167900958288,46
G5_25_blank,G5,25,blank,0.18465890358036036,gr.sat,0.040341320335175235,0.43961931088718686,30
G5_30_water,G5,30,water,0.13068883739623904,gr.lagsat,0.08208778201339763,0.32482300738192593,35
G5_34_water,G5,34,water,0.3738826870559175,gr.lagsat,0.5317584345735714,0.20744377758633725,22
G5_37_blank,G5,37,blank,0.15854844159579445,gr.lagsat,0.06390228949953378,0.5688852224080359,29
G5_40.5_NA,G5,40.5,NA,-0.1200107098809836,gr.flr,0.04249526812925917,0.21829404723600376,37
G5_40_NA,G5,40,NA,0.14461794824696506,gr.lag,0.014538349395903923,0.7631636926646896,45
G5_41_NA,G5,41,NA,-0.19636063661752629,gr.flr,0.06354923743868525,0.26177304143781177,28
G5_42_NA,G5,42,NA,0.11741263601943294,gr.lagsat,0.058479441999490546,0.39525544585688344,37
G6_25_NA,G6,25,NA,0.20902909366193592,gr.sat,0.07748382240990667,0.2255294691950278,26
G6_30_blank,G6,30,blank,-0.10403737206655073,gr.flr,0.024069747763052693,0.40726527002688506,31
G6_34_water,G6,34,water,0.3510659161545684,gr.lagsat,0.53069363285189,0.17730834913428306,22
G6_37_NA,G6,37,NA,0.2601140357718586,gr.lagsat,0.09878318342904034,0.5628746883594973,29
G6_40.5_NA,G6,40.5,NA,-0.14494145525287883,gr.flr,0.04398696977475939,0.26730984335262764,36
G6_40_NA,G6,40,NA,0.14342892402422996,gr.lag,0.011357072057590614,0.8323454857524175,47
G6_41_NA,G6,41,NA,-0.1966422965042118,gr.flr,0.06481038266216893,0.26159371102315376,28
G6_42_NA,G6,42,NA,0.11086037356294094,gr.lagsat,0.04933245648446344,0.4146526814900565,39
G7_25_fRS585,G7,25,fRS585,7.0237825708142205,gr.lagsat,0.13129149595488662,0.9942551111290591,52
G7_30_water,G7,30,water,0.10444141056563074,gr.lagsat,0.07660965409503244,0.21943162927409987,37
G7_34_water,G7,34,water,8.302833532289675,gr.sat,2.324281260915179,0.39507404293382087,10
G7_37_fRS585,G7,37,fRS585,8.054933060579874,gr.sat,0.19683872008406303,0.9803691979032249,47
G7_40.5_NA,G7,40.5,NA,0.09670958375607568,gr.lag,0.03255974906326732,0.22629930871997472,43
G7_40_NA,G7,40,NA,0.09218216684244841,gr.lag,0.026778215750969416,0.2975915889308076,40
G7_41_fRS585,G7,41,fRS585,8.791372172947675,gr.lagsat,0.09373966203039304,0.9981499683692365,45
G7_42_fRS585,G7,42,fRS585,2.7527916742816414,gr.lagsat,0.09012194288494976,0.9834526076224599,47
G8_25_NA,G8,25,NA,0.22838660735937263,gr.sat,0.08626929155770764,0.2232431704946004,25
G8_30_fRS585,G8,30,fRS585,9.186800935462626,gr.lagsat,0.1454444845285175,0.9965806283354672,47
G8_34_water,G8,34,water,14.071009927455185,gr.sat,526083.8185248636,0.46950856831752286,10
G8_37_NA,G8,37,NA,0.2883468987110099,gr.lagsat,0.11073956437771518,0.6067667565091807,29
G8_40.5_blank,G8,40.5,blank,-0.09093123830566548,gr.flr,0.028020656850422744,0.2712617181833794,36
G8_40_NA,G8,40,NA,0.09378203614875656,gr.lag,0.027028553252158315,0.29428072241113934,40
G8_41_NA,G8,41,NA,-0.2240942985406252,gr.flr,0.060989859127447685,0.31507634620956637,28
G8_42_NA,G8,42,NA,0.12663842150469853,gr.lagsat,0.06470932324645964,0.4084780545905409,36
G9_25_blank,G9,25,blank,0.12491419735785585,gr.sat,0.03217954830082979,0.36480074294514997,34
G9_30_water,G9,30,water,-0.3935703314885765,gr.flr,0.10138895315405007,0.384153922940186,25
G9_34_water,G9,34,water,0.21594700136201378,gr.lagsat,0.32570592823234534,0.1622163437305456,25
G9_37_NA,G9,37,NA,0.2756050334030532,gr.lagsat,0.09809336887280398,0.5964974612271332,29
G9_40.5_NA,G9,40.5,NA,0.09485208179589502,gr.lag,0.030315862428328986,0.23779398030545262,43
G9_40_fRS585,G9,40,fRS585,10.639973000087961,gr.lagsat,0.14350311314083647,0.9978897463363038,40
G9_41_NA,G9,41,NA,-0.194575035151181,gr.flr,0.0670054233317075,0.23275831807893754,27
G9_42_NA,G9,42,NA,0.1129393539166452,gr.lagsat,0.05061015679281443,0.40428968564485834,38
H10_25_water,H10,25,water,0.20335431112534016,gr.sat,0.05687040909551281,0.31365424920785756,33
H10_30_water,H10,30,water,0.11174422527973848,gr.lagsat,0.03981707781309403,0.46874299280220355,42
H10_34_water,H10,34,water,0.26050339425983354,gr.lagsat,0.34924842682968504,0.18538006227684367,24
H10_37_water,H10,37,water,0.1451442348129245,gr.lag,0.018854373304823726,0.6215836693021924,53
H10_40.5_water,H10,40.5,water,0.8940596147007182,gr.lag,0.06727063558307951,0.8503601815666941,38
H10_40_water,H10,40,water,8.236141616340435,gr.lagsat,1.3244822677574009,0.9397862351244767,19
H10_41_water,H10,41,water,2.5018623305437893,gr.lagsat,0.3526993221625672,0.9172997713628104,27
H10_42_water,H10,42,water,0.13975595589880227,gr.lagsat,0.07101995031271705,0.3986499286529629,36
H11_25_water,H11,25,water,0.6336213780680929,gr.sat,0.127651223710579,0.516756532032699,25
H11_30_water,H11,30,water,0.09976950979510782,gr.lagsat,0.04619455565152239,0.3650274025565181,42
H11_34_water,H11,34,water,0.25954088646337703,gr.lagsat,0.3878803439505145,0.19538534092479487,24
H11_37_water,H11,37,water,0.40995676278768545,gr.lagsat,0.1203341072798163,0.7244721296741939,31
H11_40.5_water,H11,40.5,water,0.675353306663291,gr.lag,0.0667049638511727,0.7622976668967909,43
H11_40_water,H11,40,water,1.0664198533374813,gr.lag,0.08198745508668911,0.8719854433065477,31
H11_41_water,H11,41,water,0.8681003200808389,gr.lag,0.06431050164404788,0.8550042235476414,38
H11_42_water,H11,42,water,0.1382321528743453,gr.lagsat,0.06581023531484018,0.4111535410874937,36
H12_25_water,H12,25,water,0.21482881172118914,gr.sat,0.06287945576048072,0.30235363495219336,32
H12_30_water,H12,30,water,0.3983914083549424,gr.lagsat,0.006625765407635798,0.9911983972853832,75
H12_34_water,H12,34,water,0.3767212724369261,gr.lagsat,0.16875549358081463,0.5893105921502069,28
H12_37_water,H12,37,water,0.5378525420779757,gr.lag,0.05402366647830929,0.760620371469569,38
H12_40.5_water,H12,40.5,water,0.8864235764928197,gr.lag,0.07848771992040979,0.8008329216207564,41
H12_40_water,H12,40,water,0.15623752694464782,gr.lag,0.052242133289869444,0.23022443853777907,45
H12_41_water,H12,41,water,0.7319363866189711,gr.lag,0.05070467956495503,0.868096922863082,44
H12_42_water,H12,42,water,0.13587540840501497,gr.lagsat,0.06792261921950107,0.41411372429586435,36
H1_25_water,H1,25,water,0.1965862198658763,gr.sat,0.06896544331824507,0.2426923751731691,31
H1_30_water,H1,30,water,0.13285564970649183,gr.lagsat,0.06431351668025914,0.36510440118594056,38
H1_34_water,H1,34,water,0.4200632439001843,gr.lagsat,0.1911242339291884,0.5793697128695454,26
H1_37_water,H1,37,water,0.4166194053707444,gr.lagsat,0.10032553789347849,0.7354655520213375,31
H1_40.5_water,H1,40.5,water,2.7162856809897296,gr.lagsat,0.4686048026893455,0.9077100404481024,27
H1_40_water,H1,40,water,1.0822120849636743,gr.lag,0.08924123439244748,0.8486004732638135,32
H1_41_water,H1,41,water,14.61249709333043,gr.lagsat,3.279625159939702,0.944744233756128,21
H1_42_water,H1,42,water,0.15024001582186067,gr.lagsat,0.06849267872849228,0.40801790022820483,35
H2_25_water,H2,25,water,0.025391280355854445,gr,0.009804231277699454,0.07157627359114249,89
H2_30_water,H2,30,water,0.1196108382551116,gr.lagsat,0.061753926043070353,0.358242355849442,39
H2_34_water,H2,34,water,0.404822636876972,gr.lagsat,0.46183515502320654,0.337029304224685,23
H2_37_water,H2,37,water,0.399641145074982,gr.lagsat,0.10386460145652564,0.7522336932007915,32
H2_40.5_water,H2,40.5,water,1.0368882475496992,gr.lag,0.09979639902939572,0.789508833124879,35
H2_40_water,H2,40,water,1.1696948328352956,gr.lag,0.10571295653953962,0.8212137117003006,28
H2_41_water,H2,41,water,0.8565192583378282,gr.lag,0.06131523990188754,0.864772239349283,40
H2_42_water,H2,42,water,0.14974012255561198,gr.lagsat,0.07440277264508509,0.39200589413187925,35
H3_25_water,H3,25,water,0.28061555031865787,gr.lagsat,0.10446427720622374,0.2387902470803892,26
H3_30_water,H3,30,water,-0.29208644433509295,gr.flr,0.08353034358709116,0.32095026643517344,26
H3_34_water,H3,34,water,0.40652016560726884,gr.lagsat,0.5439961642665089,0.27199359728423633,23
H3_37_water,H3,37,water,0.15146573201585337,gr.lag,0.02035615722620574,0.6100423545950524,53
H3_40.5_water,H3,40.5,water,2.257875857452729,gr.lagsat,0.33857743500532544,0.8979931366516891,28
H3_40_water,H3,40,water,0.9182944313629391,gr.lag,0.06947859850014813,0.8684164137792036,34
H3_41_water,H3,41,water,8.525973193243537,gr.lagsat,1.644927861460243,0.934976921368949,21
H3_42_water,H3,42,water,0.15082653194010054,gr.lagsat,0.07205645987037408,0.4065460548740508,35
H4_25_water,H4,25,water,0.04296942976700451,gr,0.009456309448696168,0.19180957306772128,89
H4_30_water,H4,30,water,-0.1519019119130371,gr.flr,0.06414402393806572,0.16251252220802181,30
H4_34_water,H4,34,water,0.1982042713417425,gr.sat,0.028203042076109196,0.5844062732075048,55
H4_37_water,H4,37,water,0.4297836004197455,gr.lagsat,0.0940420637841141,0.7757473842116094,32
H4_40.5_water,H4,40.5,water,0.8566405439051032,gr.lag,0.08267909132680273,0.784326707771659,41
H4_40_water,H4,40,water,0.8502476633149673,gr.lag,0.0595143620219138,0.8785437760361826,36
H4_41_water,H4,41,water,0.5806623298659087,gr.lag,0.04140946764898414,0.8542747629465344,50
H4_42_water,H4,42,water,0.14620224477446356,gr.lagsat,0.0739437948769452,0.3998878338387982,36
H5_25_water,H5,25,water,0.20206159296709933,gr.sat,0.058218918683534064,0.3009208241051212,34
H5_30_water,H5,30,water,0.08704659228392377,gr.lagsat,0.0653409840357637,0.19418448804188637,40
H5_34_water,H5,34,water,0.3623128619394352,gr.lagsat,0.5269134009012645,0.22784765159831222,23
H5_37_water,H5,37,water,0.527028642967203,gr.lag,0.06513892102937008,0.6853331306525638,39
H5_40.5_water,H5,40.5,water,6.75955999085817,gr.lagsat,1.0806979778187316,0.9329113982212058,22
H5_40_water,H5,40,water,3.3808807782958192,gr.lagsat,0.4546030445117024,0.924142220946107,23
H5_41_water,H5,41,water,19.30371360049978,gr.lagsat,195031.25515827374,0.95553077270916,20
H5_42_water,H5,42,water,0.1414856160918115,gr.lagsat,0.0711949597865499,0.402109026615207,36
H6_25_water,H6,25,water,0.03880248978433497,gr,0.009186925951299755,0.17015882629190537,89
H6_30_water,H6,30,water,-0.2688380153695857,gr.flr,0.08907913128628377,0.26701978628632195,26
H6_34_water,H6,34,water,9.56619927590927,gr.sat,2.5022116876464473,0.40729222870100257,10
H6_37_water,H6,37,water,0.3982412733645841,gr.lagsat,0.11504345371430523,0.7015422271034508,33
H6_40.5_water,H6,40.5,water,8.341222097888746,gr.lagsat,2.0073374254167238,0.9157802875710019,22
H6_40_water,H6,40,water,4.674391006018352,gr.lagsat,0.8997034664844556,0.9375655176793386,21
H6_41_water,H6,41,water,19.276517062769024,gr.lagsat,7897.298514323568,0.9515896668923834,20
H6_42_water,H6,42,water,0.14857734382888432,gr.lagsat,0.07255697566177491,0.4052066378093395,35
H7_25_water,H7,25,water,0.03650131778743945,gr,0.009132191424513878,0.15514265107903513,89
H7_30_water,H7,30,water,0.14027727677811283,gr.lagsat,0.10934786512348546,0.26976572327229376,33
H7_34_water,H7,34,water,12.734367357300146,gr.sat,148896.89744125053,0.4356274996028222,10
H7_37_water,H7,37,water,0.16334359249877017,gr.lag,0.01880542525067008,0.6752212274286411,53
H7_40.5_water,H7,40.5,water,3.5337897316396782,gr.lagsat,0.5002748714870398,0.9289360839592805,25
H7_40_water,H7,40,water,8.491547737511393,gr.lagsat,1.302040540718096,0.9426135228932001,19
H7_41_water,H7,41,water,0.7895497746230691,gr.lag,0.06135879247995682,0.8374453999317227,41
H7_42_water,H7,42,water,0.14063367212413935,gr.lagsat,0.0709782240118088,0.4099092110039856,36
H8_25_water,H8,25,water,0.22791552343684116,gr.sat,0.06747641490745646,0.2928305444433348,30
H8_30_water,H8,30,water,0.1119823734457532,gr.lagsat,0.07086557077142934,0.27447992621842876,36
H8_34_water,H8,34,water,-0.0014519942764224863,gr,0.006793794694750264,5.247564199278854e-4,89
H8_37_water,H8,37,water,0.4061825751860437,gr.lagsat,0.09177392523818162,0.7761095917676334,32
H8_40.5_water,H8,40.5,water,2.986846951523321,gr.lagsat,0.4017711925024215,0.9237422789813285,26
H8_40_water,H8,40,water,0.8557034630523173,gr.lag,0.0603783619628103,0.8792287680404515,38
H8_41_water,H8,41,water,3.6760995299102057,gr.lagsat,0.592564892421517,0.9153465089857911,24
H8_42_water,H8,42,water,0.14367617792577142,gr.lagsat,0.06465875786296149,0.4165351729939527,35
H9_25_water,H9,25,water,0.0388902885390081,gr,0.009437030284670125,0.16332390063229052,89
H9_30_water,H9,30,water,0.10049155640383226,gr.lagsat,0.06428467045324275,0.25831581882417864,36
H9_34_water,H9,34,water,0.21925823419179644,gr.lagsat,0.45787561236777774,0.10667568743401179,23
H9_37_water,H9,37,water,0.15797508006956199,gr.lag,0.020356962149652772,0.6404314050997453,52
H9_40.5_water,H9,40.5,water,2.905796009674711,gr.lagsat,0.4013713310940616,0.9162414279269736,26
H9_40_water,H9,40,water,0.10049220443559426,gr.lag,0.02912003912334286,0.29175075198569766,40
H9_41_water,H9,41,water,0.7932425157254296,gr.lag,0.056304424982318975,0.8604811767952403,41
H9_42_water,H9,42,water,0.14425718155017878,gr.lagsat,0.07057615780890414,0.4091330302657198,35
rep1_18_fRS585,rep1,18,fRS585,2.4079679478667173,gr.sat,0.16026877729662567,0.9820662796880856,7
rep2_18_fRS585,rep2,18,fRS585,2.3873475154280435,gr.sat,0.15992151040339966,0.9819032918713588,7
rep3_18_fRS585,rep3,18,fRS585,2.387804342819917,gr.sat,0.1602059307863245,0.9818646174472375,7
rep4_18_fRS585,rep4,18,fRS585,2.375071200945546,gr.sat,0.15964332454568722,0.9818622081806699,7
rep5_18_fRS585,rep5,18,fRS585,2.445571696699299,gr.sat,0.16045679857207285,0.982497310039707,7
rep6_18_fRS585,rep6,18,fRS585,2.35192891520438,gr.sat,0.15582628580463115,0.9824673286834996,7
rep7_18_fRS585,rep7,18,fRS585,2.3434673873167546,gr.sat,0.15457442856005352,0.9826032786516136,7
rep8_18_fRS585,rep8,18,fRS585,2.4239710721177414,gr.sat,0.15816344953146097,0.9827218811791687,7
