population,evolution_history,rep,set,drug,month,ic50,bot,top,slope,converged,ic50_anc,log_ratio
35_B2,35 evolved,Rep1,Set1,amphotericin,March,0.30686311842627945,6.623677168696896e-5,0.8154651307635715,6.932879650641641,TRUE,0.3230710302026399,-0.07425612971976459
35_B2,35 evolved,Rep1,Set1,caspofungin,March,0.01750669087580207,0,0.9021284849168818,4.803974202632736,TRUE,0.013243813268736427,0.4025878358431889
35_B2,35 evolved,Rep1,Set1,fluconazole,March,12.927147231775148,0.08063429560164338,0.8579341510064193,1.8350523007091322,TRUE,12.960616881154408,-0.003730451488447528
35_B2,35 evolved,Rep2,Set1,amphotericin,March,0.33162481721761516,0,0.8485511378551105,10.041999117054514,TRUE,0.29957795936840187,0.14662048993403332
35_B2,35 evolved,Rep2,Set1,caspofungin,March,0.014841917032283918,0,0.9042928551417317,4.582355395393995,TRUE,0.01171517681382457,0.3412987188226104
35_B2,35 evolved,Rep2,Set1,fluconazole,March,15.159950865497809,0.07822652181571496,0.9522167949834649,2.010703617307837,TRUE,11.448941567837421,0.40505084747332143
35_B2,35 evolved,Rep3,Set1,amphotericin,March,0.27649135218399634,0,0.8262575589866538,6.513245173362149,TRUE,0.2855441913427746,-0.04647967898386174
35_B2,35 evolved,Rep3,Set1,caspofungin,March,0.018573102795443604,0,0.7620277022138833,6.738764572974368,TRUE,0.015948210689411393,0.2198202801342557
35_B2,35 evolved,Rep3,Set1,fluconazole,March,18.092847302856654,0.08527361027871451,0.8632666686270888,2.831521299078271,TRUE,16.6323474419738,0.12142766440467145
35_B6,35 evolved,Rep1,Set1,amphotericin,March,0.28920009390263,0,0.7210997144596486,6.286730869793287,TRUE,0.3230710302026399,-0.1597833691290289
35_B6,35 evolved,Rep1,Set1,caspofungin,March,0.009948789507982655,0,0.806675605381541,5.312955311135417,TRUE,0.013243813268736427,-0.4127256692639296
35_B6,35 evolved,Rep1,Set1,fluconazole,March,11.733560585649002,0.07844918566493196,0.9126395148764093,1.6393205754262983,TRUE,12.960616881154408,-0.14349351709405989
35_B6,35 evolved,Rep2,Set1,amphotericin,March,0.29296282655087635,1.6864377044449691e-4,0.8966792144820177,15.050652441403935,TRUE,0.29957795936840187,-0.03221386968575435
35_B6,35 evolved,Rep2,Set1,caspofungin,March,0.013284600976887466,0,0.8941942971498341,5.64817939243286,TRUE,0.01171517681382457,0.18137616639797738
35_B6,35 evolved,Rep2,Set1,fluconazole,March,11.896147915055938,0.09318456179900746,1.0285368319534987,2.2513474324520892,TRUE,11.448941567837421,0.05528026072104719
35_B6,35 evolved,Rep3,Set1,amphotericin,March,0.24953007339473585,2.1666719302875452e-4,0.8746999904725185,31.99768432664138,TRUE,0.2855441913427746,-0.19450033717518367
35_B6,35 evolved,Rep3,Set1,caspofungin,March,0.010073852164085583,0,0.8205526779139228,2.6154208425412624,TRUE,0.015948210689411393,-0.6627791053920928
35_B6,35 evolved,Rep3,Set1,fluconazole,March,15.403646412632796,0.12561999865348156,0.7933000025688618,27.376302560958173,TRUE,16.6323474419738,-0.11071988897420404
35_B8,35 evolved,Rep1,Set1,caspofungin,March,0.015965829416195232,4.999808053240962e-5,0.811200005217019,27.313015502084927,TRUE,0.013243813268736427,0.2696689273818693
35_B8,35 evolved,Rep1,Set1,fluconazole,March,8.936115738300535,0.10362559063680579,0.999410342159704,1.9539705354328385,TRUE,12.960616881154408,-0.5364146107451395
35_B8,35 evolved,Rep2,Set1,amphotericin,March,0.31131947442544783,1.1595457191261142e-5,0.9243125437061457,7.048369850774796,TRUE,0.29957795936840187,0.05546434131016298
35_B8,35 evolved,Rep2,Set1,caspofungin,March,0.007290324224944742,0,0.9067170137250636,2.148072152431202,TRUE,0.01171517681382457,-0.6843238460161052
35_B8,35 evolved,Rep2,Set1,fluconazole,March,13.230868292762604,0.08909811078750056,0.9211167197095044,2.3682606479279182,TRUE,11.448941567837421,0.20869351327872554
35_B8,35 evolved,Rep3,Set1,amphotericin,March,0.28395056577612504,0,0.8488979507440352,9.9554842903897,TRUE,0.2855441913427746,-0.008074250638667735
35_B8,35 evolved,Rep3,Set1,caspofungin,March,0.015463404443902411,0,0.8282678578011671,3.644215291221575,TRUE,0.015948210689411393,-0.044536589889585976
35_B8,35 evolved,Rep3,Set1,fluconazole,March,15.130271846738928,0.09356500638123291,0.8522634732601579,2.6167658757252554,TRUE,16.6323474419738,-0.1365538920511713
35_C5,35 evolved,Rep1,Set1,amphotericin,March,0.3093806961500367,5.381904490787771e-4,0.9401279080134226,8.032580167269902,TRUE,0.3230710302026399,-0.06246820741312997
35_C5,35 evolved,Rep1,Set1,caspofungin,March,0.015897964442618255,0,0.9046400038894195,24.962471181317817,TRUE,0.013243813268736427,0.2635234815941301
35_C5,35 evolved,Rep1,Set1,fluconazole,March,13.376883833714603,0.08040087617780475,0.9328104738252702,2.0852112667626264,TRUE,12.960616881154408,0.045607689802844575
35_C5,35 evolved,Rep2,Set1,amphotericin,March,0.288245701289415,0,0.959939191471882,6.190530679781524,TRUE,0.29957795936840187,-0.0556323927331317
35_C5,35 evolved,Rep2,Set1,caspofungin,March,0.010893907922977128,0,0.95400048227292,4.896955079297731,TRUE,0.01171517681382457,-0.10485715009324714
35_C5,35 evolved,Rep2,Set1,fluconazole,March,14.045096010542387,0.09643745138886756,0.9136484600193945,3.376114414946936,TRUE,11.448941567837421,0.2948522564193956
35_C5,35 evolved,Rep3,Set1,amphotericin,March,0.25601218905363293,2.3332604397855827e-4,0.8205800007509285,24.979504165619993,TRUE,0.2855441913427746,-0.15750153666067201
35_C5,35 evolved,Rep3,Set1,caspofungin,March,0.014454071937226653,0,0.9525832048749336,3.8820257397216684,TRUE,0.015948210689411393,-0.14191859014839814
35_C5,35 evolved,Rep3,Set1,fluconazole,March,15.439228865000013,0.11627285316646191,0.7781006811593608,6.290238933916889,TRUE,16.6323474419738,-0.10739110397051022
35_C7,35 evolved,Rep1,Set1,amphotericin,March,0.44654313621122893,0,0.8766666609833103,31.575318383447634,TRUE,0.3230710302026399,0.4669481570273155
35_C7,35 evolved,Rep1,Set1,caspofungin,March,0.01568381310451885,6.666459765648113e-5,0.8661799856450146,26.90656425158896,TRUE,0.013243813268736427,0.2439577805571327
35_C7,35 evolved,Rep1,Set1,fluconazole,March,12.878844192691137,0.10734584208336417,0.9023956604054795,3.329278982835733,TRUE,12.960616881154408,-0.00913126211289983
35_C7,35 evolved,Rep2,Set1,amphotericin,March,0.36504485862105146,0,0.8229886112547284,5.861785904109075,TRUE,0.29957795936840187,0.2851422754502153
35_C7,35 evolved,Rep2,Set1,caspofungin,March,0.011886571658548348,0,0.9161902437196987,4.488096650056041,TRUE,0.01171517681382457,0.02095394242754267
35_C7,35 evolved,Rep2,Set1,fluconazole,March,16.11028002631266,0.11219176778145358,0.9733137071258463,3.4471195587728984,TRUE,11.448941567837421,0.49276734079323736
35_C7,35 evolved,Rep3,Set1,amphotericin,March,0.2885718514250218,0,0.8122361541047747,8.02657746220227,TRUE,0.2855441913427746,0.015216542838049962
35_C7,35 evolved,Rep3,Set1,caspofungin,March,0.01588163440652653,0,0.8763200165901733,28.620258773656772,TRUE,0.015948210689411393,-0.00603517943231946
35_C7,35 evolved,Rep3,Set1,fluconazole,March,12.810416152197329,0.10395723548758046,0.9203874979072814,3.4516439366693854,TRUE,16.6323474419738,-0.3766744578039969
35_C9,35 evolved,Rep1,Set1,amphotericin,March,0.45199991186401217,1.7999890875200651e-4,0.7138833470019674,29.82571848840279,TRUE,0.3230710302026399,0.4844711014696883
35_C9,35 evolved,Rep1,Set1,caspofungin,March,0.015523095115711474,0,0.8932885357677414,2.428469210530912,TRUE,0.013243813268736427,0.22909766729055914
35_C9,35 evolved,Rep1,Set1,fluconazole,March,13.018219301242148,0.09058240076586187,0.8771672241202085,1.9446262042872873,TRUE,12.960616881154408,0.006397735557348572
35_C9,35 evolved,Rep2,Set1,amphotericin,March,0.3076892401467735,0,0.8944271004325356,3.7733205672475743,TRUE,0.29957795936840187,0.03854250834646522
35_C9,35 evolved,Rep2,Set1,caspofungin,March,0.012483553574276557,7.641602975081207e-5,0.8432825957653359,9.02448946215358,TRUE,0.01171517681382457,0.09164994236682045
35_C9,35 evolved,Rep2,Set1,fluconazole,March,13.41410658554758,0.08240695893692639,0.9084988139344312,1.7804221118557184,TRUE,11.448941567837421,0.22853674038528027
35_C9,35 evolved,Rep3,Set1,amphotericin,March,0.2692285993370393,5.833086687773116e-4,0.8360999978890373,25.07902472954476,TRUE,0.2855441913427746,-0.0848823657932174
35_C9,35 evolved,Rep3,Set1,caspofungin,March,0.015564445728875696,9.999941073860315e-5,1.0345400094329196,28.923034597139573,TRUE,0.015948210689411393,-0.03514036841556489
35_C9,35 evolved,Rep3,Set1,fluconazole,March,16.880529314972367,0.09566495974733936,0.9802554260776717,2.4364395640430687,TRUE,16.6323474419738,0.021368341827755266
35_D2,35 evolved,Rep1,Set2,amphotericin,March,0.4484623987187384,0,0.8175166740462289,28.05359794186252,TRUE,0.3652090062140161,0.29626468435353503
35_D2,35 evolved,Rep1,Set2,caspofungin,March,0.01018125127344839,0,0.8484851959503287,3.4020899264915028,TRUE,0.010731556404463853,-0.07594444704984937
35_D2,35 evolved,Rep1,Set2,fluconazole,March,12.688721144722528,0.09555242649082629,0.811822473217936,2.1229343440522848,TRUE,1.9170750269422532,2.726567967168168
35_D2,35 evolved,Rep2,Set2,amphotericin,March,0.3157733328686496,2.2238922554546802e-4,0.8163244862620599,8.50322366340467,TRUE,0.2905439441534606,0.12013295572214044
35_D2,35 evolved,Rep2,Set2,caspofungin,March,0.015082297288008353,0,0.8680999984855949,29.65724390691107,TRUE,0.01473640619506804,0.033471458496252104
35_D2,35 evolved,Rep2,Set2,fluconazole,March,17.9915505691884,0.0975065035060619,0.8365112810889747,2.900177145211937,TRUE,12.087341717815294,0.5738225300858839
35_D2,35 evolved,Rep3,Set2,amphotericin,March,0.25860819378975736,2.3330833733557454e-4,0.8291400026688729,23.587691036548478,TRUE,0.17527470094111222,0.5611502132133948
35_D2,35 evolved,Rep3,Set2,caspofungin,March,0.014466018789040245,0,0.7390004291172878,4.361383019906557,TRUE,0.014222979125228805,0.024444249119023098
35_D2,35 evolved,Rep3,Set2,fluconazole,March,11.305563425510636,0.08299467944531294,0.9314429607858572,1.4226186313389622,TRUE,4.801501961553425,1.235475220116025
35_D4,35 evolved,Rep1,Set2,fluconazole,March,1.9769034259541718,0,0.6870580117244879,4.081045184541356,TRUE,1.9170750269422532,0.04433559580214941
35_D4,35 evolved,Rep2,Set2,fluconazole,March,2.1654815562650254,0,0.6884322970712105,4.582181417838314,TRUE,12.087341717815294,-2.4807372080019685
35_D4,35 evolved,Rep3,Set2,fluconazole,March,1.7017631323073144,6.02112068628392e-4,0.6014645153193393,4.251757302871802,TRUE,4.801501961553425,-1.4964555241042454
35_D8,35 evolved,Rep1,Set2,amphotericin,March,0.29571354546935813,0,0.9441123827754389,6.335545527377285,TRUE,0.3652090062140161,-0.30452201411973356
35_D8,35 evolved,Rep1,Set2,caspofungin,March,0.008538549505074646,0,0.8298147437511509,7.3107435388737905,TRUE,0.010731556404463853,-0.32979640978886415
35_D8,35 evolved,Rep1,Set2,fluconazole,March,13.624976048778969,0.08179259734144412,0.8011871306954316,4.200412866372187,TRUE,1.9170750269422532,2.829274989033406
35_D8,35 evolved,Rep2,Set2,amphotericin,March,0.2914605911611105,0,0.8574257710105483,5.503185181801618,TRUE,0.2905439441534606,0.004544442888024136
35_D8,35 evolved,Rep2,Set2,caspofungin,March,0.009406641919818305,4.742568528465077e-4,0.8290630200410548,7.405670727263847,TRUE,0.01473640619506804,-0.6476330418120533
35_D8,35 evolved,Rep2,Set2,fluconazole,March,13.982538080119083,0.09626254064961039,0.8997054651275905,3.5650478927803633,TRUE,12.087341717815294,0.21012926145238664
35_D8,35 evolved,Rep3,Set2,amphotericin,March,0.24707726459166646,0,0.9111498199085342,4.691233740819655,TRUE,0.17527470094111222,0.49534449044754725
35_D8,35 evolved,Rep3,Set2,caspofungin,March,0.01543899376884066,0,0.8444200086760159,28.43686705235768,TRUE,0.014222979125228805,0.11835504702604727
35_D8,35 evolved,Rep3,Set2,fluconazole,March,14.43479819786372,0.10165547795602176,0.7609092014454678,3.4353778640230592,TRUE,4.801501961553425,1.5879932663722989
35_E11,35 evolved,Rep1,Set2,amphotericin,March,0.2863769881588744,2.765955108654107e-4,0.9166210710304366,5.999277478504904,TRUE,0.3652090062140161,-0.35080677384457104
35_E11,35 evolved,Rep1,Set2,caspofungin,March,0.011203472459726877,0,0.6406558314464869,4.245442477876195,TRUE,0.010731556404463853,0.06208663138863457
35_E11,35 evolved,Rep1,Set2,fluconazole,March,12.526168855373564,0.08275407767184166,0.8792003048601524,4.1749123930237655,TRUE,1.9170750269422532,2.7079665272590683
35_E11,35 evolved,Rep2,Set2,amphotericin,March,0.35984306208377975,4.3892223677634566e-4,0.8747387741355542,11.166244276843766,TRUE,0.2905439441534606,0.3086114582022639
35_E11,35 evolved,Rep2,Set2,caspofungin,March,0.01460220379033254,3.6666620686685684e-4,0.8342799896936739,30.066519621617804,TRUE,0.01473640619506804,-0.013198613995538011
35_E11,35 evolved,Rep2,Set2,fluconazole,March,12.54515457760328,0.088363801417787,0.8819083506887968,3.1360930868730956,TRUE,12.087341717815294,0.05363324938902636
35_E11,35 evolved,Rep3,Set2,amphotericin,March,0.253398860370615,5.499977767089892e-4,0.8012599969736182,27.04052265998819,TRUE,0.17527470094111222,0.5317922628795229
35_E11,35 evolved,Rep3,Set2,caspofungin,March,0.014879933237254672,2.499970180635234e-4,0.9459800116864416,26.323718706885813,TRUE,0.014222979125228805,0.06514437194253286
35_E11,35 evolved,Rep3,Set2,fluconazole,March,17.250364246477858,0.08344178354059291,0.8456372763447711,2.279292296733492,TRUE,4.801501961553425,1.8450691530390975
35_E7,35 evolved,Rep1,Set2,amphotericin,March,0.3040468646063058,0,1.0111215448556465,6.368584406574951,TRUE,0.3652090062140161,-0.2644286310170729
35_E7,35 evolved,Rep1,Set2,caspofungin,March,0.010349336987818068,0,0.7332679396004549,5.912943572450759,TRUE,0.010731556404463853,-0.05232097930054902
35_E7,35 evolved,Rep1,Set2,fluconazole,March,13.675611431678835,0.07748905797302466,0.8173284515759534,2.9392235503570086,TRUE,1.9170750269422532,2.834626632079356
35_E7,35 evolved,Rep2,Set2,amphotericin,March,0.28490077843753664,0.002218594491050846,0.9245818999595278,9.476024532599252,TRUE,0.2905439441534606,-0.028296821130044503
35_E7,35 evolved,Rep2,Set2,caspofungin,March,0.009121427479302746,0.0017267985423156345,0.7774880082521817,7.365157960368937,TRUE,0.01473640619506804,-0.6920532084774322
35_E7,35 evolved,Rep2,Set2,fluconazole,March,14.145621669079361,0.08298076934330778,0.8651130823018301,2.4719269369310086,TRUE,12.087341717815294,0.2268585834936756
35_E7,35 evolved,Rep3,Set2,amphotericin,March,0.24973327699316558,0,0.9510645341977468,7.132763217601471,TRUE,0.17527470094111222,0.5107703001108992
35_E7,35 evolved,Rep3,Set2,caspofungin,March,0.011853588424047273,0,0.8518723963573372,3.0421622612103545,TRUE,0.014222979125228805,-0.26289981072673996
35_E7,35 evolved,Rep3,Set2,fluconazole,March,13.424774877518031,0.07510714659572358,0.8748855175797937,2.276812184584729,TRUE,4.801501961553425,1.4833402234986712
35_E9,35 evolved,Rep1,Set2,amphotericin,March,0.2940114802370865,0,0.9528774265101058,4.997560481006603,TRUE,0.3652090062140161,-0.3128498543207321
35_E9,35 evolved,Rep1,Set2,caspofungin,March,0.011078226290522578,0,0.8185576021184905,4.361664572677644,TRUE,0.010731556404463853,0.04586758702293103
35_E9,35 evolved,Rep1,Set2,fluconazole,March,13.929891902625027,0.06799552173278595,0.8685075921281217,3.106587625940159,TRUE,1.9170750269422532,2.861205357764719
35_E9,35 evolved,Rep2,Set2,amphotericin,March,0.3547766853231621,7.443735444016814e-5,0.9325695141522268,10.899114218875212,TRUE,0.2905439441534606,0.28815481921784336
35_E9,35 evolved,Rep2,Set2,caspofungin,March,0.011201225977638693,2.562156134393272e-4,0.7419551688324291,8.264883310750177,TRUE,0.01473640619506804,-0.39572808926914504
35_E9,35 evolved,Rep2,Set2,fluconazole,March,11.778317162407062,0.09334989187265585,0.8925795039855021,2.5235714855897107,TRUE,12.087341717815294,-0.037363570371201416
35_E9,35 evolved,Rep3,Set2,amphotericin,March,0.28632884740262143,0,0.8714689124572831,7.851033729549928,TRUE,0.17527470094111222,0.7080552547575221
35_E9,35 evolved,Rep3,Set2,caspofungin,March,0.015418243780383478,6.666643221393607e-5,0.9339400100434933,29.87397361212086,TRUE,0.014222979125228805,0.11641476252001048
35_E9,35 evolved,Rep3,Set2,fluconazole,March,18.708736893407874,0.0854903852240604,0.893056707134472,3.129763382432842,TRUE,4.801501961553425,1.9621544872730965
35_F2,35 evolved,Rep1,Set3,amphotericin,March,0.1481216409299046,0,0.7871574757755755,5.051607709568778,TRUE,0.1481693862045639,-4.6496090171421756e-4
35_F2,35 evolved,Rep1,Set3,caspofungin,March,0.013499228435513523,0,0.9689562364022563,2.5927536786205323,TRUE,0.011378641418425529,0.24654863696239637
35_F2,35 evolved,Rep1,Set3,fluconazole,March,16.647604520149564,0.11216209266861712,0.8392569294021686,2.521381636073059,TRUE,18.279246235025568,-0.13489198250856305
35_F2,35 evolved,Rep2,Set3,amphotericin,March,0.14771246262648674,4.484245691839876e-4,0.8844162825484979,5.3963070149883485,TRUE,0.09058343949998512,0.7054723272326693
35_F2,35 evolved,Rep2,Set3,caspofungin,March,0.01630444295341094,0,0.9623200006884151,25.235241369594533,TRUE,0.015027134778114556,0.11769519478895951
35_F2,35 evolved,Rep2,Set3,fluconazole,March,15.829901036466055,0.09905569248289003,0.87401127189005,2.9563694157604767,TRUE,16.447783493174096,-0.05524094293632276
35_F2,35 evolved,Rep3,Set3,amphotericin,March,0.1514738291690151,0,0.8971459826183336,8.790036768368013,TRUE,0.10751494805039002,0.4945312991953199
35_F2,35 evolved,Rep3,Set3,caspofungin,March,0.016649240201394924,0,0.8667829795871643,3.948110438951756,TRUE,0.014348285105057325,0.21457802298914963
35_F2,35 evolved,Rep3,Set3,fluconazole,March,22.7527854239711,0.10581967597480244,0.8651742222908508,4.139122774466707,TRUE,7.203146365907107,1.659344047766829
35_F4,35 evolved,Rep1,Set3,amphotericin,March,0.14078146607324893,0.0011033042079542238,0.8576456726986212,5.644027019711377,TRUE,0.1481693862045639,-0.0737899829665416
35_F4,35 evolved,Rep1,Set3,caspofungin,March,0.015007727381669028,0,0.946445443471413,3.4353990164392965,TRUE,0.011378641418425529,0.399377212647682
35_F4,35 evolved,Rep1,Set3,fluconazole,March,17.00078201392819,0.11821295164362267,0.8973027559618123,2.700437901296733,TRUE,18.279246235025568,-0.10460547050333702
35_F4,35 evolved,Rep2,Set3,amphotericin,March,0.1776927392092513,4.60050492562754e-6,0.8828957023835443,7.560577221379596,TRUE,0.09058343949998512,0.9720655064800314
35_F4,35 evolved,Rep2,Set3,caspofungin,March,0.011107943678523791,0,0.8983290662250026,5.584236530193574,TRUE,0.015027134778114556,-0.4359781897163968
35_F4,35 evolved,Rep2,Set3,fluconazole,March,15.096404364851217,0.0976799995679293,0.9549333312676547,28.04190744723222,TRUE,16.447783493174096,-0.12368820727929242
35_F4,35 evolved,Rep3,Set3,amphotericin,March,0.13719245885048525,0,0.7726971083413381,5.450014815399988,TRUE,0.10751494805039002,0.35166392714052597
35_F4,35 evolved,Rep3,Set3,caspofungin,March,0.01644637222880971,0,0.8920399861214111,23.083925841634066,TRUE,0.014348285105057325,0.19689106920517663
35_F4,35 evolved,Rep3,Set3,fluconazole,March,24.471199773421215,0.11756557966852964,0.8337666327415908,4.444750102012631,TRUE,7.203146365907107,1.7643857107134626
35_F6,35 evolved,Rep1,Set3,amphotericin,March,0.12379849249428829,0,0.90410960420076,2.5692076860279704,TRUE,0.1481693862045639,-0.2592536513337973
35_F6,35 evolved,Rep1,Set3,caspofungin,March,0.015250735192026818,0,0.9559400003587126,29.143727029135015,TRUE,0.011378641418425529,0.42255047862018547
35_F6,35 evolved,Rep1,Set3,fluconazole,March,11.019770573007731,0.08611375728505949,0.8680089596942726,2.1189767718049404,TRUE,18.279246235025568,-0.7301123925765443
35_F6,35 evolved,Rep2,Set3,amphotericin,March,0.12732191475733348,0.007480473708800742,0.9249868169625337,9.091370466627867,TRUE,0.09058343949998512,0.4911615331051675
35_F6,35 evolved,Rep2,Set3,caspofungin,March,0.010844274500019574,0,0.9832189948413607,4.996180783208368,TRUE,0.015027134778114556,-0.47063641945117407
35_F6,35 evolved,Rep2,Set3,fluconazole,March,14.437730261133565,0.07352947967289258,1.0102360080978823,2.3467777692534826,TRUE,16.447783493174096,-0.18804922353335707
35_F6,35 evolved,Rep3,Set3,amphotericin,March,0.13319003096779777,1.6887863047290288e-4,0.963807291281065,7.957228189652991,TRUE,0.10751494805039002,0.30894884837571857
35_F6,35 evolved,Rep3,Set3,caspofungin,March,0.014726560801566695,0,0.8627496753515183,5.452711620010266,TRUE,0.014348285105057325,0.0375422293716694
35_F6,35 evolved,Rep3,Set3,fluconazole,March,15.246846223484722,0.09246367299830857,0.9362117493742832,2.576767030937629,TRUE,7.203146365907107,1.0818117303902195
35_G11,35 evolved,Rep1,Set3,amphotericin,March,0.13409434075079504,0,0.914436256393448,4.798845387174651,TRUE,0.1481693862045639,-0.14399904640072458
35_G11,35 evolved,Rep1,Set3,caspofungin,March,0.014193853036418808,0,0.9509071024257676,5.655098349486298,TRUE,0.011378641418425529,0.3189379601067506
35_G11,35 evolved,Rep1,Set3,fluconazole,March,11.877885822476554,0.06711257114381428,0.9371187326658121,1.6348586197327621,TRUE,18.279246235025568,-0.6219285107576336
35_G11,35 evolved,Rep2,Set3,amphotericin,March,0.07276668410480519,0,0.9612928030529302,1.9145782009449823,TRUE,0.09058343949998512,-0.31596925007499044
35_G11,35 evolved,Rep2,Set3,caspofungin,March,0.010476227258460138,0,0.7303205014106429,6.339202434203102,TRUE,0.015027134778114556,-0.5204506957925741
35_G11,35 evolved,Rep2,Set3,fluconazole,March,13.199598077093292,0.06483618997654676,0.8661264104606015,2.147160121664526,TRUE,16.447783493174096,-0.3173991784474146
35_G11,35 evolved,Rep3,Set3,amphotericin,March,0.09887641616008064,0,0.832070629091826,2.8196581168008494,TRUE,0.10751494805039002,-0.12083889708391027
35_G11,35 evolved,Rep3,Set3,caspofungin,March,0.018384892696919525,0,0.6439370482201082,10.409676495069023,TRUE,0.014348285105057325,0.3576424387941879
35_G11,35 evolved,Rep3,Set3,fluconazole,March,12.788742877031819,0.07676015486624133,0.7207418301061693,3.4388719800967213,TRUE,7.203146365907107,0.8281753305891644
35_G5,35 evolved,Rep1,Set3,amphotericin,March,0.14711064490569722,0,0.9553568657805537,5.01842753617477,TRUE,0.1481693862045639,-0.010345754580459499
35_G5,35 evolved,Rep1,Set3,caspofungin,March,0.015039134857827688,1.666487823335781e-5,0.9217400027934911,26.791291244457458,TRUE,0.011378641418425529,0.4023932631252629
35_G5,35 evolved,Rep1,Set3,fluconazole,March,19.476514242014833,0.08533073736342389,0.8667925403913419,2.5624823401650403,TRUE,18.279246235025568,0.09152891747325409
35_G5,35 evolved,Rep2,Set3,amphotericin,March,0.15939250802628246,0,0.9055247237103462,4.803473458550862,TRUE,0.09058343949998512,0.815264594079034
35_G5,35 evolved,Rep2,Set3,caspofungin,March,0.015066045295099115,0,0.8285999960009761,29.342222312231122,TRUE,0.015027134778114556,0.0037308148250998485
35_G5,35 evolved,Rep2,Set3,fluconazole,March,19.045744013470546,0.07886274603643166,0.9011201405701229,2.285183141142524,TRUE,16.447783493174096,0.21157546807195882
35_G5,35 evolved,Rep3,Set3,amphotericin,March,0.146065969509739,0,0.907590380004259,6.78523394986689,TRUE,0.10751494805039002,0.4420828428297079
35_G5,35 evolved,Rep3,Set3,caspofungin,March,0.016098905258982235,0,0.854639453309783,5.6444605104691625,TRUE,0.014348285105057325,0.1660842695179925
35_G5,35 evolved,Rep3,Set3,fluconazole,March,22.37316789517713,0.06052566702575209,0.8095623622319176,3.1388128934756234,TRUE,7.203146365907107,1.635070422245413
35_G9,35 evolved,Rep1,Set3,amphotericin,March,0.14261858858567797,0,0.9709323736874707,4.266806735634066,TRUE,0.1481693862045639,-0.055085366501837374
35_G9,35 evolved,Rep1,Set3,caspofungin,March,0.014826399607874446,0,0.9395720625800388,6.034748784308561,TRUE,0.011378641418425529,0.38183998748227577
35_G9,35 evolved,Rep1,Set3,fluconazole,March,17.082815093486204,0.08609964674578822,0.8673469734777017,2.7535922495692997,TRUE,18.279246235025568,-0.0976608428445962
35_G9,35 evolved,Rep2,Set3,amphotericin,March,0.10915379027403022,0,0.9527144602288076,2.189855037792639,TRUE,0.09058343949998512,0.2690430021600183
35_G9,35 evolved,Rep2,Set3,caspofungin,March,0.012251804596063837,8.235085840421985e-5,0.8695482767728201,7.969324181934318,TRUE,0.015027134778114556,-0.2945756942937434
35_G9,35 evolved,Rep2,Set3,fluconazole,March,15.980917952675666,0.10319851912098402,0.847776160802718,9.991936307991148,TRUE,16.447783493174096,-0.04154289932763655
35_G9,35 evolved,Rep3,Set3,amphotericin,March,0.1293893426613164,0,0.880543111081483,6.693889014391621,TRUE,0.10751494805039002,0.26718153761108043
35_G9,35 evolved,Rep3,Set3,caspofungin,March,0.0164289108809822,9.996605534090128e-5,0.8006600027667945,23.576926017022362,TRUE,0.014348285105057325,0.19535852560987088
35_G9,35 evolved,Rep3,Set3,fluconazole,March,15.088749785598427,0.09870575691053168,0.8297137619638968,3.514674211588321,TRUE,7.203146365907107,1.0667741480160617
40_B2,40 evolved,Rep1,Plate1,fluconazole,February,19.396489328891032,0.021510318414066195,1.030674584105552,2.4916309180548337,TRUE,27.72601745968614,-0.5154448486460836
40_B2,40 evolved,Rep1,Set1,amphotericin,January,1.9642028929129802,0.0016333315848589972,1.1287250039403087,28.65966351506984,TRUE,1.900500760447992,0.04756435849051888
40_B2,40 evolved,Rep1,Set1,caspofungin,January,0.021413613968500583,3.805995096162716e-4,1.1184395977270944,14.137452118290064,TRUE,0.025414762769768104,-0.24713846479832213
40_B2,40 evolved,Rep2,Plate1,fluconazole,February,16.53250377227793,0.02848048317644515,1.068325741664695,2.5490470686752538,TRUE,25.489513137901344,-0.6245985866871502
40_B2,40 evolved,Rep2,Set1,amphotericin,January,1.6749508460781801,0,1.1069353897539462,5.817448102409864,TRUE,1.8730394871393123,-0.16126255642180998
40_B2,40 evolved,Rep2,Set1,caspofungin,January,0.029301333553692542,0,1.0708373707930692,5.670026140232201,TRUE,0.025640289839203082,0.19255375530449204
40_B2,40 evolved,Rep3,Plate1,fluconazole,February,21.97925631188303,0.0345541493806139,0.9396174560894395,5.282943626608779,TRUE,28.361293525804843,-0.3677807615158679
40_B2,40 evolved,Rep3,Set1,amphotericin,January,1.8612176562661509,0.001999998034047779,1.112137503062638,25.856756894935803,TRUE,1.478971118308755,0.3316528988349793
40_B2,40 evolved,Rep3,Set1,caspofungin,January,0.03062881654163543,5.199996502304007e-4,1.1282833514217856,29.36976196603022,TRUE,0.004439944085689679,2.78627621085621
40_B6,40 evolved,Rep1,Plate1,fluconazole,February,28.52209888151462,0.016321878674848432,0.9239306379738853,3.8777726021904013,TRUE,27.72601745968614,0.040839746758936535
40_B6,40 evolved,Rep1,Set1,amphotericin,January,0.9055855668296344,0,0.8463737585072948,2.5965541676578106,TRUE,1.900500760447992,-1.0694567325904525
40_B6,40 evolved,Rep1,Set1,caspofungin,January,0.02789778212109918,8.59995006050997e-4,0.8915333220535032,32.62598706580792,TRUE,0.025414762769768104,0.13448366785542998
40_B6,40 evolved,Rep2,Plate1,fluconazole,February,25.095376480385397,0.029538423516989064,0.8547230434941339,8.045689768718269,TRUE,25.489513137901344,-0.022482227901537755
40_B6,40 evolved,Rep2,Set1,amphotericin,January,0.7242946282037772,0,0.9196234878393671,2.3689134729052066,TRUE,1.8730394871393123,-1.3707327340073068
40_B6,40 evolved,Rep2,Set1,caspofungin,January,0.017274276583980976,9.653458147217736e-4,0.8762594182739211,10.526201158814256,TRUE,0.025640289839203082,-0.5697872759775384
40_B6,40 evolved,Rep3,Plate1,fluconazole,February,22.132391344171413,0.01666228601386037,0.7928434044751265,3.986861506323918,TRUE,28.361293525804843,-0.3577639949284128
40_B6,40 evolved,Rep3,Set1,amphotericin,January,0.6978308855890439,0,0.7962342166165062,2.4823894709208676,TRUE,1.478971118308755,-1.0836445225272222
40_B6,40 evolved,Rep3,Set1,caspofungin,January,0.017413097928852272,0.005131599823201826,0.8274690357052801,4.645053469304994,TRUE,0.004439944085689679,1.971559479501833
40_B8,40 evolved,Rep1,Plate1,fluconazole,February,23.06797204965537,0.05870116205163611,1.0101189432644508,4.3653091244991495,TRUE,27.72601745968614,-0.2653492243704756
40_B8,40 evolved,Rep1,Set1,amphotericin,January,1.5826756172384775,0,1.112241304588209,3.3672180586388984,TRUE,1.900500760447992,-0.264014009250514
40_B8,40 evolved,Rep1,Set1,caspofungin,January,0.016109068407125077,0.006531656762883233,1.0864403518660106,17.616303926474146,TRUE,0.025414762769768104,-0.6577936993174847
40_B8,40 evolved,Rep2,Plate1,fluconazole,February,25.33485217050158,0.05925431518202069,1.0043018454807613,4.740032575338643,TRUE,25.489513137901344,-0.008780406723059464
40_B8,40 evolved,Rep2,Set1,amphotericin,January,1.4159872498702177,0,1.1123344868711997,3.887748594239106,TRUE,1.8730394871393123,-0.40357303972168324
40_B8,40 evolved,Rep2,Set1,caspofungin,January,0.01812430146639936,0.0027390198700044544,1.099868482653483,5.81393681294909,TRUE,0.025640289839203082,-0.5004871774508564
40_B8,40 evolved,Rep3,Plate1,fluconazole,February,19.156077581218874,0.01992483799197212,0.9819708522466385,1.776615575239734,TRUE,28.361293525804843,-0.5661211501848209
40_B8,40 evolved,Rep3,Set1,amphotericin,January,1.367499509786993,0,1.060744705933334,4.430366150829427,TRUE,1.478971118308755,-0.11305356357920276
40_B8,40 evolved,Rep3,Set1,caspofungin,January,0.01877341977397074,9.171925925668132e-4,0.9791634286932672,9.252848997667455,TRUE,0.004439944085689679,2.0800780627744997
40_C5,40 evolved,Rep1,Plate1,fluconazole,February,25.79113264743279,0.02790974988488552,0.87211752986048785,7.136578505399053,TRUE,27.72601745968614,-0.10436527169506515
40_C5,40 evolved,Rep1,Set1,amphotericin,January,2.002016336484274,0,1.1025609372599614,2.819965915599927,TRUE,1.900500760447992,0.07507414416975489
40_C5,40 evolved,Rep1,Set1,caspofungin,January,0.01768213401718741,8.105129974531667e-4,1.063943140182079,13.331711802750283,TRUE,0.025414762769768104,-0.5233743633589159
40_C5,40 evolved,Rep2,Plate1,fluconazole,February,25.640710943655804,0.010020921513979252,1.02480044943311,3.4791066762232346,TRUE,25.489513137901344,0.008532446876465372
40_C5,40 evolved,Rep2,Set1,amphotericin,January,1.6223900907023547,0,1.1541010845104038,4.35011292442435,TRUE,1.8730394871393123,-0.20726056885178734
40_C5,40 evolved,Rep2,Set1,caspofungin,January,0.02856800927747025,6.60001349162011e-4,1.1246500167941924,31.63135416965737,TRUE,0.025640289839203082,0.15598793720189885
40_C5,40 evolved,Rep3,Plate1,fluconazole,February,20.45519853017685,0,1.0173862648222325,1.651165548778694,TRUE,28.361293525804843,-0.47145579420154426
40_C5,40 evolved,Rep3,Set1,amphotericin,January,1.7573629122179522,0,1.100130720964724,6.631509034945109,TRUE,1.478971118308755,0.24881827298333337
40_C5,40 evolved,Rep3,Set1,caspofungin,January,0.01727762473655931,0,0.9566717125411752,4.742310526083668,TRUE,0.004439944085689679,1.9602914815340968
40_C7,40 evolved,Rep1,Plate1,fluconazole,February,29.41077080532088,0.03114999667656031,0.8650428978235242,24.430919930699588,TRUE,27.72601745968614,0.08510419142116188
40_C7,40 evolved,Rep1,Set1,amphotericin,January,0.8081289518965102,0,0.9266712175668543,3.1030731970878582,TRUE,1.900500760447992,-1.2337221773739755
40_C7,40 evolved,Rep2,Plate1,fluconazole,February,24.43393718382523,0.029384839874185477,0.7978229416865281,5.880568267654629,TRUE,25.489513137901344,-0.061017465183050845
40_C7,40 evolved,Rep2,Set1,amphotericin,January,0.6700096223825474,0,0.8545812883844784,1.9817158856991028,TRUE,1.8730394871393123,-1.4831275944019944
40_C7,40 evolved,Rep2,Set1,caspofungin,January,0.016015334988744245,5.99997346010367e-4,1.0085000041980727,26.448940125159805,TRUE,0.025640289839203082,-0.6789585954320305
40_C7,40 evolved,Rep3,Plate1,fluconazole,February,23.677054047305678,0.02521070737606102,0.9350530583416489,4.1859280635270295,TRUE,28.361293525804843,-0.2604337449824108
40_C7,40 evolved,Rep3,Set1,amphotericin,January,0.8621595104933735,0.08573812136031268,0.9196358419937601,5.217704362713835,TRUE,1.478971118308755,-0.7785671633443692
40_C7,40 evolved,Rep3,Set1,caspofungin,January,0.015954405076085844,6.166609338747085e-4,0.8235599822364987,25.5900923582539,TRUE,0.004439944085689679,1.845341399692284
40_C9,40 evolved,Rep1,Plate1,fluconazole,February,65.29707152684313,0,0.9473328385869448,1.2891569085008168,TRUE,27.72601745968614,1.2357778867350016
40_C9,40 evolved,Rep1,Set1,amphotericin,January,1.8435338925095808,0,1.0174000025237384,5.03624115644815,TRUE,1.900500760447992,-0.043905662515982935
40_C9,40 evolved,Rep1,Set1,caspofungin,January,0.02695516193384917,1.8874158099601475e-4,0.950856326899199,7.505790531456658,TRUE,0.025414762769768104,0.08489481239160934
40_C9,40 evolved,Rep1,Set4,amphotericin,March,0.5225074656019982,0,0.8796982225203437,5.651636405600606,TRUE,0.3533011628962256,0.5645531527205003
40_C9,40 evolved,Rep1,Set4,caspofungin,March,0.01577956524065415,0,0.9091200069731822,29.499796936942253,TRUE,0.014057203970631427,0.1667477910791746
40_C9,40 evolved,Rep1,Set4,fluconazole,March,31.87428848163147,0.09189013366501139,0.9174448122348186,2.2199962860192226,TRUE,12.072223355682658,1.4007017341455001
40_C9,40 evolved,Rep2,Plate1,fluconazole,February,30.53714918808924,0.09546283081259191,0.9471976751761102,2.535159048609507,TRUE,25.489513137901344,0.26066156740690793
40_C9,40 evolved,Rep2,Set1,amphotericin,January,1.5726410664265427,0,0.8815814739098,5.921018094799441,TRUE,1.8730394871393123,-0.25219188144956817
40_C9,40 evolved,Rep2,Set1,caspofungin,January,0.029338675460970066,7.199994537277361e-4,1.0044499788643735,29.760348454600823,TRUE,0.025640289839203082,0.194391169473894
40_C9,40 evolved,Rep2,Set4,amphotericin,March,0.40967055484115505,0,0.970493447955076,7.197529981605522,TRUE,0.33397371289648337,0.2947296500289276
40_C9,40 evolved,Rep2,Set4,caspofungin,March,0.016335610442362522,2.9998501923217624e-4,0.9668999936672626,24.969107005650216,TRUE,0.006070431213365576,1.4281494604402099
40_C9,40 evolved,Rep2,Set4,fluconazole,March,27.803874046196654,0.15563356697802155,1.0402766590017507,6.134734711052035,TRUE,14.598948352718006,0.9294214674043739
40_C9,40 evolved,Rep3,Plate1,fluconazole,February,45.568161515960725,0.06384589117946496,0.9502876984387455,3.5557980124141686,TRUE,28.361293525804843,0.6841028313156166
40_C9,40 evolved,Rep3,Set1,amphotericin,January,1.8880246075310056,0.0016667521437644228,1.0110625360851642,25.360745680650307,TRUE,1.478971118308755,0.3522836887308085
40_C9,40 evolved,Rep3,Set1,caspofungin,January,0.0015375795247109642,0,1.5633948646383358,0.3975326129619784,TRUE,0.004439944085689679,-1.529880478551294
40_C9,40 evolved,Rep3,Set4,amphotericin,March,0.3211808586384258,0,0.9569569035588408,6.514160365770697,TRUE,0.25070037416607605,0.3574217659922123
40_C9,40 evolved,Rep3,Set4,caspofungin,March,0.01752840093599752,0,0.8507481081306467,8.967619080090977,TRUE,0.016425933839836322,0.09371899698128416
40_C9,40 evolved,Rep3,Set4,fluconazole,March,12.23439853765281,0,0.9878190930295601,0.7381109003588213,TRUE,18.1951363365597,-0.5726096833712107
40_D2,40 evolved,Rep1,Plate2,fluconazole,February,28.79518361714874,0.02230807455904204,0.8251905371719099,5.289857552709291,TRUE,31.271295784971084,-0.11901147964291425
40_D2,40 evolved,Rep1,Set2,amphotericin,January,1.2610413791232693,0,0.7692377392930361,6.946913620787087,TRUE,1.3753228970719913,-0.12515475679818117
40_D2,40 evolved,Rep1,Set2,caspofungin,January,0.0213185639171332,0,0.8256747064696108,4.845060353056475,TRUE,0.029216091852601853,-0.45465294906323717
40_D2,40 evolved,Rep2,Plate2,fluconazole,February,28.033562835996463,0.023954432378970512,0.8205993668488586,3.3362241193378726,TRUE,25.37501987539926,0.1437461584215063
40_D2,40 evolved,Rep2,Set2,amphotericin,January,0.9999064658563972,0,0.8126140516824403,3.218407876928934,TRUE,1.4864912448699976,-0.5720459136476097
40_D2,40 evolved,Rep2,Set2,caspofungin,January,0.017887442910118616,0,0.8724243880072589,2.1582912158083873,TRUE,0.01982610951875311,-0.14845444258879503
40_D2,40 evolved,Rep3,Plate2,fluconazole,February,22.502349084022864,0.016055699955796133,0.7189790056253917,4.90173995603283,TRUE,13.985027034470253,0.6861925736377885
40_D2,40 evolved,Rep3,Set2,amphotericin,January,0.6311470889392282,0.0013440158897206674,0.7925317191599043,2.965997142256104,TRUE,1.2329562615471157,-0.9660734519907587
40_D2,40 evolved,Rep3,Set2,caspofungin,January,0.031009155035573457,3.2000016607996974e-4,0.766783333113026,31.96618876964742,TRUE,0.026636431188687797,0.2192934149735697
40_D4,40 evolved,Rep1,Plate2,fluconazole,February,21.642668209386528,0.03558235767040126,0.9179558025446093,4.825245711690801,TRUE,31.271295784971084,-0.530960628961302
40_D4,40 evolved,Rep1,Set2,amphotericin,January,1.370750881635627,0.001959239155880689,0.8770764596990254,6.858471186155285,TRUE,1.3753228970719913,-0.004803971504887539
40_D4,40 evolved,Rep1,Set2,caspofungin,January,0.021234441318069,5.903646706184129e-4,0.8087925240644194,10.226413030351361,TRUE,0.029216091852601853,-0.46035705451599185
40_D4,40 evolved,Rep2,Plate2,fluconazole,February,19.632728191967878,0.04433481610146207,0.938293195891419,3.3610096358863926,TRUE,25.37501987539926,-0.3701482866132171
40_D4,40 evolved,Rep2,Set2,amphotericin,January,1.2197043770981686,0,0.9837598793308994,5.705509824514736,TRUE,1.4864912448699976,-0.2853794456600522
40_D4,40 evolved,Rep2,Set2,caspofungin,January,0.018305026572001046,7.702813955468664e-4,0.9328597300454723,17.547278051225668,TRUE,0.01982610951875311,-0.11516173712334332
40_D4,40 evolved,Rep3,Plate2,fluconazole,February,26.82434384041473,0.04850300148649138,0.782813740418298,8.842651846857391,TRUE,13.985027034470253,0.9396598384571884
40_D4,40 evolved,Rep3,Set2,amphotericin,January,1.01324856824419,0.006749998000044401,0.7952285628055561,27.672118698584118,TRUE,1.2329562615471157,-0.2831334850190406
40_D4,40 evolved,Rep3,Set2,caspofungin,January,0.018072573392160715,0,0.8872063307276186,8.046432743175604,TRUE,0.026636431188687797,-0.5595988504586185
40_D8,40 evolved,Rep1,Plate2,fluconazole,February,16.469710604354827,0,0.957038837875152,1.4262320946661025,TRUE,31.271295784971084,-0.925023796149401
40_D8,40 evolved,Rep1,Set2,amphotericin,January,0.9514036863585995,0.013108734135961453,0.9111469559430703,4.5357673652346575,TRUE,1.3753228970719913,-0.5316408526826916
40_D8,40 evolved,Rep1,Set2,caspofungin,January,0.01666116571233194,0,0.8182037578084611,5.28255011001022,TRUE,0.029216091852601853,-0.8102738625427239
40_D8,40 evolved,Rep2,Plate2,fluconazole,February,24.94250206369106,0.04456774894647145,1.0106509758688516,4.532474130233535,TRUE,25.37501987539926,-0.024802758443395412
40_D8,40 evolved,Rep2,Set2,amphotericin,January,0.9378723131475066,0,0.9429760308771844,2.854659341176658,TRUE,1.4864912448699976,-0.6644475409332827
40_D8,40 evolved,Rep2,Set2,caspofungin,January,0.01998510090559044,2.914264838350093e-4,1.0265606079525567,7.768312714398951,TRUE,0.01982610951875311,0.011523251986016447
40_D8,40 evolved,Rep3,Plate2,fluconazole,February,27.311699568705453,0.02777371751303754,0.8748156712635777,5.10800136291053,TRUE,13.985027034470253,0.9656360510907409
40_D8,40 evolved,Rep3,Set2,amphotericin,January,0.062246953644433035,0,1.531427813731363,0.3436280794525122,TRUE,1.2329562615471157,-4.307974577948385
40_D8,40 evolved,Rep3,Set2,caspofungin,January,0.019359779203313714,0,0.9970240015898935,5.448024110411622,TRUE,0.026636431188687797,-0.46033830081501037
40_E11,40 evolved,Rep1,Plate2,fluconazole,February,56.105895118774846,0.08418139562788857,0.8956257672489001,5.391948590371788,TRUE,31.271295784971084,0.8433133633425669
40_E11,40 evolved,Rep1,Set2,amphotericin,January,1.6561666184965993,5.777345764188309e-5,1.0013893723208789,5.946449284935331,TRUE,1.3753228970719913,0.2680774492977337
40_E11,40 evolved,Rep1,Set2,caspofungin,January,0.027833760713640195,6.399972106539649e-4,0.9264666827348097,33.88544735289431,TRUE,0.029216091852601853,-0.06992735688677154
40_E11,40 evolved,Rep1,Set4,amphotericin,March,0.4284960246653115,0,0.9382434460442601,11.26857199973043,TRUE,0.3533011628962256,0.2783833220324472
40_E11,40 evolved,Rep1,Set4,caspofungin,March,0.014453274874923412,0,0.7741509674035899,5.924799984066215,TRUE,0.014057203970631427,0.04008675517263249
40_E11,40 evolved,Rep1,Set4,fluconazole,March,15.25266757548315,0.08718492149023133,0.903327263625041,3.2811350274487663,TRUE,12.072223355682658,0.3373701777068465
40_E11,40 evolved,Rep2,Plate2,fluconazole,February,23.730485126309727,0.05012461117429763,0.8893428674994058,2.08433115543693,TRUE,25.37501987539926,-0.09666735822136552
40_E11,40 evolved,Rep2,Set2,amphotericin,January,1.900673090431704,0.0016666641432067208,0.9571874978135374,26.51007628143493,TRUE,1.4864912448699976,0.35459944839378876
40_E11,40 evolved,Rep2,Set2,caspofungin,January,0.020399371572776957,8.066023782060262e-4,1.0216842901165404,5.688117334811731,TRUE,0.01982610951875311,0.041123103905216674
40_E11,40 evolved,Rep2,Set4,amphotericin,March,0.4682084698474084,0,0.9484333320755071,29.14971964415677,TRUE,0.33397371289648337,0.48741648040362073
40_E11,40 evolved,Rep2,Set4,caspofungin,March,0.012712000086524568,0,0.9543985549314341,2.529071014333813,TRUE,0.006070431213365576,1.0663201324753366
40_E11,40 evolved,Rep2,Set4,fluconazole,March,19.58222557678456,0.06602323093708669,0.926685199104942,2.5572251350931774,TRUE,14.598948352718006,0.4236802936180575
40_E11,40 evolved,Rep3,Plate2,fluconazole,February,38.31505022352176,0.05317084208363077,0.9830224397576643,2.9877013066137312,TRUE,13.985027034470253,1.4540281541017595
40_E11,40 evolved,Rep3,Set2,amphotericin,January,1.8242896707177807,0.0014666599693321934,0.9516125125788316,27.144652070564945,TRUE,1.2329562615471157,0.5652132048952193
40_E11,40 evolved,Rep3,Set2,caspofungin,January,0.028752895160903437,5.599971749343005e-4,0.8072500000588528,26.685924025814106,TRUE,0.026636431188687797,0.11030643023148023
40_E11,40 evolved,Rep3,Set4,amphotericin,March,0.021403830416442334,0,1.3150101902351186,0.39912635752271713,TRUE,0.25070037416607605,-3.5500232407024566
40_E11,40 evolved,Rep3,Set4,caspofungin,March,0.014509501608041568,0,0.8266000030790549,29.350802724832818,TRUE,0.016425933839836322,-0.178977427713785
40_E11,40 evolved,Rep3,Set4,fluconazole,March,25.546184944029687,0.08162206336148074,0.7840275078016775,2.71056289668723,TRUE,18.1951363365597,0.48955499444316253
40_E7,40 evolved,Rep1,Plate2,fluconazole,February,36.22777119461067,0.05665716300867983,0.9881802443107491,2.0672332213230757,TRUE,31.271295784971084,0.21225704973444426
40_E7,40 evolved,Rep1,Set2,amphotericin,January,1.5410839356611763,0,1.0528618746576,2.4613021067140393,TRUE,1.3753228970719913,0.16417506782079938
40_E7,40 evolved,Rep1,Set2,caspofungin,January,0.03410288946955843,0,0.8896444193730288,8.639906239612772,TRUE,0.029216091852601853,0.22313077495374234
40_E7,40 evolved,Rep1,Set4,amphotericin,March,0.49188459715948946,0,0.9380999892846635,26.584324473117263,TRUE,0.3533011628962256,0.47742138142572044
40_E7,40 evolved,Rep1,Set4,caspofungin,March,0.016201681028316303,0,0.8126799901159828,26.20535763541097,TRUE,0.014057203970631427,0.20483384412313121
40_E7,40 evolved,Rep1,Set4,fluconazole,March,23.244671068124926,0,0.8683570228770116,0.819363242204012,TRUE,12.072223355682658,0.9452086072200543
40_E7,40 evolved,Rep2,Plate2,fluconazole,February,26.9841654781586,0.0813664777727857,0.9875011883810246,2.7513929343954775,TRUE,25.37501987539926,0.08870411839084724
40_E7,40 evolved,Rep2,Set2,amphotericin,January,1.9509868592884483,0.0011999914962299973,1.0068250043650533,24.76576668196257,TRUE,1.4864912448699976,0.39229309473457585
40_E7,40 evolved,Rep2,Set4,amphotericin,March,0.376293255527177,0,1.0582813779264555,2.5184761447859816,TRUE,0.33397371289648337,0.17212287906645818
40_E7,40 evolved,Rep2,Set4,caspofungin,March,0.02323246043134515,0,1.1203560977769809,6.33680465632289,TRUE,0.006070431213365576,1.936271043565049
40_E7,40 evolved,Rep2,Set4,fluconazole,March,18.241443425555147,0.10330204475374818,0.9438622647535211,2.1916586546189607,TRUE,14.598948352718006,0.3213554457856902
40_E7,40 evolved,Rep3,Plate2,fluconazole,February,28.025170786616606,0.09104997091043268,0.9517426719678911,3.639874977028346,TRUE,13.985027034470253,1.002840122212096
40_E7,40 evolved,Rep3,Set2,amphotericin,January,1.6553416140007997,0,0.9727427290843336,5.98099293936707,TRUE,1.2329562615471157,0.42500735591114447
40_E7,40 evolved,Rep3,Set2,caspofungin,January,0.025432711053825167,0,0.9728301544541315,5.6768337476762225,TRUE,0.026636431188687797,-0.06671554233752719
40_E7,40 evolved,Rep3,Set4,caspofungin,March,0.016775942108229136,4.8332906656276697e-4,0.8869999868563029,27.880859346614063,TRUE,0.016425933839836322,0.030418395655912533
40_E7,40 evolved,Rep3,Set4,fluconazole,March,16.086159378118072,0.12876309916534134,0.7013623022745767,2.968460427695153,TRUE,18.1951363365597,-0.17773294223673908
40_E9,40 evolved,Rep1,Plate2,fluconazole,February,2.4937096960273952,0,1.3891752196446734,0.46650915985666314,TRUE,31.271295784971084,-3.6484735718541303
40_E9,40 evolved,Rep1,Set2,amphotericin,January,1.587292680814537,0,1.0033477369215653,3.4834753068285287,TRUE,1.3753228970719913,0.20679779811657295
40_E9,40 evolved,Rep1,Set2,caspofungin,January,0.014634962610865242,0,1.0359131523263505,2.3793751775174896,TRUE,0.029216091852601853,-0.9973441461568218
40_E9,40 evolved,Rep2,Plate2,fluconazole,February,22.883559812712008,0.009530922982988618,0.8821603897188001,2.9750894236531242,TRUE,25.37501987539926,-0.14909745418841247
40_E9,40 evolved,Rep2,Set2,amphotericin,January,1.487707099325531,0,1.0186714048318293,2.891104567368633,TRUE,1.4864912448699976,0.0011795496386974857
40_E9,40 evolved,Rep2,Set2,caspofungin,January,0.019528223336904967,0,0.9992487019725473,6.071134239451215,TRUE,0.01982610951875311,-0.02184090513326975
40_E9,40 evolved,Rep3,Plate2,fluconazole,February,25.307274493033443,0.01990401204756015,0.8748058072553923,6.484821448972325,TRUE,13.985027034470253,0.85566909979751
40_E9,40 evolved,Rep3,Set2,amphotericin,January,1.2895015448889593,0,1.0247483019699457,3.5748367494573063,TRUE,1.2329562615471157,0.06469187972430601
40_E9,40 evolved,Rep3,Set2,caspofungin,January,0.01881002588877793,2.005567757447214e-4,0.903336253400905,11.844894273424389,TRUE,0.026636431188687797,-0.5018989652182801
40_F2,40 evolved,Rep1,Plate3,fluconazole,February,37.38887279303444,0.024019829728159567,0.8975978397037722,8.414525892980368,TRUE,25.58892650166962,0.5470893520294426
40_F2,40 evolved,Rep1,Set3,amphotericin,January,1.2016928463655088,0,0.9061871511091233,3.8128606781508085,TRUE,1.5417026309923771,-0.3594563308265037
40_F2,40 evolved,Rep1,Set3,caspofungin,January,0.030324915525822897,3.9999988762375797e-4,0.9262833352242487,29.136537963920325,TRUE,0.018062726493507646,0.7474879484504795
40_F2,40 evolved,Rep2,Plate3,fluconazole,February,30.462312421899775,0.03597499793871889,0.8947999919599079,26.060194929398406,TRUE,20.043007150262792,0.6039264829211639
40_F2,40 evolved,Rep2,Set3,amphotericin,January,1.0507077827141216,0.016656075997925165,0.9006586962417835,6.181284542346524,TRUE,1.3563634055878313,-0.36838227600118484
40_F2,40 evolved,Rep2,Set3,caspofungin,January,0.020234676372039333,6.166016767377208e-4,0.8550669754271499,7.826108670998833,TRUE,0.018958641285424647,0.0939742012291429
40_F2,40 evolved,Rep3,Plate3,fluconazole,February,30.185837979519377,0.030725002759742444,0.7856714339760296,28.195394619082272,TRUE,5.918735847321501,2.3505108759333715
40_F2,40 evolved,Rep3,Set3,amphotericin,January,1.1667354315251375,0.002653253359504511,0.8505672834344908,5.234153957723721,TRUE,1.3354119602934178,-0.1948074133874909
40_F2,40 evolved,Rep3,Set3,caspofungin,January,0.018485414410629356,0,0.8814609691668561,5.679793504844839,TRUE,0.02807885428676299,-0.6030966833693459
40_F4,40 evolved,Rep1,Plate3,fluconazole,February,30.817378796354156,0.05004998090264599,1.0255000386731792,22.69227309686068,TRUE,25.58892650166962,0.268224531996764
40_F4,40 evolved,Rep1,Set3,amphotericin,January,2.05709707130003,0,1.1658016864519334,5.83830036023661,TRUE,1.5417026309923771,0.416085354056528
40_F4,40 evolved,Rep1,Set3,caspofungin,January,0.018684986790248662,8.529451187349543e-4,1.082241580941465,5.99374322252786,TRUE,0.018062726493507646,0.04886386569725332
40_F4,40 evolved,Rep2,Plate3,fluconazole,February,17.17392493007395,0.03227084778421222,1.0960964205628199,2.723642115097537,TRUE,20.043007150262792,-0.2228791887028967
40_F4,40 evolved,Rep2,Set3,amphotericin,January,2.109072175636506,0.0011331461610556111,1.0989300657176866,7.823680135413845,TRUE,1.3563634055878313,0.6368647008018056
40_F4,40 evolved,Rep2,Set3,caspofungin,January,0.016580495847250992,0,1.0765063676116646,4.618907961309405,TRUE,0.018958641285424647,-0.19336842195847215
40_F4,40 evolved,Rep3,Plate3,fluconazole,February,15.713934941185402,0.025274649619069365,0.9984823115259901,2.5740737154065156,TRUE,5.918735847321501,1.4086835165155884
40_F4,40 evolved,Rep3,Set3,amphotericin,January,1.8453848572321843,0,1.0176591589168607,6.324681606227449,TRUE,1.3354119602934178,0.4666368569008334
40_F4,40 evolved,Rep3,Set3,caspofungin,January,0.014062424053421004,0,1.0728742842922978,2.933727414132815,TRUE,0.02807885428676299,-0.9976387651301994
40_F6,40 evolved,Rep1,Plate3,fluconazole,February,18.53278277904307,0.08973458635097369,1.0068516077830907,3.7012744992777833,TRUE,25.58892650166962,-0.46544010052163554
40_F6,40 evolved,Rep1,Set3,amphotericin,January,1.4538511285871498,0,1.0875613837078024,3.441867640966399,TRUE,1.5417026309923771,-0.08464497224143464
40_F6,40 evolved,Rep1,Set3,caspofungin,January,0.023564194732687855,0,0.9957261414269655,4.224717290090229,TRUE,0.018062726493507646,0.3835807024053599
40_F6,40 evolved,Rep1,Set4,amphotericin,March,0.3008103052819286,0,0.8469492297636654,3.9804384968801454,TRUE,0.3533011628962256,-0.2320445055930056
40_F6,40 evolved,Rep1,Set4,caspofungin,March,0.01701887278878629,0,0.8647156812134132,4.6498308213941275,TRUE,0.014057203970631427,0.2758258205333881
40_F6,40 evolved,Rep1,Set4,fluconazole,March,15.480884857868823,0.09705999135071579,0.8987333612734141,22.973576892158405,TRUE,12.072223355682658,0.35879653211874674
40_F6,40 evolved,Rep2,Plate3,fluconazole,February,26.270393347807236,0.055542292039143216,0.8539704747323426,2.486403198057199,TRUE,20.043007150262792,0.39033882281599297
40_F6,40 evolved,Rep2,Set3,amphotericin,January,1.1907080386004232,0.0026152299412972742,0.9042250703086859,4.291863457292923,TRUE,1.3563634055878313,-0.18792405838200343
40_F6,40 evolved,Rep2,Set3,caspofungin,January,0.02906822621599109,7.000009486806261e-4,0.7920833445365114,27.358026630689427,TRUE,0.018958641285424647,0.6165874649944278
40_F6,40 evolved,Rep2,Set4,amphotericin,March,0.39349642232691884,0,0.8102776984310974,6.3265176078275855,TRUE,0.33397371289648337,0.23661596629518722
40_F6,40 evolved,Rep2,Set4,caspofungin,March,0.012053607892277435,0,0.8096113230294911,2.724264818604129,TRUE,0.006070431213365576,0.989594132193429
40_F6,40 evolved,Rep2,Set4,fluconazole,March,16.940297367926846,0.053777138101031116,0.8551804828849946,1.971861606941829,TRUE,14.598948352718006,0.21459475266481265
40_F6,40 evolved,Rep3,Plate3,fluconazole,February,24.604325379229962,0.06859880867201422,0.9702273130820545,2.4960750685825954,TRUE,5.918735847321501,2.055550984086738
40_F6,40 evolved,Rep3,Set3,amphotericin,January,1.1821260167623115,0.004268041394297895,0.983939232377915,5.597595395200627,TRUE,1.3354119602934178,-0.17590102894677798
40_F6,40 evolved,Rep3,Set3,caspofungin,January,0.027891091658536284,7.199990159540785e-4,0.887800126965491,24.257091572375348,TRUE,0.02807885428676299,-0.009679667336442321
40_F6,40 evolved,Rep3,Set4,amphotericin,March,0.2615617676800741,0.0014666669626382943,0.7934800192191002,30.630537725111175,TRUE,0.25070037416607605,0.061187529043531974
40_F6,40 evolved,Rep3,Set4,caspofungin,March,0.013979729311104406,0,0.967074746365975,7.093767251388881,TRUE,0.016425933839836322,-0.2326389661897359
40_F6,40 evolved,Rep3,Set4,fluconazole,March,20.695243828797338,0.05622515539215298,0.8696500234385204,3.4887600240450407,TRUE,18.1951363365597,0.18574638495648177
40_G11,40 evolved,Rep1,Plate3,fluconazole,February,69.40070905262161,0,1.185150021600625,0.8300220927349737,TRUE,25.58892650166962,1.439430777420995
40_G11,40 evolved,Rep1,Set3,amphotericin,January,1.6495240986038622,0,1.0381693571388428,5.307594987983701,TRUE,1.5417026309923771,0.09752533499644989
40_G11,40 evolved,Rep1,Set3,caspofungin,January,0.023753153893903575,5.004991397028682e-5,1.0875355402379823,8.512043675502754,TRUE,0.018062726493507646,0.3951034061029688
40_G11,40 evolved,Rep1,Set4,amphotericin,March,0.4883379552328882,1.3999897069290015e-4,0.9665833303729154,26.672016188627165,TRUE,0.3533011628962256,0.46698141544999805
40_G11,40 evolved,Rep1,Set4,caspofungin,March,0.01824369438013038,0,0.9654442198841383,9.140245038147492,TRUE,0.014057203970631427,0.37608824174856004
40_G11,40 evolved,Rep1,Set4,fluconazole,March,35.12355985140487,0,1.1087479596503977,0.660740875151225,TRUE,12.072223355682658,1.540747669236286
40_G11,40 evolved,Rep2,Plate3,fluconazole,February,43.83969672240698,0,1.1012233011795636,0.9599147859553187,TRUE,20.043007150262792,1.129138838590884
40_G11,40 evolved,Rep2,Set3,amphotericin,January,1.884492751525797,0.00113330908615758,1.0256000923210384,22.27805695076029,TRUE,1.3563634055878313,0.47443247948167216
40_G11,40 evolved,Rep2,Set3,caspofungin,January,0.025063618313646452,2.0863840074758212e-4,0.9342737621803358,6.366782453602258,TRUE,0.018958641285424647,0.4027391307302013
40_G11,40 evolved,Rep2,Set4,amphotericin,March,0.526101316292999,2.599582358932612e-4,0.9955333383243549,23.966421763345824,TRUE,0.33397371289648337,0.6556061071652888
40_G11,40 evolved,Rep2,Set4,caspofungin,March,0.017035348696978345,0,0.9538020066920231,8.577433179901245,TRUE,0.006070431213365576,1.4886605711538774
40_G11,40 evolved,Rep2,Set4,fluconazole,March,41.222787971472066,0,1.1114829780677264,0.7721758113959938,TRUE,14.598948352718006,1.497577633122019
40_G11,40 evolved,Rep3,Plate3,fluconazole,February,56.078387581563995,0,0.9768332006432239,0.8643235677943961,TRUE,5.918735847321501,3.244083892248127
40_G11,40 evolved,Rep3,Set3,amphotericin,January,1.8644650072196143,0.0010999906677800037,1.0796249915516096,28.532750637889396,TRUE,1.3354119602934178,0.4814768539276411
40_G11,40 evolved,Rep3,Set3,caspofungin,January,0.029592930483468106,1.3520582543697819e-4,0.9321986775766781,7.832010276891708,TRUE,0.02807885428676299,0.07576849865024737
40_G11,40 evolved,Rep3,Set4,amphotericin,March,0.32498016628186027,1.8618810956884094e-5,0.8531095382611051,9.214410559757434,TRUE,0.25070037416607605,0.37438752298518185
40_G11,40 evolved,Rep3,Set4,caspofungin,March,0.02337405586243285,0,1.007029070463477,5.952228096944103,TRUE,0.016425933839836322,0.5089326997233403
40_G11,40 evolved,Rep3,Set4,fluconazole,March,68.9344796398256,0,1.0038878865810985,1.4442978427424973,TRUE,18.1951363365597,1.921672909124366
40_G5,40 evolved,Rep1,Plate3,fluconazole,February,29.769215480013532,0.026589007572406197,1.0002746224508048,6.958287562567967,TRUE,25.58892650166962,0.2183015769869261
40_G5,40 evolved,Rep1,Set3,amphotericin,January,1.2497116302668692,0.0032463582576132705,0.9896905530875153,4.917460396036239,TRUE,1.5417026309923771,-0.302929287186149
40_G5,40 evolved,Rep1,Set3,caspofungin,January,0.02835759682491767,2.799990294218533e-4,0.9664333929900709,25.06964545967379,TRUE,0.018062726493507646,0.6507195979526346
40_G5,40 evolved,Rep2,Plate3,fluconazole,February,37.00490357896075,0.02258745127600135,0.9549154022239345,4.383315704147488,TRUE,20.043007150262792,0.8846174778800275
40_G5,40 evolved,Rep2,Set3,amphotericin,January,1.830226597400854,0.0012333259792435768,0.9634000129617543,30.126537690697152,TRUE,1.3563634055878313,0.43227851093307107
40_G5,40 evolved,Rep2,Set3,caspofungin,January,0.019302852547331724,6.714377652472401e-4,0.8694323848513934,12.629303115223898,TRUE,0.018958641285424647,0.025958488725169815
40_G5,40 evolved,Rep3,Plate3,fluconazole,February,34.522368572522495,0.018479434079592783,0.9928593548395357,5.515709177312321,TRUE,5.918735847321501,2.544170474944306
40_G5,40 evolved,Rep3,Set3,amphotericin,January,1.1706253161667273,0,1.0229065072931733,6.0546831579634155,TRUE,1.3354119602934178,-0.19000548243303075
40_G5,40 evolved,Rep3,Set3,caspofungin,January,0.016673332185492006,0.002095828343350753,0.9229001752902537,16.76580287903062,TRUE,0.02807885428676299,-0.7519416124758331
40_G9,40 evolved,Rep1,Plate3,fluconazole,February,51.84478371544163,0,1.2079431502466624,0.9782733878599983,TRUE,25.58892650166962,1.0186792165858796
40_G9,40 evolved,Rep1,Set3,amphotericin,January,2.068218453128676,0.0019999759030058222,1.1183499722721628,25.01494871338806,TRUE,1.5417026309923771,0.4238640566489654
40_G9,40 evolved,Rep1,Set3,caspofungin,January,0.027105540105698392,0,1.147633780682189,4.853939178498198,TRUE,0.018062726493507646,0.5855720763114292
40_G9,40 evolved,Rep1,Set4,amphotericin,March,0.48272088658367207,0,1.1015950141668773,3.99641447876385,TRUE,0.3533011628962256,0.45029075341931013
40_G9,40 evolved,Rep1,Set4,caspofungin,March,0.0231566629609527,0,1.145272100630529,6.597778199787377,TRUE,0.014057203970631427,0.7201177001221808
40_G9,40 evolved,Rep1,Set4,fluconazole,March,82.01040196140559,0,1.0348566996535298,1.7744609923117594,TRUE,12.072223355682658,2.764115505170222
40_G9,40 evolved,Rep2,Plate3,fluconazole,February,46.453378362653254,0,1.1285164583412324,1.0594060759900974,TRUE,20.043007150262792,1.2126845423281472
40_G9,40 evolved,Rep2,Set3,amphotericin,January,1.9452746783949284,0.0011999998031023288,1.119712508199798,28.334308273911038,TRUE,1.3563634055878313,0.5202301159171574
40_G9,40 evolved,Rep2,Set3,caspofungin,January,0.029743604265880803,8.399988607797457e-4,0.9768500597930388,23.30516837729023,TRUE,0.018958641285424647,0.6497239067731648
40_G9,40 evolved,Rep2,Set4,amphotericin,March,0.5185948515814949,1.5997455234126757e-4,1.0706500051503258,24.309149506821793,TRUE,0.33397371289648337,0.63487333121713
40_G9,40 evolved,Rep2,Set4,caspofungin,March,0.0174785895171362,0,1.0391398044330142,9.667270713860995,TRUE,0.006070431213365576,1.5257178601471848
40_G9,40 evolved,Rep2,Set4,fluconazole,March,29.100928938313473,0,1.1570775235082142,0.8146592871168701,TRUE,14.598948352718006,0.9952007593903658
40_G9,40 evolved,Rep3,Plate3,fluconazole,February,79.32811070671788,0,1.0674944608425727,0.9879060552485388,TRUE,5.918735847321501,3.7444712139237244
40_G9,40 evolved,Rep3,Set3,amphotericin,January,1.9492997438525452,0.0011333299347681969,1.1031500065156776,26.81484505076655,TRUE,1.3354119602934178,0.5456710843435937
40_G9,40 evolved,Rep3,Set3,caspofungin,January,0.029284039354751556,6.19998198835593e-4,1.052333349682025,29.824682969151702,TRUE,0.02807885428676299,0.06063049852883218
40_G9,40 evolved,Rep3,Set4,amphotericin,March,0.45611866099297577,1.9999941412162075e-4,1.012550002633206,36.37674636957213,TRUE,0.25070037416607605,0.8634450464135384
40_G9,40 evolved,Rep3,Set4,caspofungin,March,0.023495940607952903,1.997038790717033e-4,1.1201500156425754,45.963854802054684,TRUE,0.016425933839836322,0.5164361316646806
40_G9,40 evolved,Rep3,Set4,fluconazole,March,126.99923202655215,0.5,1.002733342646111,26.70184840591694,TRUE,18.1951363365597,2.8031950064650015
