population,evolution_history,drug,mean_log_ratio,se_log_ratio,n_plates
35_B2,35 evolved,amphotericin,0.00862822707680233,0.05575574930879951,3
35_B2,35 evolved,caspofungin,0.32123561160001834,0.04314648808119101,3
35_B2,35 evolved,fluconazole,0.17424935346318177,0.09869875793246417,3
35_B6,35 evolved,amphotericin,-0.12883252532998898,0.041249230668513055,3
35_B6,35 evolved,caspofungin,-0.2980428694193484,0.20337511439284722,3
35_B6,35 evolved,fluconazole,-0.06631104844907225,0.05044250115626512,3
35_B8,35 evolved,amphotericin,0.023695045335747626,0.022022321969406955,2
35_B8,35 evolved,caspofungin,-0.15306383617460728,0.22747769678484706,3
35_B8,35 evolved,fluconazole,-0.1547583298391951,0.17003110883913683,3
35_C5,35 evolved,amphotericin,-0.09186737893564455,0.02639430786273734,3
35_C5,35 evolved,caspofungin,0.005582580450828267,0.1069412987405517,3
35_C5,35 evolved,fluconazole,0.07768961408390998,0.09392664748606518,3
35_C7,35 evolved,amphotericin,0.25576899177186024,0.10854446937441345,3
35_C7,35 evolved,caspofungin,0.08629218118411863,0.06400644231396677,3
35_C7,35 evolved,fluconazole,0.035653873625446905,0.20327670437554965,3
35_C9,35 evolved,amphotericin,0.14604374800764536,0.14036274060503606,3
35_C9,35 evolved,caspofungin,0.09520241374727155,0.062497900693896796,3
35_C9,35 evolved,fluconazole,0.08543427259012804,0.05775918676278971,3
35_D2,35 evolved,amphotericin,0.3258492844296901,0.10552448018771803,3
35_D2,35 evolved,caspofungin,-0.006009579811524729,0.02860500528379464,3
35_D2,35 evolved,fluconazole,1.511955239123359,0.5286702895447979,3
35_D4,35 evolved,fluconazole,-1.3109523787680215,0.6144816925156302,3
35_D8,35 evolved,amphotericin,0.0651223064052793,0.2018996194743285,3
35_D8,35 evolved,caspofungin,-0.28635813485829004,0.17434298733091608,3
35_D8,35 evolved,fluconazole,1.5424658389526973,0.6306804693155369,3
35_E11,35 evolved,amphotericin,0.1631989824124052,0.2192681629160819,3
35_E11,35 evolved,caspofungin,0.038010796445209806,0.020288390214605857,3
35_E11,35 evolved,fluconazole,1.5355563098957308,0.6462709944056945,3
35_E7,35 evolved,amphotericin,0.07268161598792724,0.18740122613954172,3
35_E7,35 evolved,caspofungin,-0.33575799950157376,0.1497916862432144,3
35_E7,35 evolved,fluconazole,1.514941813023901,0.5992045072035761,3
35_E9,35 evolved,amphotericin,0.2277867398848778,0.23586585403145505,3
35_E9,35 evolved,caspofungin,-0.07781524657540118,0.12802971296128263,3
35_E9,35 evolved,fluconazole,1.595332091555538,0.7103540849050444,3
35_F2,35 evolved,amphotericin,0.3998462218420917,0.17015065563778253,3
35_F2,35 evolved,caspofungin,0.19294061824683517,0.03135625362590953,3
35_F2,35 evolved,fluconazole,0.48973704077398106,0.4726009125326243,3
35_F4,35 evolved,amphotericin,0.4166464835513386,0.24482703365138628,3
35_F4,35 evolved,caspofungin,0.053430030712153936,0.2066481636176792,3
35_F4,35 evolved,fluconazole,0.512030677643611,0.5147270627016552,3
35_F6,35 evolved,amphotericin,0.18028557671569628,0.18988411325966878,3
35_F6,35 evolved,caspofungin,-0.003514570486439747,0.21168383482877542,3
35_F6,35 evolved,fluconazole,0.05455003809343939,0.43935355188039293,3
35_G11,35 evolved,amphotericin,-0.19360239785320843,0.05065151365999295,3
35_G11,35 evolved,caspofungin,0.052043234369454794,0.228585641073037,3
35_G11,35 evolved,fluconazole,-0.03705078620529463,0.35243575732371646,3
35_G5,35 evolved,amphotericin,0.4156672274427608,0.19412895663866517,3
35_G5,35 evolved,caspofungin,0.19073611582278507,0.09570024459320174,3
35_G5,35 evolved,fluconazole,0.646058269263542,0.39035089029804126,3
35_G9,35 evolved,amphotericin,0.16037972442308712,0.08509283904140441,3
35_G9,35 evolved,caspofungin,0.09420760626613442,0.16490814973533793,3
35_G9,35 evolved,fluconazole,0.30919013528127626,0.3122586267963598,3
40_B2,40 evolved,amphotericin,0.07265156696789607,0.11756959886202262,3
40_B2,40 evolved,caspofungin,0.91056383378746,0.782483280349264,3
40_B2,40 evolved,fluconazole,-0.5026080656163673,0.060534918046169534,3
40_B6,40 evolved,amphotericin,-1.1746113297083272,0.08202836435851606,3
40_B6,40 evolved,caspofungin,0.5120852904599082,0.6045293656667519,3
40_B6,40 evolved,fluconazole,-0.11313549202367135,0.10259237789945055,3
40_B8,40 evolved,amphotericin,-0.26021353751713333,0.06698757764339897,3
40_B8,40 evolved,caspofungin,0.3072657286687196,0.726092171566446,3
40_B8,40 evolved,fluconazole,-0.28008359375945197,0.13360654794600355,3
40_C5,40 evolved,amphotericin,0.0388772827671003,0.10977207375649081,3
40_C5,40 evolved,caspofungin,0.53096835179236,0.5824741724552462,3
40_C5,40 evolved,fluconazole,-0.18909620634004803,0.11859107149670157,3
40_C7,40 evolved,amphotericin,-1.1651389783734463,0.16883545723410276,3
40_C7,40 evolved,caspofungin,0.5831914021301268,0.8856195876557835,2
40_C7,40 evolved,fluconazole,-0.07878233958143324,0.07972657311143573,3
40_C9,40 evolved,amphotericin,0.21214845225114962,0.11174814112777777,6
40_C9,40 evolved,caspofungin,0.0730036253024797,0.34280667264735504,6
40_C9,40 evolved,fluconazole,0.6563426339393649,0.2759969280754894,6
40_D2,40 evolved,amphotericin,-0.5544247074788499,0.19764645552243418,3
40_D2,40 evolved,caspofungin,-0.12793799222615418,0.15751561766369065,3
40_D2,40 evolved,fluconazole,0.23697575080546018,0.1950917362813985,3
40_D4,40 evolved,amphotericin,-0.19110563406132677,0.07548961815439417,3
40_D4,40 evolved,caspofungin,-0.3783725473659845,0.11147601932107223,3
40_D4,40 evolved,fluconazole,0.012850307627556384,0.3693373744790947,3
40_D8,40 evolved,amphotericin,-1.8346876571881197,1.0201253720866732,3
40_D8,40 evolved,caspofungin,-0.41969630379057266,0.1929472152351658,3
40_D8,40 evolved,fluconazole,0.0052698321659815,0.45103379920383035,3
40_E11,40 evolved,amphotericin,-0.26605555594660785,0.5840747873226447,6
40_E11,40 evolved,caspofungin,0.16815527286401827,0.17075572997296787,6
40_E11,40 evolved,fluconazole,0.5752132708318379,0.19972115832638854,6
40_E7,40 evolved,amphotericin,0.32620395579173966,0.057024325111271,5
40_E7,40 evolved,caspofungin,0.46558770319206155,0.32578130298589236,5
40_E7,40 evolved,fluconazole,0.3987720668510655,0.16916168605838874,6
40_E9,40 evolved,amphotericin,0.09088974249319215,0.04935437337040897,3
40_E9,40 evolved,caspofungin,-0.5070280055027906,0.22696644940553307,3
40_E9,40 evolved,fluconazole,-0.98063397541501085,1.129532583296822,3
40_F2,40 evolved,amphotericin,-0.3075486734050598,0.04648262954897653,3
40_F2,40 evolved,caspofungin,0.07945515543675885,0.32216960104084313,3
40_F2,40 evolved,fluconazole,1.1671755702946593,0.4886987056666396,3
40_F4,40 evolved,amphotericin,0.506528970586389,0.05366799633415602,3
40_F4,40 evolved,caspofungin,-0.3807144404638061,0.2605202813027412,3
40_F4,40 evolved,fluconazole,0.4846762866031519,0.4028283697103611,3
40_F6,40 evolved,amphotericin,-0.06378517830408374,0.06552647630745848,6
40_F6,40 evolved,caspofungin,0.3372115811000711,0.15562529946560866,6
40_F6,40 evolved,fluconazole,0.4565978960201894,0.31689020406436275,6
40_G11,40 evolved,amphotericin,0.4250682856677053,0.069647599001845,6
40_G11,40 evolved,caspofungin,0.5412154246848658,0.18585718407900598,6
40_G11,40 evolved,fluconazole,1.7954419532904462,0.2798707759867956,6
40_G5,40 evolved,amphotericin,-0.020218752895369584,0.18670672731825189,3
40_G5,40 evolved,caspofungin,-0.02508784193267629,0.32721757279413377,3
40_G5,40 evolved,fluconazole,1.2156965099370864,0.5661278910793444,3
40_G9,40 evolved,amphotericin,0.5730623979932825,0.05935898422190382,6
40_G9,40 evolved,caspofungin,0.676366362257912,0.17933671133706658,6
40_G9,40 evolved,fluconazole,2.0897243739772233,0.43196777979241,6
