strain,evolution_history,PC1,PC2,PC3
40_F6,40 evolved,0.24058889826328556,0.8397361077182892,-0.14987789656049105
35_G11,35 evolved,0.557170532693018,-0.9533950019756434,-0.7519792054283599
35_D8,35 evolved,-0.6107191627586168,1.0133924773365541,1.2515856390119953
40_G5,40 evolved,0.4453175717716886,0.19387645069213533,1.4460221126573285
35_E9,35 evolved,-0.7544516941015545,0.9915385637784031,0.9324591579916457
40_B6,40 evolved,1.7671548107634538,1.5714695733331945,-1.5531623995600832
40_E9,40 evolved,1.7700154392118608,0.3320784819059163,0.877119563075065
40_G11,40 evolved,-3.098667407380983,-1.2125446439142238,0.3064321475286489
35_E11,35 evolved,-0.9986208982412609,1.3081256471331086,0.5045213698904601
40_D2,40 evolved,1.1189886983374924,-1.1249176542411874,0.603789652644771
40_E11,40 evolved,0.40027522535759513,0.8855558907556147,0.21329645840181882
35_D2,35 evolved,-0.8238239155619186,0.9917182961427145,0.7560407716188615
40_G9,40 evolved,-3.7322913180453035,-0.8395410666501189,0.224440649259645
35_B2,35 evolved,-0.40059253540727996,1.4952819827356132,-1.342134085427246
40_C5,40 evolved,0.2299862023818817,0.43777534102478427,-1.0702734116624029
35_B8,35 evolved,0.5591084514913425,-0.6884674706511522,-0.2626407094989294
35_C7,35 evolved,-0.4565318575487791,-0.1161152078083519,-0.7064795167484271
35_G5,35 evolved,-0.06706211293903665,-0.9882115750028618,-0.12350765303151087
40_B2,40 evolved,-1.9382713898425585,-2.2208420122243275,-2.5410838889156646
40_E7,40 evolved,-0.149160213284298,0.8546033486617077,-0.28669760089747054
40_C7,40 evolved,1.5082321494414292,0.3416514417248896,-1.6683206224182978
35_C9,35 evolved,-0.13910844817536328,1.2250971551092968,-0.7533287493284611
35_F4,35 evolved,0.16714251858775697,-2.386489229836007,0.17444939404486579
40_D8,40 evolved,3.452048979945024,0.9465357588908373,0.5273933355581125
40_F2,40 evolved,-0.47689316731239184,1.2724442484612377,0.6926257660698961
35_F2,35 evolved,-1.0348688291990031,1.5442657403525613,-0.6347954157926763
40_D4,40 evolved,-1.0530125378694744,-2.260511340137107,0.7608552079133768
40_B8,40 evolved,0.09332810568670241,-0.03455168968608117,-0.8950042009536416
35_C5,35 evolved,0.23037820787712968,-0.4690438692036445,-0.5707929827000965
40_C9,40 evolved,0.06518748306299203,0.5050631564471694,0.7887157417082423
35_E7,35 evolved,-0.2736707384310334,1.311396416196402,1.4045249533182118
35_G9,35 evolved,0.42739048224267656,-0.0648568249124541,-0.33878694857868047
35_B6,35 evolved,2.9527394157212696,-4.1378240018069254,0.7479938755812261
35_F6,35 evolved,0.665520583750611,-0.07641309758751072,-0.2871298949228918
40_F4,40 evolved,-0.642827530488507,-0.48788139276273307,1.7237293861511198
