drug,comparison,mean_x,ref,diff,ci_lo,ci_hi,p_welch,p_wilcox,p_welch_holm,p_wilcox_holm
amphotericin,40 evolved vs 35 evolved,-0.19957551946443716,0.07867650225432507,-0.27825202171876223,-0.626348898371674,0.06984485493414953,0.11232161149451393,0.14999297257278163,0.3369648344835418,0.29998594514556326
amphotericin,35 evolved vs ancestor,0.07867650225432507,0,0.07867650225432507,-0.08583099029974406,0.24318399480839417,0.3271076019617779,0.050023146534433315,0.4027836208335064,0.15006943960329994
amphotericin,40 evolved vs ancestor,-0.19957551946443716,0,-0.19957551946443716,-0.5163920081641373,0.11724096923526305,0.2013918104167532,0.48592440465912096,0.4027836208335064,0.48592440465912096
caspofungin,40 evolved vs 35 evolved,0.1859018111330421,0.08094310545944285,0.10495870567359926,-0.17156215213378126,0.38147956348097983,0.44574756044780517,0.27503899320090924,0.7874541124506398,0.5500779864018185
caspofungin,35 evolved vs ancestor,0.08094310545944285,0,0.08094310545944285,-0.11421083480669524,0.2760970457255809,0.3937270562253199,0.4590839818766905,0.7874541124506398,0.5500779864018185
caspofungin,40 evolved vs ancestor,0.1859018111330421,0,0.1859018111330421,-0.024557028464250796,0.396360650730335,0.07973983681399728,0.07416978604924222,0.23921951044199186,0.22250935814772665
fluconazole,40 evolved vs 35 evolved,0.38613315442266893,0.4730984457837867,-0.08696529136111775,-0.6213821574535019,0.44745157473126645,0.742895901821784,0.5372659266361131,0.742895901821784,0.5372659266361131
fluconazole,35 evolved vs ancestor,0.4730984457837867,0,0.4730984457837867,0.07957390279049265,0.8666229887770808,0.02129552764661577,0.010185392168591354,0.06388658293984731,0.030556176505774062
fluconazole,40 evolved vs ancestor,0.38613315442266893,0,0.38613315442266893,-0.004965242825679286,0.7772315516710171,0.05265902042499199,0.07416978604924222,0.10531804084998397,0.14833957209848445
