pop_rep,IC50,IC50_lower,IC50_upper,n_boot
40_F2_Rep3_Plate3_fluconazole,30.779477217165972,23.470870007735392,31.37935617208461,2897
40_F4_Rep3_Plate3_fluconazole,17.425160793423345,13.74666996499928,22.200417479890774,5000
40_F6_Rep3_Plate3_fluconazole,30.631386058574492,24.54601650325953,38.12460500274518,5000
40_G5_Rep3_Plate3_fluconazole,36.94009069567955,33.67274335646447,41.61520789657117,5000
40_G9_Rep3_Plate3_fluconazole,90.97772254521676,47.68564716888067,150.1034801196593,5000
40_G11_Rep3_Plate3_fluconazole,67.37395882925514,31.707709257485135,123.47712872376778,5000
fRS585_Rep3_Plate3_fluconazole,6.317577363612771,3.7495918304604707,11.716612099225983,5000
40_F2_Rep2_Plate3_fluconazole,30.835072368056554,23.41232999797588,31.713380957256412,3819
40_F4_Rep2_Plate3_fluconazole,19.181112362013916,16.085945097887706,22.964663534962266,5000
40_F6_Rep2_Plate3_fluconazole,31.9374134023856,25.125131323788352,41.7707867084772,5000
40_G5_Rep2_Plate3_fluconazole,40.38495378523092,32.20928652181932,50.17915700648078,4995
40_G9_Rep2_Plate3_fluconazole,52.70137483489215,36.55262295001928,71.30629163565284,5000
40_G11_Rep2_Plate3_fluconazole,46.21837475951878,32.69229572080399,63.37979508014995,5000
fRS585_Rep2_Plate3_fluconazole,22.316685589787472,17.38150138366645,28.652116218727404,5000
40_F2_Rep1_Plate3_fluconazole,42.12770892315746,33.52793817115942,49.022606055051874,4894
40_F4_Rep1_Plate3_fluconazole,29.06340446298679,24.366344127207945,32.56319862790712,4819
40_F6_Rep1_Plate3_fluconazole,23.392422884668616,19.163930821855132,30.805466621834967,5000
40_G5_Rep1_Plate3_fluconazole,30.483097280666918,24.532733014483725,35.271234697016375,4811
40_G9_Rep1_Plate3_fluconazole,59.662189862873255,36.788919082042106,91.65796546522671,5000
40_G11_Rep1_Plate3_fluconazole,75.5827437047356,35.698752920912085,139.28341368723923,5000
fRS585_Rep1_Plate3_fluconazole,29.846641119268142,26.013165787614263,35.81502054516533,5000
40_D2_Rep3_Plate2_fluconazole,24.389862988896496,20.087474760414764,29.802433965245704,4993
40_D4_Rep3_Plate2_fluconazole,27.331163636791192,21.652211791539372,31.645204458974455,4629
40_D8_Rep3_Plate2_fluconazole,28.715145192695783,24.273290412878985,32.147064353661776,4944
40_E7_Rep3_Plate2_fluconazole,36.04943716897709,25.43399262414604,48.52650116385401,5000
40_E9_Rep3_Plate2_fluconazole,26.40584962322423,21.125758238376847,31.37230521034444,4652
40_E11_Rep3_Plate2_fluconazole,44.939305703686756,39.09876687321057,53.07553862644749,5000
fRS585_Rep3_Plate2_fluconazole,14.887887651609416,7.971987012089215,24.358451317265235,5000
40_D2_Rep2_Plate2_fluconazole,30.5754567434997,24.837807439469596,36.94228492080072,4999
40_D4_Rep2_Plate2_fluconazole,21.905798902502465,18.160412233828804,26.622191368208732,5000
40_D8_Rep2_Plate2_fluconazole,26.836170722858895,22.140724207896184,31.096080931330388,4983
40_E7_Rep2_Plate2_fluconazole,33.91694125470896,25.018906534093073,45.67363321289334,5000
40_E9_Rep2_Plate2_fluconazole,24.49359216343334,19.729441818688002,29.420762635463777,5000
40_E11_Rep2_Plate2_fluconazole,29.599457908244386,20.330854316036923,40.798996039363885,5000
fRS585_Rep2_Plate2_fluconazole,32.11924544927902,25.065749785406727,42.7747576779007,5000
40_D2_Rep1_Plate2_fluconazole,30.17196527712916,24.24015689632948,38.64702910553985,4929
40_D4_Rep1_Plate2_fluconazole,23.148649489612694,17.788416441882283,30.239802892195385,4988
40_D8_Rep1_Plate2_fluconazole,17.780650724285696,11.141369062794336,25.585945183925716,5000
40_E7_Rep1_Plate2_fluconazole,42.29925007807697,27.97865938711043,60.60508339594926,5000
40_E9_Rep1_Plate2_fluconazole,30.178295204163337,19.236716735936742,31.281270243341957,3675
40_E11_Rep1_Plate2_fluconazole,66.04600450355748,47.28534562847007,91.85229448055406,4900
fRS585_Rep1_Plate2_fluconazole,34.17105496637668,27.951112484883993,43.41130576355569,5000
40_B2_Rep3_Plate1_fluconazole,23.578595966670445,19.40809129760139,27.561196796893025,5000
40_B6_Rep3_Plate1_fluconazole,23.764215220013273,19.647890123393424,28.262023003972438,5000
40_B8_Rep3_Plate1_fluconazole,21.42038747077602,16.92434532151718,27.229194878631432,5000
40_C5_Rep3_Plate1_fluconazole,21.74506277227972,14.110247369995468,31.4265459938362,5000
40_C7_Rep3_Plate1_fluconazole,25.443370907012614,22.979879887290657,28.73696225624832,5000
40_C9_Rep3_Plate1_fluconazole,52.25037879529231,43.184308906709425,63.42156874577677,5000
fRS585_Rep3_Plate1_fluconazole,34.725720380844614,25.45691268631191,46.561123652078436,4999
40_B2_Rep2_Plate1_fluconazole,18.273137158124566,16.83066204039284,20.87641837966278,5000
40_B6_Rep2_Plate1_fluconazole,26.332623555938945,20.718389867239182,31.214323385852577,4456
40_B8_Rep2_Plate1_fluconazole,27.470419475203457,22.452010266040908,32.57033566694758,4963
40_C5_Rep2_Plate1_fluconazole,26.85447197465336,22.247646818396177,31.619620851255185,5000
40_C7_Rep2_Plate1_fluconazole,25.92528355813729,22.931341960018393,31.11031885405076,4975
40_C9_Rep2_Plate1_fluconazole,40.83471809943258,31.386505629277273,55.75427376120999,5000
fRS585_Rep2_Plate1_fluconazole,31.94222410554757,25.014021593654427,41.384641324030945,5000
40_B2_Rep1_Plate1_fluconazole,20.50285012997334,16.693179189582786,25.076574388514725,5000
40_B6_Rep1_Plate1_fluconazole,30.209428368289313,26.371511580023622,35.0811557710772,4999
40_B8_Rep1_Plate1_fluconazole,25.461880634132726,18.93253591803935,31.69729609212794,4979
40_C5_Rep1_Plate1_fluconazole,26.691900606330385,22.155882362059724,31.37981824800323,4720
40_C7_Rep1_Plate1_fluconazole,27.394474524848384,23.759905482224898,31.02464698483035,4286
40_C9_Rep1_Plate1_fluconazole,65.3977450689634,51.89281673299482,80.35097981407849,5000
fRS585_Rep1_Plate1_fluconazole,33.86265099151873,26.706267241129392,43.80788971949407,5000
40_C9_Rep3_Set4_amphotericine,0.3405767781109286,0.3066453854092692,0.37420159046962315,5000
40_E7_Rep3_Set4_amphotericine,0.46238592071451173,0.2951343372952081,0.4898549334477772,3616
40_E11_Rep3_Set4_amphotericine,0.4648302649877951,0.2833170469787836,0.4857171642431937,3772
40_F6_Rep3_Set4_amphotericine,0.3247620151997708,0.25444360963316676,0.4677710870359329,4440
40_G11_Rep3_Set4_amphotericine,0.3556069227116396,0.26468278056790134,0.47114295361203573,4690
fRS585_Rep3_Set4_amphotericine,0.26474908456137036,0.19246732852851242,0.34175534675445984,4778
40_C9_Rep2_Set4_amphotericine,0.4194780464638591,0.3889039188359769,0.4845205176578288,4940
40_E7_Rep2_Set4_amphotericine,0.3944692565050325,0.35387136591043505,0.4406826686732492,5000
40_F6_Rep2_Set4_amphotericine,0.40840882109168275,0.3647653603833208,0.485769669300784,4910
40_G9_Rep2_Set4_amphotericine,0.5950989259174583,0.5211563471277415,0.6610117121025865,5000
40_G11_Rep2_Set4_amphotericine,0.6204779180356415,0.5172215784960672,0.7266098851566477,4854
fRS585_Rep2_Set4_amphotericine,0.35535492315009515,0.32410298505259544,0.3958812733306325,5000
40_C9_Rep1_Set4_amphotericine,0.5447483404835335,0.5137402910170096,0.6063717358207149,5000
40_E7_Rep1_Set4_amphotericine,0.49550696179723547,0.4442088052091609,0.5250583194867763,3035
40_E11_Rep1_Set4_amphotericine,0.4305667393032636,0.3411255709536738,0.4841727652149746,4299
40_F6_Rep1_Set4_amphotericine,0.3141127487256528,0.2641826171199502,0.3659888373699736,5000
40_G9_Rep1_Set4_amphotericine,0.4974780243618126,0.44950644422302544,0.5381689598780163,4998
40_G11_Rep1_Set4_amphotericine,0.4919924733363096,0.40947149817391354,0.4976624981375022,3465
fRS585_Rep1_Set4_amphotericine,0.3823056564659005,0.28321009876858133,0.4727088126334715,4627
35_F2_Rep3_Set3_amphotericine,0.16632419742809454,0.13396678361070063,0.1851026986642045,4989
35_F4_Rep3_Set3_amphotericine,0.1445380413685033,0.13090422719281378,0.16397709158495294,5000
35_F6_Rep3_Set3_amphotericine,0.1421638925463127,0.12718587821113148,0.15678538278918905,4893
35_G5_Rep3_Set3_amphotericine,0.15668830226219704,0.13037414481880277,0.17769976208662996,4918
35_G9_Rep3_Set3_amphotericine,0.13595400494826937,0.11313731707964335,0.15634398787723872,4885
35_G11_Rep3_Set3_amphotericine,0.10590918738956799,0.09111340828276933,0.12582661818943375,5000
fRS585_Rep3_Set3_amphotericine,0.3878934035017745,0.12055055217446389,1.0060149221586763,4994
35_F2_Rep2_Set3_amphotericine,0.15803546225471904,0.14585415561599308,0.17528164838335195,5000
35_F4_Rep2_Set3_amphotericine,0.1881954543766943,0.16301107095427847,0.2371883192239101,4934
35_F6_Rep2_Set3_amphotericine,0.1355838104926994,0.12799016515866826,0.14907737037830937,5000
35_G5_Rep2_Set3_amphotericine,0.16340449994611614,0.12695746529190632,0.19210594498878733,4959
35_G9_Rep2_Set3_amphotericine,0.1159788074964051,0.09907721432912747,0.13969605002622323,5000
35_G11_Rep2_Set3_amphotericine,0.0797602010887727,0.06644692284055453,0.10098756267625054,5000
fRS585_Rep2_Set3_amphotericine,0.49189770316437686,0.11355758083597454,1.594447693718518,4964
35_F2_Rep1_Set3_amphotericine,0.15576992643752116,0.13367672858377624,0.18002720417989834,5000
35_F4_Rep1_Set3_amphotericine,0.15115037200525075,0.14006349438380133,0.16734814073126708,5000
35_F6_Rep1_Set3_amphotericine,0.12825298355296053,0.10610679404536366,0.15610028235563783,5000
35_G5_Rep1_Set3_amphotericine,0.1547230661067743,0.14258491389568534,0.17544677030980468,5000
35_G9_Rep1_Set3_amphotericine,0.1476633686690008,0.13177906638021536,0.16463429803305168,5000
35_G11_Rep1_Set3_amphotericine,0.13997491502542234,0.12981799292942836,0.15658700866513944,5000
fRS585_Rep1_Set3_amphotericine,0.5829687522445175,0.186961651167062,1.3895913660700752,4976
35_D2_Rep3_Set2_amphotericine,0.2989413703599015,0.2582774769081173,0.3410223849249617,4875
35_D4_Rep3_Set2_amphotericine,0.10354979584214467,0.08719629118831242,0.13138488722098507,5000
35_D8_Rep3_Set2_amphotericine,0.2548133932748057,0.23232241660929298,0.2865484157174109,4999
35_E7_Rep3_Set2_amphotericine,0.2570461211103294,0.24861973081924527,0.2757681116732301,5000
35_E9_Rep3_Set2_amphotericine,0.3099942762825868,0.28034054669790404,0.34417308387402584,5000
35_E11_Rep3_Set2_amphotericine,0.27270787483083714,0.2372009880856582,0.31687249888513597,4790
fRS585_Rep3_Set2_amphotericine,0.4006355823896732,0.16390576096925996,0.8332626950436826,5000
35_D2_Rep2_Set2_amphotericine,0.3470122688738114,0.3182579372416928,0.39162140201938583,5000
35_D4_Rep2_Set2_amphotericine,0.1376888729469018,0.10812760785181896,0.17679789017120115,5000
35_D8_Rep2_Set2_amphotericine,0.30706584122796915,0.27103748441690717,0.342247243213736,4999
35_E7_Rep2_Set2_amphotericine,0.3184143403753864,0.2942943201891691,0.37047320871496403,5000
35_E9_Rep2_Set2_amphotericine,0.38338493462780604,0.33644940500926696,0.4703995807564127,4709
35_E11_Rep2_Set2_amphotericine,0.38924708359094884,0.33621057745620053,0.4714802911580726,4353
fRS585_Rep2_Set2_amphotericine,0.700461885969533,0.3374038029420253,1.2349966778396109,4990
35_D2_Rep1_Set2_amphotericine,0.46044294879920905,0.32751642772138945,0.4749289675565543,4189
35_D4_Rep1_Set2_amphotericine,0.18218161242761474,0.16718697211137265,0.2086028670590478,4999
35_D8_Rep1_Set2_amphotericine,0.31235248581790354,0.2594009057700742,0.3544205625740101,4896
35_E7_Rep1_Set2_amphotericine,0.3211485975967756,0.2616892038228887,0.3713180755176009,4977
35_E9_Rep1_Set2_amphotericine,0.3081742194657389,0.2784147711581542,0.3523066056308076,5000
35_E11_Rep1_Set2_amphotericine,0.3056077154374055,0.2587342636602991,0.3449852460050914,4990
fRS585_Rep1_Set2_amphotericine,0.7582497271205422,0.4275154345217452,1.2420278531695677,4986
35_B2_Rep3_Set1_amphotericine,0.2942267356329659,0.25190930757324204,0.3324755563418068,4880
35_B6_Rep3_Set1_amphotericine,0.25446015285772977,0.23552620390318735,0.2754993582153293,4694
35_B8_Rep3_Set1_amphotericine,0.31719435524481443,0.2610801182483492,0.4043743745120046,4889
35_C5_Rep3_Set1_amphotericine,0.2895337548531492,0.244647775402655,0.3306584602761081,4878
35_C7_Rep3_Set1_amphotericine,0.31442419263894406,0.257952266366038,0.4238611250163451,4826
35_C9_Rep3_Set1_amphotericine,0.3361891535428482,0.26533612348141816,0.46550087772374854,4714
fRS585_Rep3_Set1_amphotericine,0.7231220317826254,0.2921642304131437,1.4518198923728136,4979
35_B2_Rep2_Set1_amphotericine,0.36480370799100154,0.330902817918051,0.4691901396168142,4943
35_B6_Rep2_Set1_amphotericine,0.34880394900126227,0.2732634205539842,0.4641953984522028,4745
35_B8_Rep2_Set1_amphotericine,0.33429765846747056,0.2644787670543963,0.3709533217696598,4999
35_C5_Rep2_Set1_amphotericine,0.3067737177327596,0.2590650589642528,0.35306305144634054,4990
35_C7_Rep2_Set1_amphotericine,0.38201283593545077,0.30855715442715415,0.4803031602448537,4934
35_C9_Rep2_Set1_amphotericine,0.3104878103101322,0.25422602857098725,0.37991479263380334,5000
fRS585_Rep2_Set1_amphotericine,0.6313796034130051,0.278688102494106,1.2675942105427416,4989
35_B2_Rep1_Set1_amphotericine,0.33198877575042557,0.26290557298318035,0.4138698078166744,4954
35_B6_Rep1_Set1_amphotericine,0.3125185900969317,0.2412187767983257,0.38601897938384977,4870
35_C5_Rep1_Set1_amphotericine,0.336032950967648,0.2611996180692963,0.45114040919037823,4614
35_C7_Rep1_Set1_amphotericine,0.45928370835790094,0.331594570583448,0.4786593196555715,3947
35_C9_Rep1_Set1_amphotericine,0.46338253948004243,0.28190027407406176,0.4835404105238925,4292
fRS585_Rep1_Set1_amphotericine,1.004608978700743,0.43377399091814817,2.0028582089658653,4917
40_C9_Rep3_Set4_fluconazole,13.721716507040352,8.70759355104395,21.017707314365868,5000
40_E7_Rep3_Set4_fluconazole,23.880763418336763,8.856073982336488,60.715768655078364,5000
40_E11_Rep3_Set4_fluconazole,35.74898689955439,19.49076825283847,55.799354669036674,4975
40_F6_Rep3_Set4_fluconazole,23.9690246826871,19.714960169208407,30.3738624970097,5000
40_G9_Rep3_Set4_fluconazole,168.60676387757113,133.17318257868232,209.09454214412193,4943
40_G11_Rep3_Set4_fluconazole,74.48052168154899,47.740753537972935,105.44552679655966,5000
fRS585_Rep3_Set4_fluconazole,25.8880248308188,19.037139423319775,37.9083630066039,5000
40_C9_Rep2_Set4_fluconazole,40.28968578939537,29.833081787744522,55.052695476520846,5000
40_E7_Rep2_Set4_fluconazole,26.369370601565787,18.606896129600848,38.39437364794447,5000
40_E11_Rep2_Set4_fluconazole,22.759178657455333,17.24306101986053,30.01229056704648,5000
40_F6_Rep2_Set4_fluconazole,20.475896252906438,15.02882316021877,27.992799819335566,5000
40_G9_Rep2_Set4_fluconazole,34.77634192658104,25.42595189414716,46.89569211806091,5000
40_G11_Rep2_Set4_fluconazole,53.041538042721996,33.34475353472294,80.13630154637104,5000
fRS585_Rep2_Set4_fluconazole,17.52318941055926,14.004932791718353,23.131193986656807,5000
40_C9_Rep1_Set4_fluconazole,44.43173235884676,32.30495118104834,62.66872718149805,5000
40_E7_Rep1_Set4_fluconazole,26.919623485829828,17.51461057984247,39.63770148015538,5000
40_E11_Rep1_Set4_fluconazole,19.276828931109694,13.287317578631267,28.654172056263064,5000
40_F6_Rep1_Set4_fluconazole,17.539797246538637,12.168435197093853,26.434848931125007,5000
40_G9_Rep1_Set4_fluconazole,86.1451867997729,67.98760848593716,109.22939036592119,5000
40_G11_Rep1_Set4_fluconazole,48.95963556694985,24.8655048534209,85.87055873579175,5000
fRS585_Rep1_Set4_fluconazole,15.546326377373443,12.07224045516673,20.80127751861212,5000
35_F2_Rep3_Set3_fluconazole,30.38893812059183,22.50962284083352,43.556640480965044,5000
35_F4_Rep3_Set3_fluconazole,36.34030678302753,24.315836927765165,55.405426615227164,5000
35_F6_Rep3_Set3_fluconazole,19.50274034326322,13.745496454947471,28.20455494955018,5000
35_G5_Rep3_Set3_fluconazole,28.040789569719035,22.55677669943126,36.59294217390964,5000
35_G9_Rep3_Set3_fluconazole,21.168222326231184,14.92270604888504,31.221894238738535,5000
35_G11_Rep3_Set3_fluconazole,17.025854356350642,11.722891276969362,26.2225040912527,5000
fRS585_Rep3_Set3_fluconazole,8.9677348972508,5.833072320434552,14.51677664322384,5000
35_F2_Rep2_Set3_fluconazole,21.86002734293512,16.48740674604846,31.322983505829697,5000
35_F4_Rep2_Set3_fluconazole,15.475140467739818,11.743372198036575,16.36837916093458,3376
35_F6_Rep2_Set3_fluconazole,17.74136952789778,13.763024711039176,23.9549711319821,5000
35_G5_Rep2_Set3_fluconazole,24.797401229180032,18.222014895649895,34.205517315396584,5000
35_G9_Rep2_Set3_fluconazole,21.22037742265273,16.04239835830328,30.72139057541379,5000
35_G11_Rep2_Set3_fluconazole,16.237065412980307,10.911685402073532,25.018804474073224,5000
fRS585_Rep2_Set3_fluconazole,21.2383568771412,15.587843854313101,30.026785601856705,5000
35_F2_Rep1_Set3_fluconazole,25.92108336990084,16.892647072263394,39.11201452616262,5000
35_F4_Rep1_Set3_fluconazole,26.72679555014355,17.86799242621508,41.25227587644533,5000
35_F6_Rep1_Set3_fluconazole,15.291605217554645,10.134158898429355,23.956961497445032,5000
35_G5_Rep1_Set3_fluconazole,26.126118611591394,17.813356741995484,36.718095979540536,5000
35_G9_Rep1_Set3_fluconazole,22.533646376647344,16.27978630925653,32.77634109250204,5000
35_G11_Rep1_Set3_fluconazole,15.184089391670259,10.539326275941782,22.36053439245256,5000
fRS585_Rep1_Set3_fluconazole,23.148760821783128,17.148310304153167,32.159961318168676,5000
35_D2_Rep3_Set2_fluconazole,15.080210635469038,10.666357414391353,22.578744094559703,5000
35_D4_Rep3_Set2_fluconazole,1.8142921517361807,1.5243743146957616,2.196570779483111,4952
35_D8_Rep3_Set2_fluconazole,22.216551588169757,14.195110144791899,35.591475716079024,5000
35_E7_Rep3_Set2_fluconazole,16.960139464353805,12.861326371678278,23.589784057068997,5000
35_E9_Rep3_Set2_fluconazole,23.961775471573475,18.60960649576352,32.57218325953411,5000
35_E11_Rep3_Set2_fluconazole,23.36554157733072,16.34027477867781,34.73260998100012,5000
fRS585_Rep3_Set2_fluconazole,7.634552954605824,3.144514297885514,17.52675506297019,5000
35_D2_Rep2_Set2_fluconazole,26.298561340369712,18.82318973736315,38.678902117535365,5000
35_D4_Rep2_Set2_fluconazole,2.231761102799135,1.9736410698033364,2.610815232294142,5000
35_D8_Rep2_Set2_fluconazole,18.224436360713664,11.900845944431488,28.173277089538534,5000
35_E7_Rep2_Set2_fluconazole,18.737818163722416,12.54010489932616,28.396729996400737,5000
35_E9_Rep2_Set2_fluconazole,14.591317304230474,9.876857795876681,22.257202545108466,5000
35_E11_Rep2_Set2_fluconazole,16.1288012303588,11.740186814374244,23.001044436615423,5000
fRS585_Rep2_Set2_fluconazole,16.31938419882602,12.022788256800048,23.54255424460961,5000
35_D2_Rep1_Set2_fluconazole,18.577442649514904,12.890793655616848,27.738688719852952,5000
35_D4_Rep1_Set2_fluconazole,2.063972654001285,1.8984493395239197,2.3858772786290805,5000
35_D8_Rep1_Set2_fluconazole,15.938196352708555,10.682958847546134,25.160249698573168,5000
35_E7_Rep1_Set2_fluconazole,17.080446719487803,11.151241674963762,26.115104533694527,5000
35_E9_Rep1_Set2_fluconazole,17.077508407824066,13.06439549283177,23.164419616830113,5000
35_E11_Rep1_Set2_fluconazole,15.65230498614688,10.058373732905459,23.432088405857467,5000
fRS585_Rep1_Set2_fluconazole,3.4500714525319265,1.624994848620251,7.129402982471339,5000
35_B2_Rep3_Set1_fluconazole,23.944196632882004,17.361915342704222,33.5101938939872,5000
35_B6_Rep3_Set1_fluconazole,21.574050734913236,13.423967982989497,36.04359038528126,5000
35_B8_Rep3_Set1_fluconazole,21.220087353733973,14.85060341554232,32.21042110629342,5000
35_C5_Rep3_Set1_fluconazole,22.29139465695489,12.452664647865715,39.96454703667735,5000
35_C7_Rep3_Set1_fluconazole,17.507929051659758,11.903272150587785,26.05350040522907,5000
35_C9_Rep3_Set1_fluconazole,22.926626499623534,16.942510253833948,31.728961296575598,5000
fRS585_Rep3_Set1_fluconazole,21.405545886984566,13.722785512725938,32.958168797052416,4999
35_B2_Rep2_Set1_fluconazole,19.87305190327829,15.177071564191314,27.54851438108605,5000
35_B6_Rep2_Set1_fluconazole,15.631297358089403,11.548112744278102,22.20667228058425,5000
35_B8_Rep2_Set1_fluconazole,17.919154839774958,13.509807341922466,24.685689133677673,5000
35_C5_Rep2_Set1_fluconazole,18.79811124525772,14.3079382382817,25.94661319662839,5000
35_C7_Rep2_Set1_fluconazole,23.1267772170918,16.508527172657598,33.11738753602369,5000
35_C9_Rep2_Set1_fluconazole,18.450702304916046,12.94280586073115,27.120680640182577,5000
fRS585_Rep2_Set1_fluconazole,17.881893204500965,9.365704731441042,32.97558933598697,4995
35_B2_Rep1_Set1_fluconazole,17.176999364835208,12.331999106032107,24.558718793363777,5000
35_B6_Rep1_Set1_fluconazole,15.316381408915003,11.429994152451606,21.271814600801868,5000
35_B8_Rep1_Set1_fluconazole,12.892822485373381,8.71710512598049,19.69457708275482,5000
35_C5_Rep1_Set1_fluconazole,17.175823602043828,12.516478478831358,24.633442851746047,5000
35_C7_Rep1_Set1_fluconazole,17.827442570643328,12.766337743701747,25.460361680189,5000
35_C9_Rep1_Set1_fluconazole,16.511783348314445,10.513897957931814,26.786899045936863,5000
fRS585_Rep1_Set1_fluconazole,17.536242970900357,12.84843573253132,25.345395804585195,5000
40_C9_Rep3_Set4_caspofungin,0.01926007829417448,0.01626917323878184,0.021775794310420385,4933
40_E7_Rep3_Set4_caspofungin,0.021192522471643348,0.01660855581873068,0.029098933306681205,4720
40_E11_Rep3_Set4_caspofungin,0.014738772371547165,0.010426165628597956,0.015203565498542002,3510
40_F6_Rep3_Set4_caspofungin,0.014084274580445979,0.012136279703299096,0.015543847059178856,4650
40_G9_Rep3_Set4_caspofungin,0.028342108552378526,0.020148863010175225,0.02944317295094615,3658
40_G11_Rep3_Set4_caspofungin,0.02846904230622882,0.017526265571217843,0.0298113706777614,3582
fRS585_Rep3_Set4_caspofungin,0.019750243108452397,0.01646451112245822,0.02330401662776483,4991
40_C9_Rep2_Set4_caspofungin,0.019251860569302958,0.016306300584120043,0.021093497810875658,4888
40_E7_Rep2_Set4_caspofungin,0.028520278720862415,0.01978856096013291,0.029630716234875225,3241
40_E11_Rep2_Set4_caspofungin,0.013468819458214274,0.011260184589638025,0.016172419356593304,5000
40_F6_Rep2_Set4_caspofungin,0.012660861635529251,0.01047366771456056,0.015688719427434706,5000
40_G9_Rep2_Set4_caspofungin,0.019136711684889104,0.01621311579620906,0.02226034491948359,4961
40_G11_Rep2_Set4_caspofungin,0.018372736431677108,0.016176270847754748,0.021012541606303132,4985
fRS585_Rep2_Set4_caspofungin,0.006511724294363656,0.0052594619747947605,0.008323533707871613,5000
40_C9_Rep1_Set4_caspofungin,0.016747195160090787,0.015496889347195843,0.01872216066050902,4716
40_E7_Rep1_Set4_caspofungin,0.019017996575470555,0.01623354466592752,0.021527459249163168,4940
40_E11_Rep1_Set4_caspofungin,0.014760442993305103,0.011872222288503022,0.01916457853217822,4706
40_F6_Rep1_Set4_caspofungin,0.017564813869742003,0.014854087478197338,0.020719079409942852,4974
40_G11_Rep1_Set4_caspofungin,0.01997751040996141,0.016278080997076273,0.024231392954711654,4908
35_F2_Rep3_Set3_caspofungin,0.017005554846260016,0.014706850092979368,0.01960893349693764,5000
35_F4_Rep3_Set3_caspofungin,0.019406983771321752,0.016148200387604245,0.024558666546019584,4717
35_F6_Rep3_Set3_caspofungin,0.015117201700410494,0.01239950627823596,0.016888568276128408,4837
35_G5_Rep3_Set3_caspofungin,0.01676024336715387,0.01362197868259082,0.019820628977847782,4855
35_G9_Rep3_Set3_caspofungin,0.01966085867881864,0.01626117377970456,0.022314087259408595,4897
35_G11_Rep3_Set3_caspofungin,0.021086840725840807,0.016514407431515526,0.025426103751973,4981
fRS585_Rep3_Set3_caspofungin,0.01967044773128421,0.01581153465710759,0.026154209427971302,4829
35_F2_Rep2_Set3_caspofungin,0.019106878971537282,0.016371672639073388,0.021022861738565234,5000
35_F4_Rep2_Set3_caspofungin,0.011607201046912149,0.009744672741507367,0.013361391036711879,4997
35_F6_Rep2_Set3_caspofungin,0.01137258289963096,0.010239570767647786,0.012840943985048621,5000
35_G5_Rep2_Set3_caspofungin,0.01516455035389465,0.012684525548034994,0.01534915966299359,3842
35_G9_Rep2_Set3_caspofungin,0.012709579104200605,0.010825290571132622,0.015031455339898478,4779
35_G11_Rep2_Set3_caspofungin,0.011183138932407424,0.009251738242168238,0.01490721054333817,4933
fRS585_Rep2_Set3_caspofungin,0.01591572345562776,0.013946893457002712,0.018295187642279116,4882
35_F2_Rep1_Set3_caspofungin,0.014258113382315125,0.011479144211933792,0.01731719400629555,5000
35_F4_Rep1_Set3_caspofungin,0.015642344795253865,0.013414766039461184,0.018485563491749932,5000
35_F6_Rep1_Set3_caspofungin,0.015326310740047925,0.013104717589776157,0.015528755025574973,3552
35_G9_Rep1_Set3_caspofungin,0.015112769666798203,0.013397327417019548,0.016811765245855086,4751
35_G11_Rep1_Set3_caspofungin,0.014458237433965506,0.012938338491384645,0.015781186338386703,4899
fRS585_Rep1_Set3_caspofungin,0.015171985200551194,0.012915896102274062,0.017925779515710245,4885
35_D2_Rep3_Set2_caspofungin,0.014987359795480997,0.010507157819526618,0.021717798792128668,4829
35_D4_Rep3_Set2_caspofungin,0.04801967764757964,0.03302155698778174,0.061083322492699856,4242
35_D8_Rep3_Set2_caspofungin,0.015525216658528443,0.014320580126830462,0.016586828512083023,3339
35_E7_Rep3_Set2_caspofungin,0.012733339796495954,0.010106676417657535,0.01574413571708085,4997
35_E9_Rep3_Set2_caspofungin,0.01519499268484785,0.012790859835461226,0.016157799280011282,4580
35_E11_Rep3_Set2_caspofungin,0.01503487953999032,0.01078575807206979,0.015320975374711812,3462
fRS585_Rep3_Set2_caspofungin,0.01633630298547595,0.012241115815189222,0.022247949844823044,4700
35_D2_Rep2_Set2_caspofungin,0.015139168358302382,0.013058061175395139,0.015323106196018238,4014
35_D4_Rep2_Set2_caspofungin,0.04166131011428365,0.032783991023469454,0.05374112782102301,4908
35_D8_Rep2_Set2_caspofungin,0.01026754996986466,0.00823946207821676,0.011555287269101756,4795
35_E7_Rep2_Set2_caspofungin,0.010074002527791451,0.008131053245664144,0.012234126370284983,4867
35_E9_Rep2_Set2_caspofungin,0.012000025166802018,0.00989412418486221,0.014900971463493583,4885
fRS585_Rep2_Set2_caspofungin,0.017454528341412968,0.013535460059093068,0.022929590128606025,4668
35_D2_Rep1_Set2_caspofungin,0.010890304157868631,0.009436054944205907,0.012844420469256875,5000
35_D4_Rep1_Set2_caspofungin,0.0343185525258215,0.027188635624457405,0.04477874387747227,4673
35_D8_Rep1_Set2_caspofungin,0.009189809291355874,0.008360134397572752,0.010512061466486531,4999
35_E7_Rep1_Set2_caspofungin,0.011059998612982238,0.010107746648846313,0.01240612057696457,5000
35_E9_Rep1_Set2_caspofungin,0.011668399959580857,0.010458090453965644,0.013286107583431404,5000
35_E11_Rep1_Set2_caspofungin,0.011971173589755302,0.009869552559065287,0.015394439524273312,4985
fRS585_Rep1_Set2_caspofungin,0.021009645304582603,0.013838073736501682,0.03137338174383118,4801
35_B2_Rep3_Set1_caspofungin,0.019836881838278815,0.01559629264173848,0.029316812072811817,4753
35_B6_Rep3_Set1_caspofungin,0.010800660708038567,0.009817665624179182,0.012486310965812746,5000
35_B8_Rep3_Set1_caspofungin,0.016036911783807017,0.014217610274628294,0.018229602112068786,5000
35_C5_Rep3_Set1_caspofungin,0.015001220132690939,0.01415533959923472,0.01633390377960374,5000
35_C7_Rep3_Set1_caspofungin,0.017490349564034877,0.01592460523043478,0.01941258922660309,4928
35_C9_Rep3_Set1_caspofungin,0.01562805496695399,0.011672513966799367,0.016048991994591977,600
fRS585_Rep3_Set1_caspofungin,0.022955701787824495,0.01682484990152709,0.029767396582632742,4370
35_B2_Rep2_Set1_caspofungin,0.015315204293204415,0.01348257962768665,0.01707758322474564,4963
35_B6_Rep2_Set1_caspofungin,0.013643730943472982,0.011834396165482871,0.015405926362290013,4909
35_B8_Rep2_Set1_caspofungin,0.007830784654592363,0.005909509806227748,0.01032084660241415,5000
35_C5_Rep2_Set1_caspofungin,0.011410046324034256,0.010195103771343014,0.012755502748919045,5000
35_C7_Rep2_Set1_caspofungin,0.012399536016415622,0.011649264851307734,0.013502666766220566,5000
35_C9_Rep2_Set1_caspofungin,0.012904822336508928,0.010061628270520238,0.015004640880706938,4292
fRS585_Rep2_Set1_caspofungin,0.018453951868577727,0.014526084666489691,0.02387765722651265,4956
35_B2_Rep1_Set1_caspofungin,0.017990743234676768,0.015517728584337236,0.021186933604905065,5000
35_B6_Rep1_Set1_caspofungin,0.010602873283482939,0.00911378572828227,0.013245379315123155,5000
35_B8_Rep1_Set1_caspofungin,0.018035085745288552,0.01700996120089493,0.01996052863303647,5000
35_C5_Rep1_Set1_caspofungin,0.017403870024776964,0.014577186910768026,0.02123392845033598,4681
35_C7_Rep1_Set1_caspofungin,0.01636350738217671,0.014446043129306897,0.01877659255934202,4690
35_C9_Rep1_Set1_caspofungin,0.015269695362337226,0.011653962554575301,0.02021660996606033,5000
fRS585_Rep1_Set1_caspofungin,0.019344836884923593,0.013426574051778582,0.027153781994083748,4968
40_D2_Rep3_Set2_caspofungin,0.031145749214395058,0.029003411484250743,0.03493308487264538,2910
40_D4_Rep3_Set2_caspofungin,0.01954217773845614,0.016298810495558275,0.02161420999948779,4880
40_D8_Rep3_Set2_caspofungin,0.02036674389190874,0.018931074535617598,0.022482097094677106,5000
40_E7_Rep3_Set2_caspofungin,0.02610112610985742,0.024459445345003872,0.028189128594926848,5000
40_E9_Rep3_Set2_caspofungin,0.02142895525946371,0.016537519355986057,0.028997273869286865,4752
40_E11_Rep3_Set2_caspofungin,0.02918357762230633,0.017932017667735414,0.03026116457457651,4342
40_D2_Rep2_Set2_caspofungin,0.01955630141488146,0.016588319501141126,0.023252002986586362,5000
40_D4_Rep2_Set2_caspofungin,0.02224263257024067,0.01676132601223344,0.02951121205228366,4515
40_D8_Rep2_Set2_caspofungin,0.02136616903191684,0.016679899527902924,0.023786361944044803,4975
40_E9_Rep2_Set2_caspofungin,0.020607998648646868,0.01834703302451545,0.022974249109922584,5000
40_E11_Rep2_Set2_caspofungin,0.021513618811843476,0.019502695930915134,0.023645967482560534,5000
40_D2_Rep1_Set2_caspofungin,0.022527282407433423,0.020775456880938355,0.024743031365580048,5000
40_D4_Rep1_Set2_caspofungin,0.023210571259340156,0.019478571995272344,0.029470052446796173,4632
40_D8_Rep1_Set2_caspofungin,0.017440942387237077,0.013830844505621857,0.02167311234740961,4837
40_E7_Rep1_Set2_caspofungin,0.03692063353331979,0.03208886541688618,0.042176289284239186,4915
40_E9_Rep1_Set2_caspofungin,0.015122071964517871,0.012145375994617383,0.018923488232597735,5000
40_E11_Rep1_Set2_caspofungin,0.028784081714426694,0.018063479840317684,0.029749983596980455,3362
40_B2_Rep3_Set1_caspofungin,0.03073264647278824,0.027998215804640958,0.030965018299647075,3666
40_B6_Rep3_Set1_caspofungin,0.018960193824392263,0.015860266144707227,0.022014436645990815,4977
40_B8_Rep3_Set1_caspofungin,0.020669589792072597,0.018360287796265605,0.022746755367120116,5000
40_C5_Rep3_Set1_caspofungin,0.017751318209699628,0.01542797071102746,0.02020851778783763,4999
40_C7_Rep3_Set1_caspofungin,0.01769425872329544,0.01519362149348312,0.02085969805782186,4731
40_B2_Rep2_Set1_caspofungin,0.029768887354311983,0.02811730070184662,0.03135389526496232,4983
40_B6_Rep2_Set1_caspofungin,0.01925764721514212,0.0163525622050123,0.02189392832932377,4996
40_B8_Rep2_Set1_caspofungin,0.019198037754241254,0.017515252812319308,0.020882476478295216,5000
40_C5_Rep2_Set1_caspofungin,0.02912884502765914,0.02133604010018995,0.029625360401820518,2738
40_C7_Rep2_Set1_caspofungin,0.018007640999014828,0.01575628773451518,0.020462202534763434,4837
40_B2_Rep1_Set1_caspofungin,0.02383143996630118,0.020995902682928804,0.029058739727109737,4401
40_B8_Rep1_Set1_caspofungin,0.017913855447680514,0.016150587863175272,0.019717634337198617,4999
40_C5_Rep1_Set1_caspofungin,0.020249905161675116,0.016528232527055223,0.022281080474134483,4949
40_C7_Rep1_Set1_caspofungin,0.02208208027211752,0.016449032273662668,0.03959712720699233,4785
40_C9_Rep1_Set1_caspofungin,0.027299775619612172,0.02321358339861472,0.030691133648320892,4618
40_F2_Rep3_Set3_caspofungin,0.019643710120337263,0.016254183477182833,0.023083703379374817,4987
40_F4_Rep3_Set3_caspofungin,0.014636872567247654,0.011968421810613509,0.01709528041331885,4999
40_F6_Rep3_Set3_caspofungin,0.02708045545757116,0.018266663145502397,0.030178294164894863,4372
40_G5_Rep3_Set3_caspofungin,0.019355952781163976,0.015950236849840767,0.024663989526128912,4628
40_G9_Rep3_Set3_caspofungin,0.029452143845568865,0.019263739644459876,0.030301021219120573,4120
40_G11_Rep3_Set3_caspofungin,0.02977562414005706,0.02307911033221615,0.03652466160375956,4534
40_F2_Rep2_Set3_caspofungin,0.021861753676523567,0.019516256559157088,0.025103777198272264,4997
40_F4_Rep2_Set3_caspofungin,0.017115744253886005,0.016159140456539513,0.01855532294906725,5000
40_G5_Rep2_Set3_caspofungin,0.02214664707613002,0.016675035997583357,0.029223257951909266,4418
40_G9_Rep2_Set3_caspofungin,0.029824350725857346,0.02206340411701104,0.03118694114031363,4251
40_G11_Rep2_Set3_caspofungin,0.025728290884428476,0.021545357856854807,0.030461655610878883,4720
40_F2_Rep1_Set3_caspofungin,0.030463689386063603,0.025901324879869687,0.030820171272809133,3849
40_F4_Rep1_Set3_caspofungin,0.01973239415355739,0.018572268645663307,0.021470651211090992,5000
40_F6_Rep1_Set3_caspofungin,0.024646166573253303,0.019453887712857526,0.030279062165818136,4974
40_G5_Rep1_Set3_caspofungin,0.02898287099762963,0.021760993358438337,0.029881211587927014,4195
40_G9_Rep1_Set3_caspofungin,0.027659737816159564,0.026348544403870598,0.02920574744955533,5000
40_G11_Rep1_Set3_caspofungin,0.02462491528461883,0.021990112879663976,0.029644247292258927,4931
40_F2_Rep3_Set3_amphotericine,1.2510009210241408,1.1102965829113436,1.3939599658158979,5000
40_F4_Rep3_Set3_amphotericine,1.8683415037873876,1.7415949569165539,1.9852192295640827,4915
40_F6_Rep3_Set3_amphotericine,1.2631717263696363,1.0387420937843745,1.3988409933556571,4982
40_G5_Rep3_Set3_amphotericine,1.2373840400778018,1.1662666405654822,1.361555218933246,5000
40_G9_Rep3_Set3_amphotericine,1.9597897325964249,1.709943235594576,1.980096474838644,3251
40_G11_Rep3_Set3_amphotericine,1.8874055089383819,1.2965059287099459,1.9436559299237657,3371
40_F2_Rep2_Set3_amphotericine,1.159689938303782,1.0452421675681984,1.3466035811100887,5000
40_F4_Rep2_Set3_amphotericine,2.219133278055111,2.023722687221526,2.39753256806994,4915
40_F6_Rep2_Set3_amphotericine,1.2712863575997608,1.078116519183678,1.4797148475792865,5000
40_G5_Rep2_Set3_amphotericine,1.8627343396792992,1.195553214635921,1.9222402569358827,3509
40_G9_Rep2_Set3_amphotericine,1.9515446222159987,1.704332608601149,1.9738775211006518,3799
40_G11_Rep2_Set3_amphotericine,1.819547315994261,1.4360362539661118,1.9642095335141363,4494
40_F2_Rep1_Set3_amphotericine,1.274039684304152,1.090180308542388,1.4670965382234789,5000
40_F4_Rep1_Set3_amphotericine,2.1178237974299035,1.9368657835247185,2.2776093532110058,4892
40_F6_Rep1_Set3_amphotericine,1.5234307603373256,1.2739881753424533,1.7839355803598125,5000
40_G5_Rep1_Set3_amphotericine,1.3269109826774923,1.1190913465446224,1.5083471395760917,5000
40_G9_Rep1_Set3_amphotericine,2.351102579030006,2.0648948983030304,2.5199047224968107,4969
40_G11_Rep1_Set3_amphotericine,1.6896204137746136,1.460463941307852,1.9583223858634227,4922
40_D2_Rep3_Set2_amphotericine,0.6899541914123837,0.5039000157213338,0.8832826990086191,4999
40_D4_Rep3_Set2_amphotericine,1.0859197677240866,0.9158332975021173,1.3684665460248755,4527
40_D8_Rep3_Set2_amphotericine,1.0148840477088785,0.8780206912170111,1.1458498771220784,4568
40_E7_Rep3_Set2_amphotericine,1.689205577591465,1.3916563598185632,1.9661811179737976,4825
40_E9_Rep3_Set2_amphotericine,1.3583947045642266,1.1578400137953273,1.5969978895495287,5000
40_E11_Rep3_Set2_amphotericine,1.850089941318229,1.1061135197147915,1.9308895474517813,4491
40_D2_Rep2_Set2_amphotericine,1.051537156516853,0.7864684002547374,1.3767811661733642,4940
40_D4_Rep2_Set2_amphotericine,1.2855393384217622,0.9994988989145137,1.5106247258165069,4880
40_D8_Rep2_Set2_amphotericine,0.9776357031853525,0.7800039613898506,1.1644052387294104,5000
40_E7_Rep2_Set2_amphotericine,1.9615866987553665,1.6185086941732014,2.0171599142139165,3621
40_E9_Rep2_Set2_amphotericine,1.5607696242729223,1.2290462033129927,1.958388321372633,4998
40_E11_Rep2_Set2_amphotericine,1.912951326008993,1.4721381305842187,1.9526971851915313,3963
40_D2_Rep1_Set2_amphotericine,1.3526639008527876,1.0557673418706623,1.8251307344701067,4845
40_D4_Rep1_Set2_amphotericine,1.4574883837347963,1.0734370630673016,1.7785831998242752,4845
40_D8_Rep1_Set2_amphotericine,1.0164463208291994,0.934328619011351,1.1282995460747436,5000
40_E7_Rep1_Set2_amphotericine,1.6246099528793605,1.4590083205109503,1.774920894021404,5000
40_E9_Rep1_Set2_amphotericine,1.6546969927206028,1.4104408883480557,1.8906532759769996,5000
40_E11_Rep1_Set2_amphotericine,1.6939412357086558,1.4116935844121574,1.992000407589134,4604
40_B2_Rep3_Set1_amphotericine,1.8770672523738576,1.4196001389748816,1.9205079470470836,4091
40_B6_Rep3_Set1_amphotericine,0.7293340188373728,0.5947692889510863,0.8916615555153277,5000
40_B8_Rep3_Set1_amphotericine,1.4313479665300832,1.2440926239766426,1.5665706710081553,5000
40_C5_Rep3_Set1_amphotericine,1.776657428539419,1.6364713731958742,1.9639024864889214,4954
40_C7_Rep3_Set1_amphotericine,0.9323765448046433,0.6456424277212078,1.426748313737684,4740
40_C9_Rep3_Set1_amphotericine,1.9012822146085753,1.1085620854665938,1.9668616062615711,4188
40_B2_Rep2_Set1_amphotericine,1.7077412005405828,1.5914254702750097,1.9414476129938103,4990
40_B6_Rep2_Set1_amphotericine,0.7705808464576392,0.6468285005989767,0.9061553322219329,5000
40_B8_Rep2_Set1_amphotericine,1.4806510084566038,1.249709043435585,1.65913760419544,5000
40_C5_Rep2_Set1_amphotericine,1.66979994983492,1.5516318254671146,1.7759788328783086,5000
40_C7_Rep2_Set1_amphotericine,0.7159380101530047,0.5091688751913284,0.9661305468560883,5000
40_C9_Rep2_Set1_amphotericine,1.6250342900529267,1.0788862169990496,1.9663245680757124,4593
40_B2_Rep1_Set1_amphotericine,1.9726326959069431,1.7958690245213726,1.9890029161662244,3356
40_B6_Rep1_Set1_amphotericine,0.960166451201083,0.7747014319557723,1.1567711890909809,5000
40_B8_Rep1_Set1_amphotericine,1.641563083821057,1.521607522938436,1.7964202996677583,5000
40_C5_Rep1_Set1_amphotericine,2.10022776774872,1.6896102773340378,2.4597552134008014,4999
40_C7_Rep1_Set1_amphotericine,0.8468383213891175,0.7158198383718489,0.9760107681908512,5000
40_C9_Rep1_Set1_amphotericine,1.879855786266044,1.712019046670489,2.0107783132036228,4979
WT Casp-Ev 1_NA_Rep3_caspofungin,0.09062862344906622,0.07704624154615008,0.1040657179276039,5000
WT Casp-Ev 2_NA_Rep3_caspofungin,0.04275815087030927,0.03320012347511481,0.05816143472228412,4435
WT Casp-Ev 3_NA_Rep3_caspofungin,0.1015802180241402,0.08858434730373083,0.1155261867855108,4992
fRS585_NA_Rep3_caspofungin,0.01424714220820479,0.009406362165337146,0.014856681131855636,3622
WT Casp-Ev 1_NA_Rep2_caspofungin,0.10638228173673075,0.09636183293345642,0.11710367683763778,5000
WT Casp-Ev 2_NA_Rep2_caspofungin,0.05665076570234525,0.04135639150474423,0.05847844332925535,3963
WT Casp-Ev 3_NA_Rep2_caspofungin,0.07371539658658519,0.060040928564560773,0.08885191252961241,5000
fRS585_NA_Rep2_caspofungin,0.009646833129361428,0.00900797751831829,0.010501410124419689,5000
WT Casp-Ev 1_NA_Rep1_caspofungin,0.11432707273426616,0.08353242998662155,0.1341672698531447,4813
WT Casp-Ev 2_NA_Rep1_caspofungin,0.03632092281941986,0.031393535888017,0.04233944700034874,4977
WT Casp-Ev 3_NA_Rep1_caspofungin,0.08912680432987852,0.07522066842894959,0.10308295041508125,4999
fRS585_NA_Rep1_caspofungin,0.008694701621679077,0.007979525759748095,0.009452723016731435,4995
