gene_name,chrom_label,chrom,start,end,normalized_depth,CNV,gene_start,gene_end,gene_overlap_in_controls_count,partially_overlaps_control,mean_normalized_depth
CAGL0B00154g,ChrB,contig_26,506501,508500,"1.533928672607294, 1.5488914758957857, 1.815715758359172, 1.8837538154960467",duplication,505811.0,508678.0,0,False,1.6955724305895745
CAGL0B00220g,ChrB,contig_26,499001,500000,"1.502295152999863, 1.7527828760415705",duplication,498874.0,499894.0,0,False,1.6275390145207167
CAGL0B00242g,ChrB,contig_26,499001,499500,1.7527828760415705,duplication,499049.0,499598.0,0,False,1.7527828760415705
CAGL0B00264g,ChrB,contig_26,498001,498500,1.6072389830120746,duplication,498083.0,498715.0,0,False,1.6072389830120746
CAGL0B00286g,ChrB,contig_26,494501,500000,"1.502295152999863, 1.5127839667194631, 1.5239782227777263, 1.5746401212569987, 1.5789099038331191, 1.5804321741428664, 1.6072389830120746, 1.7527828760415705, 1.770623141500926",duplication,494233.0,501065.0,0,False,1.6004093935871786
CAGL0B00308g,ChrB,contig_26,494501,496000,"1.5127839667194631, 1.5239782227777263, 1.5746401212569987",duplication,492056.0,496394.0,0,False,1.5371341035847295
CAGL0B00352g,ChrB,contig_26,487001,487500,1.5078458703488191,duplication,486898.0,488303.0,0,False,1.5078458703488191
CAGL0B00528g,ChrB,contig_26,466501,467000,1.5495597896903088,duplication,464918.0,469097.0,0,False,1.5495597896903088
CAGL0B00550g,ChrB,contig_26,460001,463500,"1.506917656745315, 1.5072332493705063, 1.516533949677621, 1.5242381225867077, 1.6355866264631005",duplication,459787.0,465583.0,0,False,1.53810192096865
CAGL0B00572g,ChrB,contig_26,460501,461000,1.506917656745315,duplication,460679.0,461287.0,0,False,1.506917656745315
CAGL0B00616g,ChrB,contig_26,456001,456500,1.5182604269801394,duplication,455986.0,457298.0,0,False,1.5182604269801394
CAGL0B00660g,ChrB,contig_26,453501,454000,1.600165995353371,duplication,452348.0,454800.0,0,False,1.600165995353371
CAGL0B00704g,ChrB,contig_26,448001,448500,1.5529941800232754,duplication,448108.0,450288.0,0,False,1.5529941800232754
CAGL0B00770g,ChrB,contig_26,440001,441500,"1.549392711241678, 1.5662676345533888, 1.5821215229012446",duplication,440178.0,441927.0,0,False,1.565927289565437
CAGL0B00792g,ChrB,contig_26,438001,439000,"1.5578580193056386, 1.5646711071553612",duplication,437778.0,439880.0,0,False,1.5612645632305
CAGL0B00814g,ChrB,contig_26,436001,438500,"1.5646711071553612, 1.5985694679553433, 1.602727864899043",duplication,435196.0,438424.0,0,False,1.5886561466699158
CAGL0B00836g,ChrB,contig_26,436001,436500,1.5985694679553433,duplication,434843.0,436832.0,0,False,1.5985694679553433
CAGL0B00858g,ChrB,contig_26,433001,433500,1.5042629658392923,duplication,432751.0,434717.0,0,False,1.5042629658392923
CAGL0B00880g,ChrB,contig_26,432001,432500,1.5178520129945972,duplication,432118.0,433244.0,0,False,1.5178520129945972
CAGL0B00902g,ChrB,contig_26,429501,432000,"1.6337673278002314, 1.6530556064810538, 1.7152830464599913",duplication,429078.0,431837.0,0,False,1.6673686602470923
CAGL0B00924g,ChrB,contig_26,427001,428000,"1.6109332731540222, 1.655840247291567",duplication,427248.0,428835.0,0,False,1.6333867602227947
CAGL0B00946g,ChrB,contig_26,426001,426500,1.5750299709704707,duplication,425804.0,427098.0,0,False,1.5750299709704707
CAGL0B00968g,ChrB,contig_26,425001,425500,1.5777403546927036,duplication,424234.0,425472.0,0,False,1.5777403546927036
CAGL0B00990g,ChrB,contig_26,422001,423500,"1.587245261992589, 1.6310012512617882",duplication,420835.0,424311.0,0,False,1.6091232566271887
CAGL0B01012g,ChrB,contig_26,417501,418500,"1.609411002844275, 1.651013536553344",duplication,416889.0,419600.0,0,False,1.6302122696988095
CAGL0B01078g,ChrB,contig_26,412001,413500,"1.5563728775400314, 1.5844791854541458, 1.6470593466024148",duplication,411655.0,413883.0,0,False,1.5959704698655308
CAGL0B01100g,ChrB,contig_26,410501,411500,"1.5004572900649242, 1.622814407278879",duplication,410257.0,411703.0,0,False,1.5616358486719015
CAGL0B01122g,ChrB,contig_26,409001,410500,"1.5780930758620353, 1.681960178094182, 1.6937670551307584",duplication,408020.0,410552.0,0,False,1.651273436362325
CAGL0B01144g,ChrB,contig_26,406501,409500,"1.5074188920912075, 1.6086313034173314, 1.681960178094182, 1.6847819474488357",duplication,406727.0,409717.0,0,False,1.6206980802628892
CAGL0B01166g,ChrB,contig_26,406501,407000,1.5074188920912075,duplication,403934.0,406992.0,0,False,1.5074188920912075
CAGL0B01188g,ChrB,contig_26,402001,403500,"1.5117443674835382, 1.5751970494191014, 1.5785200541196474",duplication,401812.0,404244.0,0,False,1.5551538236740958
CAGL0B01203g,ChrB,contig_26,400001,401500,"1.5092938835702865, 1.5192072048557137, 1.526317321058558",duplication,400111.0,401320.0,0,False,1.5182728031615194
CAGL0B01232g,ChrB,contig_26,396501,398000,"1.6371831538611277, 1.7517432768056456, 1.8885619619622",duplication,396630.0,398039.0,0,False,1.7591627975429909
CAGL0B01243g,ChrB,contig_26,397001,397500,1.8885619619622,duplication,396928.0,397354.0,0,False,1.8885619619622
CAGL0B01265g,ChrB,contig_26,396001,396500,1.543749172532371,duplication,395911.0,396471.0,0,False,1.543749172532371
CAGL0B01287g,ChrB,contig_26,394001,397000,"1.5346526792180275, 1.543749172532371, 1.5506922102865843, 1.5888417893906166, 1.7517432768056456",duplication,391525.0,396904.0,0,False,1.593935825646649
CAGL0B01331g,ChrB,contig_26,390001,390500,1.6429937710190656,duplication,389443.0,390895.0,0,False,1.6429937710190656
CAGL0B01353g,ChrB,contig_26,387501,390500,"1.5789284681051894, 1.609652338381186, 1.6429937710190656, 1.6504937369353814",duplication,387280.0,390895.0,0,False,1.6205170786102054
CAGL0B01375g,ChrB,contig_26,383501,386500,"1.501274118036008, 1.5570783198786948, 1.5817131089157026, 1.607684525541757",duplication,383267.0,387081.0,0,False,1.5619375180930406
CAGL0B01397g,ChrB,contig_26,381001,383000,"1.6693550373585917, 1.6910937999526654, 1.6922447848210111, 1.7200911929261444",duplication,381200.0,382978.0,0,False,1.6931962037646031
CAGL0B01419g,ChrB,contig_26,380501,381000,1.579466831995222,duplication,380373.0,381132.0,0,False,1.579466831995222
CAGL0B01441g,ChrB,contig_26,378501,380000,"1.6699490940648345, 1.7188659509695183, 1.8565014640971564",duplication,378573.0,380120.0,0,False,1.7484388363771697
CAGL0B01463g,ChrB,contig_26,377501,378500,"1.5330190232758596, 1.690982414320245",duplication,377489.0,378453.0,0,False,1.6120007187980523
CAGL0B01507g,ChrB,contig_26,373501,375000,"1.5199497757385172, 1.563241658205964",duplication,373358.0,374953.0,0,False,1.5415957169722407
CAGL0B01573g,ChrB,contig_26,365501,366000,1.5247393579326,duplication,364503.0,366373.0,0,False,1.5247393579326
CAGL0B01881g,ChrB,contig_26,335001,336500,"1.5226230309166102, 1.5478147481157205, 1.6342499988740538",duplication,335007.0,337910.0,0,False,1.568229259302128
CAGL0B02013g,ChrB,contig_26,320501,321000,1.5039659374861707,duplication,319816.0,326180.0,0,False,1.5039659374861707
CAGL0B02035g,ChrB,contig_26,320501,321000,1.5039659374861707,duplication,320223.0,322385.0,0,False,1.5039659374861707
CAGL0B02057g,ChrB,contig_26,319001,319500,1.56238770169074,duplication,319013.0,320150.0,0,False,1.56238770169074
CAGL0B02079g,ChrB,contig_26,317501,318000,1.5196156188412555,duplication,316453.0,318535.0,0,False,1.5196156188412555
CAGL0B02101g,ChrB,contig_26,314501,315500,"1.514250544213, 1.5423382878550445",duplication,314183.0,315938.0,0,False,1.5282944160340222
CAGL0B02123g,ChrB,contig_26,312501,313000,1.5105376897989822,duplication,312563.0,314618.0,0,False,1.5105376897989822
CAGL0B02145g,ChrB,contig_26,310001,311000,"1.509869376004459, 1.5807292024959878",duplication,309321.0,311693.0,0,False,1.5452992892502233
CAGL0B02167g,ChrB,contig_26,308501,309000,1.559361725343316,duplication,308020.0,309013.0,0,False,1.559361725343316
CAGL0B02211g,ChrB,contig_26,297501,298000,1.598309568146362,duplication,297243.0,304489.0,0,False,1.598309568146362
CAGL0B02277g,ChrB,contig_26,293001,294000,"1.5125983239987622, 1.53513535029185",duplication,293163.0,294268.0,0,False,1.5238668371453061
CAGL0B02299g,ChrB,contig_26,290501,291000,1.5652280353174637,duplication,290371.0,293013.0,0,False,1.5652280353174637
CAGL0B02321g,ChrB,contig_26,288001,288500,1.5476847982112298,duplication,288195.0,290293.0,0,False,1.5476847982112298
CAGL0B02343g,ChrB,contig_26,286501,287000,1.5774990191557925,duplication,286293.0,288092.0,0,False,1.5774990191557925
CAGL0B02365g,ChrB,contig_26,284001,284500,1.5494484040578882,duplication,282262.0,285577.0,0,False,1.5494484040578882
CAGL0B02387g,ChrB,contig_26,280501,282000,"1.5858715058594026, 1.7507408061138607, 1.7595031425309426",duplication,280513.0,282132.0,0,False,1.698705151501402
CAGL0B02409g,ChrB,contig_26,278001,280500,"1.5216205602248254, 1.547313512769828, 1.7746701528122053",duplication,278202.0,280262.0,0,False,1.6145347419356195
CAGL0B02431g,ChrB,contig_26,276001,279000,"1.547313512769828, 1.5625733444114411, 1.6510877936416242, 1.733624547265239, 1.7746701528122053",duplication,274875.0,278873.0,0,False,1.6538538701800676
CAGL0B02453g,ChrB,contig_26,274501,276500,"1.733624547265239, 1.750183877951758",duplication,274711.0,276539.0,0,False,1.7419042126084985
CAGL0B02475g,ChrB,contig_26,272001,274000,"1.5693864322611637, 1.6006857949713331, 1.667090196166041",duplication,272031.0,274202.0,0,False,1.6123874744661792
CAGL0B02497g,ChrB,contig_26,270501,272000,"1.733661675809379, 1.7504437777607391, 1.835802300739008",duplication,270017.0,271763.0,0,False,1.7733025847697086
CAGL0B02519g,ChrB,contig_26,268501,270000,"1.5584892045560217, 1.677783216878412, 1.6795653869971403",duplication,268611.0,269813.0,0,False,1.6386126028105246
CAGL0B02541g,ChrB,contig_26,266501,267000,1.585574477506281,duplication,266396.0,268645.0,0,False,1.585574477506281
CAGL0B02563g,ChrB,contig_26,264001,265500,"1.574435914264228, 1.6069419546589534, 1.702919241261312",duplication,263900.0,265663.0,0,False,1.6280990367281643
CAGL0B02585g,ChrB,contig_26,262501,263500,"1.5417256668767314, 1.585555913234211",duplication,262129.0,263483.0,0,False,1.5636407900554712
CAGL0B02607g,ChrB,contig_26,259501,260500,"1.5306242321788184, 1.5609768170134133",duplication,259710.0,262089.0,0,False,1.5458005245961157
CAGL0B02629g,ChrB,contig_26,259001,259500,1.5971957118221567,duplication,256624.0,259643.0,0,False,1.5971957118221567
CAGL0B02651g,ChrB,contig_26,255501,256000,1.6127897003610312,duplication,255328.0,256753.0,0,False,1.6127897003610312
CAGL0B02673g,ChrB,contig_26,255501,256000,1.6127897003610312,duplication,253234.0,256572.0,0,False,1.6127897003610312
CAGL0B02717g,ChrB,contig_26,249501,251000,"1.539516518500391, 1.5725794870572187, 1.581750237459843",duplication,249343.0,251742.0,0,False,1.5646154143391506
CAGL0B02739g,ChrB,contig_26,246001,249500,"1.5046899440969044, 1.5350982217477098",duplication,245533.0,249292.0,0,False,1.519894082922307
CAGL0B02755g,ChrB,contig_26,245001,245500,1.5541080363474806,duplication,244513.0,245313.0,0,False,1.5541080363474806
CAGL0B02772g,ChrB,contig_26,241001,241500,1.5066206283921937,duplication,241203.0,242501.0,0,False,1.5066206283921937
CAGL0B02838g,ChrB,contig_26,233001,234500,"1.5147889081030326, 1.5248507435650207, 1.584924727983828",duplication,232934.0,235588.0,0,False,1.5415214598839604
CAGL0B02860g,ChrB,contig_26,231501,232000,1.5802650956942357,duplication,231207.0,232275.0,0,False,1.5802650956942357
CAGL0B02904g,ChrB,contig_26,226501,228000,"1.528637855067319, 1.640598979922024, 1.6897757366356891",duplication,226166.0,228204.0,0,False,1.6196708572083443
CAGL0B02926g,ChrB,contig_26,223501,225000,"1.5137121803229674, 1.528712112155599",duplication,223343.0,225401.0,0,False,1.5212121462392831
CAGL0B02948g,ChrB,contig_26,221001,223000,"1.5124869383663415, 1.567492876510015, 1.6265086974208267, 1.6464838541682425",duplication,220293.0,222958.0,0,False,1.5882430916163564
CAGL0B02970g,ChrB,contig_26,217501,218000,1.5457169853718007,duplication,217053.0,218942.0,0,False,1.5457169853718007
CAGL0B02981g,ChrB,contig_26,214501,215500,"1.5646711071553612, 1.59793828270496",duplication,214136.0,215263.0,0,False,1.5813046949301606
CAGL0B03014g,ChrB,contig_26,213501,214000,1.5083842342388518,duplication,213171.0,213992.0,0,False,1.5083842342388518
CAGL0B03047g,ChrB,contig_26,210501,211000,1.563780022095997,duplication,209986.0,211783.0,0,False,1.563780022095997
CAGL0B03069g,ChrB,contig_26,208001,209000,"1.6077216540858967, 1.67115577174939",duplication,207313.0,208823.0,0,False,1.6394387129176433
CAGL0B03091g,ChrB,contig_26,205001,206000,"1.523681194424605, 1.6270284970387894",duplication,204803.0,207127.0,0,False,1.575354845731697
CAGL0B03113g,ChrB,contig_26,201501,204500,"1.503056288154737, 1.5227715450931707, 1.5254819288154038, 1.5327405591948082",duplication,201413.0,204467.0,0,False,1.52101258031453
CAGL0B03179g,ChrB,contig_26,200001,200500,1.5890459963833876,duplication,197513.0,200472.0,0,False,1.5890459963833876
CAGL0B03201g,ChrB,contig_26,196001,196500,1.515123065000294,duplication,195903.0,197094.0,0,False,1.515123065000294
CAGL0B03245g,ChrB,contig_26,192501,193500,"1.524925000653301, 1.5562429276355407",duplication,191742.0,194711.0,0,False,1.540583964144421
CAGL0B03267g,ChrB,contig_26,191001,191500,1.5822886013498754,duplication,191140.0,192622.0,0,False,1.5822886013498754
CAGL0B03289g,ChrB,contig_26,191001,191500,1.5822886013498754,duplication,188260.0,191404.0,0,False,1.5822886013498754
CAGL0B03311g,ChrB,contig_26,186501,187500,"1.6024679650900615, 1.6247450915741684",duplication,185251.0,187778.0,0,False,1.6136065283321148
CAGL0B03333g,ChrB,contig_26,184001,184500,1.5954692345196384,duplication,184033.0,185475.0,0,False,1.5954692345196384
CAGL0B03377g,ChrB,contig_26,180001,180500,1.5848504708955475,duplication,179965.0,182733.0,0,False,1.5848504708955475
CAGL0B03399g,ChrB,contig_26,176001,178000,"1.5069547852894551, 1.5279509770007256",duplication,174201.0,179653.0,0,False,1.5174528811450902
CAGL0B03421g,ChrB,contig_26,170001,174000,"1.5085513126874828, 1.540816017545297",duplication,168592.0,174222.0,0,False,1.52468366511639
CAGL0B03443g,ChrB,contig_26,168001,168500,1.6025979149945524,duplication,166525.0,168609.0,0,False,1.6025979149945524
CAGL0B03465g,ChrB,contig_26,165501,166000,1.626360183244266,duplication,165126.0,166420.0,0,False,1.626360183244266
CAGL0B03487g,ChrB,contig_26,162001,164500,"1.500624368513555, 1.524516586667759, 1.6174307683785534, 1.6552276263132542, 1.745338602941465",duplication,161620.0,165036.0,0,False,1.6086275905629173
CAGL0B03509g,ChrB,contig_26,157501,160500,"1.5196156188412555, 1.565525063670585, 1.6604813153090892, 1.728240908364913, 1.9012413597860705",duplication,157443.0,160583.0,0,False,1.6750208531943827
CAGL0B03531g,ChrB,contig_26,156501,157500,"1.549986767947921, 1.727758237291091",duplication,156439.0,157371.0,0,False,1.638872502619506
CAGL0B03553g,ChrB,contig_26,152501,155500,"1.5564656989003818, 1.6078887325345277, 1.6238911350589442, 1.627399782480191, 1.6465395469844526",duplication,152730.0,155853.0,0,False,1.6124369791916995
CAGL0B03575g,ChrB,contig_26,151501,152500,"1.5852960134252296, 1.6938413122190388",duplication,151373.0,152718.0,0,False,1.6395686628221342
CAGL0B03597g,ChrB,contig_26,149501,151000,"1.7213906919710504, 1.803927445594665, 1.844527508611949",duplication,149550.0,151172.0,0,False,1.7899485487258884
CAGL0B03608g,ChrB,contig_26,149001,149500,1.8261860078067007,duplication,148990.0,149443.0,0,False,1.8261860078067007
CAGL0B03619g,ChrB,contig_26,146501,149000,"1.549392711241678, 1.6793611800043695, 1.7512234771876831, 1.7728322898772664, 1.783840903214829",duplication,146746.0,148951.0,0,False,1.7073301123051654
CAGL0B03641g,ChrB,contig_26,143001,146500,"1.6047328062826125, 1.6551162406808335, 1.660871165022561, 1.7163040814238462, 1.74220124096162, 1.786978265194674, 1.915294513743128",duplication,143178.0,146596.0,0,False,1.7259283304727535
CAGL0B03663g,ChrB,contig_26,140501,143000,"1.7766008371074944, 1.986302854411217, 2.0008386794420963, 2.0237098626324457, 2.048196137492893",duplication,140518.0,142931.0,0,False,1.967129674217229
CAGL0B03685g,ChrB,contig_26,139501,140500,"1.7882035071512998, 1.9071633625764288",duplication,138841.0,140409.0,0,False,1.8476834348638644
CAGL0B03707g,ChrB,contig_26,137001,139000,"1.7014526637677752, 1.7232471191780592, 1.7329005406545055, 1.828692184536164",duplication,137231.0,138834.0,0,False,1.746573127034126
CAGL0B03773g,ChrB,contig_26,134001,136500,"1.5980682326094509, 1.63978215195094, 1.729224814784628, 1.840740397109651, 1.9130853653667872",duplication,134242.0,136605.0,0,False,1.7441801923642912
CAGL0B03795g,ChrB,contig_26,132501,134000,"1.6290891312385691, 1.6438477275342898, 1.7508336274742111",duplication,132650.0,133972.0,0,False,1.6745901620823567
CAGL0B03817g,ChrB,contig_26,131001,132000,"1.703104883982013, 1.921699187607308",duplication,130980.0,132182.0,0,False,1.8124020357946606
CAGL0B03839g,ChrB,contig_26,128001,130000,"1.524516586667759, 1.5847576495351972, 1.7549734601458409, 1.8738404942106195",duplication,128029.0,130388.0,0,False,1.6845220476398541
CAGL0B03861g,ChrB,contig_26,126501,129500,"1.524516586667759, 1.5847576495351972, 1.6297574450330925, 1.7870525222829543, 1.8411859396393333, 1.8738404942106195",duplication,126638.0,129499.0,0,False,1.7068517728948258
CAGL0B03883g,ChrB,contig_26,125501,126500,"1.5422269022226238, 1.5877650616105516",duplication,125439.0,126669.0,0,False,1.5649959819165877
CAGL0B03899g,ChrB,contig_26,125001,125500,1.6285507673485364,duplication,125192.0,125526.0,0,False,1.6285507673485364
CAGL0B03905g,ChrB,contig_26,123501,125000,"1.5509706743676357, 1.7811676480367362, 1.795777730155896",duplication,123410.0,125032.0,0,False,1.7093053508534226
CAGL0B03927g,ChrB,contig_26,123001,123500,1.5355994570936022,duplication,122586.0,123352.0,0,False,1.5355994570936022
CAGL0B03949g,ChrB,contig_26,120501,122500,"1.5024065386322836, 1.5736747791093542, 1.6124369791916997, 1.659980079963197",duplication,119940.0,123173.0,0,False,1.5871245942241337
CAGL0B03971g,ChrB,contig_26,118001,119500,"1.6646025837086489, 1.7923433398229298, 1.808178663898716",duplication,117792.0,119540.0,0,False,1.7550415291434316
CAGL0B03993g,ChrB,contig_26,115001,116500,"1.6225359431978277, 1.6547449552394318, 1.762250654797316",duplication,114982.0,117097.0,0,False,1.679843851078192
CAGL0B04015g,ChrB,contig_26,113001,114500,"1.6233713354409818, 1.7040145333134475, 1.776062473217462",duplication,112992.0,114706.0,0,False,1.7011494473239637
CAGL0B04037g,ChrB,contig_26,112001,113000,"1.5530684371115555, 1.6556917331150065",duplication,111962.0,112942.0,0,False,1.604380085113281
CAGL0B04059g,ChrB,contig_26,110501,112000,"1.6063478979527104, 1.6333589138146891, 1.6386682956267349",duplication,110632.0,111866.0,0,False,1.6261250357980448
CAGL0B04103g,ChrB,contig_26,108001,110500,"1.6178763109082357, 1.693711362314548, 1.7331233119193463, 1.7513534270921738, 1.7768978654606158",duplication,108160.0,110479.0,0,False,1.714592455538984
CAGL0B04125g,ChrB,contig_26,107501,109500,"1.693711362314548, 1.7331233119193463, 1.7768978654606158, 1.77984958471976",duplication,107563.0,109552.0,0,False,1.7458955311035675
CAGL0B04147g,ChrB,contig_26,106001,107500,"1.527022763397221, 1.5510078029117758, 1.673402048669871",duplication,105172.0,107507.0,0,False,1.5838108716596226
CAGL0B04169g,ChrB,contig_26,100501,105000,"1.506082264502161, 1.5331861017244903, 1.5335945157100326, 1.5411501744425586, 1.6796953369016312, 1.7428138619399327",duplication,100505.0,105789.0,0,False,1.5894203758701344
CAGL0B04191g,ChrB,contig_26,100501,102000,"1.506082264502161, 1.6796953369016312",duplication,100446.0,101782.0,0,False,1.5928888007018962
CAGL0B04213g,ChrB,contig_26,95501,98000,"1.509906504548599, 1.568978018275622, 1.6054011200771356, 1.6656793114887138, 1.735703745737089",duplication,95014.0,97989.0,0,False,1.617133740025432
CAGL0B04235g,ChrB,contig_26,93001,94500,"1.5061936501345816, 1.5760510059343256",duplication,93130.0,94833.0,0,False,1.5411223280344535
CAGL0B04279g,ChrB,contig_26,89501,91500,"1.6099122381901674, 1.6382227530970528, 1.6826284918887051, 1.7866998011136226",duplication,89596.0,91646.0,0,False,1.6793658210723867
CAGL0B04301g,ChrB,contig_26,88001,89500,"1.591830637193901, 1.7831168966040956, 1.7902455770790098",duplication,87957.0,89669.0,0,False,1.7217310369590022
CAGL0B04323g,ChrB,contig_26,86001,87500,"1.6079815538948783, 1.6122142079268584, 1.714002111687155",duplication,86210.0,87502.0,0,False,1.644732624502964
CAGL0B04345g,ChrB,contig_26,84501,86000,"1.5741017573669662, 1.6099864952784475, 1.628235174723345",duplication,84490.0,85819.0,0,False,1.6041078091229197
CAGL0B04367g,ChrB,contig_26,83001,84500,"1.5754940777722228, 1.5797452960762732, 1.6103577807198497",duplication,83185.0,84503.0,0,False,1.588532384856115
CAGL0B04389g,ChrB,contig_26,79501,83000,"1.5003087758883633, 1.538291276543765, 1.571558452093364, 1.650363787030891",duplication,78819.0,83142.0,0,False,1.5651305728890959
CAGL0B04433g,ChrB,contig_26,76001,77500,"1.5218618957617362, 1.5321279382164956, 1.534764064850448",duplication,75829.0,78078.0,0,False,1.5295846329428933
CAGL0B04455g,ChrB,contig_26,72501,74500,"1.5373816272123304, 1.5649310069643425, 1.6224431218374773",duplication,72733.0,75219.0,0,False,1.57491858533805
CAGL0B04477g,ChrB,contig_26,71501,73000,"1.5239596585056563, 1.5649310069643425, 1.7040330975855174",duplication,71696.0,72982.0,0,False,1.5976412543518386
CAGL0B04499g,ChrB,contig_26,69501,71500,"1.535785099814303, 1.570314645864668, 1.655004855048413, 1.751798969621856",duplication,69609.0,71647.0,0,False,1.6282258925873099
CAGL0B04521g,ChrB,contig_26,69501,71500,"1.535785099814303, 1.570314645864668, 1.655004855048413, 1.751798969621856",duplication,69334.0,71262.0,0,False,1.6282258925873099
CAGL0B04543g,ChrB,contig_26,66501,69000,"1.541558588428101, 1.554832042958214, 1.6084456606966304, 1.6444232199684623, 1.7759882161291816",duplication,66692.0,68954.0,0,False,1.6250495456361178
CAGL0B04565g,ChrB,contig_26,65501,67500,"1.5218990243058768, 1.554832042958214, 1.5743430929038775, 1.6444232199684623",duplication,65749.0,67307.0,0,False,1.5738743450341075
CAGL0B04587g,ChrB,contig_26,64001,65500,"1.5665832271785802, 1.6371645895890576, 1.6532041206576145",duplication,64129.0,65268.0,0,False,1.6189839791417509
CAGL0B04609g,ChrB,contig_26,64001,65500,"1.5665832271785802, 1.6371645895890576, 1.6532041206576145",duplication,62872.0,65640.0,0,False,1.6189839791417509
CAGL0B04631g,ChrB,contig_26,60001,63000,"1.515698557434467, 1.5867811551908366",duplication,59239.0,63297.0,0,False,1.5512398563126517
CAGL0B04675g,ChrB,contig_26,57501,58000,1.5425424948478152,duplication,57419.0,58864.0,0,False,1.5425424948478152
CAGL0B04697g,ChrB,contig_26,56001,56500,1.5844791854541458,duplication,56169.0,57034.0,0,False,1.5844791854541458
CAGL0B04719g,ChrB,contig_26,55001,56000,"1.5406675033687365, 1.7904126555276405",duplication,54857.0,55989.0,0,False,1.6655400794481885
CAGL0B04763g,ChrB,contig_26,52001,52500,1.5710943452916115,duplication,51849.0,52905.0,0,False,1.5710943452916115
CAGL0B04785g,ChrB,contig_26,50001,51000,"1.5383840979041152, 1.6565642539023004",duplication,49817.0,50929.0,0,False,1.5974741759032078
CAGL0B04807g,ChrB,contig_26,48501,49500,"1.523476987431834, 1.5424125449433246",duplication,47996.0,49749.0,0,False,1.5329447661875792
CAGL0B04829g,ChrB,contig_26,47001,47500,1.6717498284556331,duplication,46797.0,47559.0,0,False,1.6717498284556331
CAGL0B04851g,ChrB,contig_26,41001,47000,"1.530085868288786, 1.5651909067733236, 1.574510171352508, 1.5942439925630123, 1.6074988828210557",duplication,41235.0,47057.0,0,False,1.5743059643597372
CAGL0B04873g,ChrB,contig_26,40001,41500,"1.5139720801319487, 1.5942439925630123",duplication,40021.0,41568.0,0,False,1.5541080363474804
CAGL0B04895g,ChrB,contig_26,37001,39500,"1.506732014024614, 1.5076416633560483",duplication,32670.0,39562.0,0,False,1.5071868386903313
CAGL0B04939g,ChrB,contig_26,28501,30000,"1.513192380705005, 1.5232913447111334",duplication,27499.0,30857.0,0,False,1.5182418627080692
CAGL0B04961g,ChrB,contig_26,25501,27500,"1.5235698087921845, 1.5352281716522005, 1.591737815833551",duplication,25267.0,27319.0,0,False,1.550178598759312
CAGL0B04983g,ChrB,contig_26,25501,26000,1.5235698087921845,duplication,25553.0,26023.0,0,False,1.5235698087921845
CAGL0B05049g,ChrB,contig_26,19001,19500,1.541799923965012,duplication,18217.0,23129.0,0,False,1.541799923965012
CAGL0B05061g,ChrB,contig_26,5501,12000,"1.5710386524754014, 1.6147760774725308, 1.6442561415198316, 1.6885876232232035, 1.701601177944336, 1.8379186277549973, 1.921086566628996, 1.92832663273633, 1.9636730067577788, 1.979434073745284, 2.0093782445943376, 2.0162655895323405",duplication,5296.0,11991.0,0,False,1.8230285345321142
CAGL0G04873g,ChrG,contig_19,527001,527500,1.515308707720995,duplication,526815.0,531133.0,0,False,1.515308707720995
CAGL0G04895g,ChrG,contig_19,525501,526000,1.5897143101779108,duplication,524779.0,525829.0,0,False,1.5897143101779108
CAGL0G05093g,ChrG,contig_19,511501,512500,"1.5087183911361135, 1.533965801151434",duplication,510014.0,512640.0,0,False,1.5213420961437738
CAGL0G05313g,ChrG,contig_19,497501,498000,1.5216762530410357,duplication,496600.0,498885.0,0,False,1.5216762530410357
CAGL0G05423g,ChrG,contig_19,484001,484500,1.5295475043987532,duplication,482805.0,484921.0,0,False,1.5295475043987532
CAGL0G05588g,ChrG,contig_19,464001,464500,1.568179754576608,duplication,461845.0,465441.0,0,False,1.568179754576608
CAGL0G05610g,ChrG,contig_19,461001,461500,1.5463667348942536,duplication,460973.0,461645.0,0,False,1.5463667348942536
CAGL0G05632g,ChrG,contig_19,458001,458500,1.5739161146462652,duplication,457439.0,458735.0,0,False,1.5739161146462652
CAGL0G05830g,ChrG,contig_19,431001,433500,"1.5459026280925012, 1.5481489050129822, 1.54980112522722, 1.624466627493117",duplication,430513.0,434010.0,0,False,1.5670798214564552
CAGL0G05852g,ChrG,contig_19,431001,431500,1.5481489050129822,duplication,428896.0,431318.0,0,False,1.5481489050129822
CAGL0G05940g,ChrG,contig_19,422501,424500,"1.5249621291974411, 1.561663695080007",duplication,422194.0,426370.0,0,False,1.543312912138724
CAGL0G05984g,ChrG,contig_19,418001,418500,1.5423939806712543,duplication,417825.0,419084.0,0,False,1.5423939806712543
CAGL0G06006g,ChrG,contig_19,416501,417500,"1.5620906733376188, 1.672362449433946",duplication,416351.0,417251.0,0,False,1.6172265613857824
CAGL0G06028g,ChrG,contig_19,415501,417000,"1.5011812966756577, 1.506694885480474, 1.672362449433946",duplication,414556.0,417147.0,0,False,1.560079543863359
CAGL0G06050g,ChrG,contig_19,413501,414000,1.5301044325608557,duplication,413558.0,414916.0,0,False,1.5301044325608557
CAGL0G06072g,ChrG,contig_19,412501,414000,"1.5301044325608557, 1.585908634403543, 1.639299480877118",duplication,412052.0,414510.0,0,False,1.5851041826138388
CAGL0G06138g,ChrG,contig_19,409001,410000,"1.5330932803641402, 1.60419444239258",duplication,407732.0,410491.0,0,False,1.56864386137836
CAGL0G06182g,ChrG,contig_19,405501,406000,1.5517689380666495,duplication,404183.0,407902.0,0,False,1.5517689380666495
CAGL0G06248g,ChrG,contig_19,398501,399000,1.542969473105427,duplication,397861.0,399230.0,0,False,1.542969473105427
CAGL0G06380g,ChrG,contig_19,378001,380000,"1.566750305627211, 1.582399986982296, 1.5936870644009098",duplication,378054.0,380435.0,0,False,1.5809457856701388
CAGL0G06402g,ChrG,contig_19,376001,376500,1.5346341149459577,duplication,374803.0,376985.0,0,False,1.5346341149459577
CAGL0G06622g,ChrG,contig_19,361501,362000,1.5371217274033493,duplication,361605.0,363955.0,0,False,1.5371217274033493
CAGL0G06644g,ChrG,contig_19,361001,361500,1.568439654385589,duplication,360921.0,361271.0,0,False,1.568439654385589
CAGL0G06666g,ChrG,contig_19,357501,360500,"1.526540092323399, 1.5365647992412466, 1.5575981194966575, 1.5840522071965335",duplication,355965.0,360512.0,0,False,1.551188804564459
CAGL0G06688g,ChrG,contig_19,353501,354500,"1.5390895402427789, 1.5494298397858182",duplication,352925.0,355748.0,0,False,1.5442596900142984
CAGL0G06732g,ChrG,contig_19,350501,352500,"1.5940397855702415, 1.614460484847339, 1.6362920688017637, 1.7180676872705043",duplication,349784.0,352725.0,0,False,1.640715006622462
CAGL0G06776g,ChrG,contig_19,347501,348000,1.5363605922484758,duplication,347263.0,348175.0,0,False,1.5363605922484758
CAGL0G06798g,ChrG,contig_19,346501,347000,1.5300487397446456,duplication,346113.0,347055.0,0,False,1.5300487397446456
CAGL0G06820g,ChrG,contig_19,346501,348000,"1.5300487397446456, 1.5363605922484758",duplication,345019.0,347819.0,0,False,1.5332046659965606
CAGL0G06842g,ChrG,contig_19,343501,344500,"1.5408531460894372, 1.7500167995031273",duplication,341565.0,344814.0,0,False,1.6454349727962823
CAGL0G06864g,ChrG,contig_19,340001,340500,1.5149559865516633,duplication,338275.0,340995.0,0,False,1.5149559865516633
CAGL0G06886g,ChrG,contig_19,336001,336500,1.5108532824241738,duplication,335597.0,338115.0,0,False,1.5108532824241738
CAGL0G06952g,ChrG,contig_19,329501,330000,1.547090741504987,duplication,329705.0,332067.0,0,False,1.547090741504987
CAGL0G06974g,ChrG,contig_19,329001,329500,1.5641141789932584,duplication,329006.0,329467.0,0,False,1.5641141789932584
